id,url,status,source,text_length,elapsed_seconds,error
32340,http://mashable.com/2014/09/08/safest-cabbies-nyc/,success,direct,2671,1.433,
10480,http://mashable.com/2013/07/25/3d-printed-rifle/,success,direct,1373,1.552,
15370,http://mashable.com/2013/10/30/digital-dinosaur-movements/,success,direct,213,1.436,
31592,http://mashable.com/2014/08/27/homer-simpson-ice-bucket/,success,direct,490,1.557,
198,http://mashable.com/2013/01/10/creepy-robotic-spider-dress/,success,direct,1718,1.486,
37834,http://mashable.com/2014/11/27/prank-cash-thanksgiving/,success,direct,306,1.364,
624,http://mashable.com/2013/01/17/pokki-windows-8-2/,success,direct,1371,1.407,
22135,http://mashable.com/2014/03/20/emma-stone-spice-girls/,success,direct,741,1.414,
29798,http://mashable.com/2014/07/28/three-out-of-print-j-d-salinger-stories-republished/,success,direct,2947,1.426,
32896,http://mashable.com/2014/09/16/robot-cheetah-freed/,success,direct,1239,1.431,
2300,http://mashable.com/2013/02/14/tesla-vs-nyt/,success,direct,3857,1.616,
30178,http://mashable.com/2014/08/03/wrestlemania-30/,success,direct,948,1.574,
2645,http://mashable.com/2013/02/21/michael-jackson-legos/,success,direct,589,1.53,
23144,http://mashable.com/2014/04/08/childrens-book-morals-adulthood/,success,direct,445,1.426,
1395,http://mashable.com/2013/01/30/rim-renames-itself-blackberry/,success,direct,437,1.403,
8445,http://mashable.com/2013/06/14/sonic-fabric-tapes/,success,direct,1934,1.553,
3530,http://mashable.com/2013/03/09/you-will-be-googled/,success,direct,4824,1.511,
8059,http://mashable.com/2013/06/07/samsung-galaxy-s4-investors/,success,direct,1424,1.445,
20432,http://mashable.com/2014/02/13/vine-challenge-grayscale/,success,direct,535,1.547,
15825,http://mashable.com/2013/11/08/banana-republic-twitter-ipo/,success,direct,1120,1.344,
34274,http://mashable.com/2014/10/08/gay-marriage-nevada-idaho-temporary-block/,success,direct,2630,1.549,
26753,http://mashable.com/2014/06/10/video-games-ruin-friendships/,success,direct,737,1.543,
853,http://mashable.com/2013/01/22/mega-complete-guide/,success,direct,7664,1.556,
29269,http://mashable.com/2014/07/20/apollo-11-45th-anniversary/,success,direct,2239,1.442,
28852,http://mashable.com/2014/07/14/ebola-west-africa-deaths/,success,direct,5839,1.554,
9918,http://mashable.com/2013/07/15/classy-goat-video/,success,direct,541,1.554,
11011,http://mashable.com/2013/08/05/samsung-note-event/,success,direct,2179,1.476,
1673,http://mashable.com/2013/02/05/aaron-swartz-girlfriend-why-he-died/,success,direct,3664,1.508,
13059,http://mashable.com/2013/09/16/ipad-tech-disaster/,success,direct,8373,1.5,
8191,http://mashable.com/2013/06/10/tim-berners-lee-nsa-surveillance/,success,direct,1350,1.389,
32807,http://mashable.com/2014/09/15/hurricane-odile-cabo-social-media/,success,direct,3335,1.45,
37209,http://mashable.com/2014/11/18/powerlace/,success,direct,1246,1.979,
32692,http://mashable.com/2014/09/12/u2-album-itunes-chart-apple-release/,success,direct,2502,1.941,
29901,http://mashable.com/2014/07/30/cw-is-going-to-give-awards-to-dogs-and-were-probably-going-to-cry/,success,direct,1139,1.519,
9845,http://mashable.com/2013/07/12/serval-project/,success,direct,2637,1.467,
4504,http://mashable.com/2013/03/28/bioshock-audio-diary/,success,direct,1099,1.548,
29044,http://mashable.com/2014/07/16/inspirational-post-it-notes/,success,direct,700,1.462,
6056,http://mashable.com/2013/04/28/white-house-correspondents-dinner-highlights/,failed,failed,0,63.502,"direct=text_too_short:192; wayback=HTTPSConnectionPool(host='web.archive.org', port=443): Max retries exceeded with url: /cdx/search/cdx?url=http%3A%2F%2Fmashable.com%2F2013%2F04%2F28%2Fwhite-house-correspondents-dinner-highlights%2F&output=json&filter=mimetype%3Atext%2Fhtml&collapse=digest&limit=1&fl=timestamp%2Coriginal%2Cstatuscode (Caused by ConnectTimeoutError(<HTTPSConnection(host='web.archive.org', port=443) at 0x14881d3f0>, 'Connection to web.archive.org timed out. (connect timeout=20)'))"
32776,http://mashable.com/2014/09/15/bryan-fuller-high-moon-clip/,success,direct,864,1.132,
962,http://mashable.com/2013/01/23/tennis-technology-infographic/,success,direct,1159,1.445,
926,http://mashable.com/2013/01/23/infrascanner-detects-brain-trauma/,success,direct,1504,1.547,
31879,http://mashable.com/2014/09/01/school-supplies-ranking/,success,direct,580,1.448,
9778,http://mashable.com/2013/07/11/people-at-the-mall/,success,direct,4141,1.757,
27329,http://mashable.com/2014/06/19/endangered-fish-grand-canyon/,success,direct,2298,1.477,
30713,http://mashable.com/2014/08/12/manchester-united-ipad-ban/,success,direct,2306,1.513,
14737,http://mashable.com/2013/10/17/spotify-beginners-guide/,success,direct,7913,1.521,
1962,http://mashable.com/2013/02/09/kids-coding/,success,direct,1494,1.479,
16303,http://mashable.com/2013/11/19/backstreet-boys-music-video/,success,direct,1536,1.542,
16046,http://mashable.com/2013/11/13/google-india-ad-reunion/,success,direct,1054,1.735,
37588,http://mashable.com/2014/11/24/darren-wilson-charges-michael-brown-ferguson/,success,direct,7419,1.57,
1291,http://mashable.com/2013/01/29/menswear-dog/,success,direct,752,1.543,
37362,http://mashable.com/2014/11/20/frozen-coding/,success,direct,1119,1.55,
12804,http://mashable.com/2013/09/10/twitter-fights/,success,direct,449,1.445,
34125,http://mashable.com/2014/10/06/nba-tv-deal/,success,direct,1828,1.481,
32790,http://mashable.com/2014/09/15/earthquake-releases-groundwater-napa/,success,direct,2286,1.498,
25228,http://mashable.com/2014/05/14/samsung-gear-glass/,success,direct,1615,1.558,
12994,http://mashable.com/2013/09/14/microsoft-surface-ipad-trade/,success,direct,1932,1.502,
5853,http://mashable.com/2013/04/24/lulzsec-arrested-australia/,success,direct,1512,1.424,
7369,http://mashable.com/2013/05/24/apple-iwatch-2014/,success,direct,964,1.488,
32962,http://mashable.com/2014/09/17/neighborhood-watch-signs-vandalize/,success,direct,719,1.44,
2585,http://mashable.com/2013/02/20/twitter-advertising-api-available/,success,direct,752,1.375,
31649,http://mashable.com/2014/08/28/burning-man-death/,success,direct,2998,1.44,
29109,http://mashable.com/2014/07/17/gaza-cease-fire/,success,direct,2699,1.452,
27576,http://mashable.com/2014/06/23/pearl-jam-let-it-go-cover-frozen-disney/,success,direct,1369,1.393,
25786,http://mashable.com/2014/05/24/santa-barbara-manifesto/,success,direct,9149,1.485,
4775,http://mashable.com/2013/04/02/stray-books-comic/,success,direct,458,1.391,
38396,http://mashable.com/2014/12/07/guantanamo-bay-prisoners-uruguay/,success,direct,4884,1.718,
19620,http://mashable.com/2014/01/30/facebooks-paper-doesnt-scare-other-newsreaders/,success,direct,3574,1.442,
34946,http://mashable.com/2014/10/17/bread-simulator-game/,success,direct,1079,1.51,
26109,http://mashable.com/2014/05/30/microsoft-surface-pro-3-review/,success,direct,10613,1.395,
6340,http://mashable.com/2013/05/03/samsung-galaxy-s4-apple-bashing/,success,direct,1222,1.637,
33476,http://mashable.com/2014/09/25/taylor-swift-no-its-becky/,success,direct,768,1.65,
33044,http://mashable.com/2014/09/18/procter-gamble-nfl-deal-breast-cancer/,success,direct,3205,1.43,
3418,http://mashable.com/2013/03/07/nyan-cat-mashable-sxsw/,success,direct,1691,1.56,
21513,http://mashable.com/2014/03/07/ibeacon-sxsw-2014/,success,direct,4506,1.553,
24549,http://mashable.com/2014/05/02/bill-gates-steve-ballmer-microsoft-shareholder/,success,direct,802,1.381,
37323,http://mashable.com/2014/11/19/uber-probing-josh-mohrer/,success,direct,2067,1.499,
22261,http://mashable.com/2014/03/22/olympus-om-d-e-m10-review/,success,direct,8327,1.529,
5001,http://mashable.com/2013/04/07/qr-code-tattoo-comic/,success,direct,483,1.563,
23873,http://mashable.com/2014/04/21/innovative-umbrellas/,success,direct,750,1.546,
31775,http://mashable.com/2014/08/29/sailing-rock-mystery/,success,direct,2044,1.469,
7481,http://mashable.com/2013/05/27/wearable-tech-startups/,success,direct,1673,1.527,
29272,http://mashable.com/2014/07/20/braff-del-toro-weird-al-reddit-ama/,success,direct,5193,1.559,
28443,http://mashable.com/2014/07/08/2-drone-pilots-arrested-new-york-police-helicopter/,success,direct,2107,1.409,
2265,http://mashable.com/2013/02/14/infinity-blade-free/,success,direct,722,1.476,
39257,http://mashable.com/2014/12/19/hyperloop-coming-in-decade/,success,direct,2645,1.454,
28565,http://mashable.com/2014/07/09/lebron-james-nba-free-agency/,success,direct,3101,1.513,
19234,http://mashable.com/2014/01/23/candy-game-jam-trademark/,success,direct,3315,1.559,
19452,http://mashable.com/2014/01/27/super-bowl-advertisers-google-autocomplete/,success,direct,1314,1.557,
35647,http://mashable.com/2014/10/28/bardabunga-volcano-iceland-still-erupting/,success,direct,4515,1.524,
1895,http://mashable.com/2013/02/08/aol-q4-earnings/,success,direct,1417,1.541,
33248,http://mashable.com/2014/09/22/the-need-for-a-better-future-is-what-drew-many-climate-march-participants/,success,direct,768,1.448,
19832,http://mashable.com/2014/02/03/winter-storm-super-bowl-travel/,success,direct,1844,1.542,
14100,http://mashable.com/2013/10/05/tim-cook-steve-jobs-death/,success,direct,2067,1.456,
2055,http://mashable.com/2013/02/11/pope-resigns-memes/,success,direct,1076,1.639,
9040,http://mashable.com/2013/06/26/windows-81-3d-printing/,success,direct,1072,1.541,
24949,http://mashable.com/2014/05/09/johnny-express/,success,direct,838,1.646,
19682,http://mashable.com/2014/01/31/gmail-slow/,success,direct,1723,1.517,
6747,http://mashable.com/2013/05/12/seth-meyers-replace-fallon/,success,direct,1772,1.669,
36344,http://mashable.com/2014/11/06/brussels-belgium-labor-protest/,success,direct,2951,1.439,
14045,http://mashable.com/2013/10/04/fingerprint-picture-unlock-iphone-5s/,success,direct,1813,1.449,
37319,http://mashable.com/2014/11/19/tim-ferriss/,success,direct,10277,1.375,
34942,http://mashable.com/2014/10/17/batman-75th-anniversary-gallery-mondo/,success,direct,790,1.488,
13438,http://mashable.com/2013/09/23/google-world-constitutions-website-constitute/,success,direct,2582,1.468,
30088,http://mashable.com/2014/08/01/fighting-returns-to-benghazi-and-tripoli/,success,direct,8683,1.547,
29702,http://mashable.com/2014/07/26/star-wars-rebels-preview-alls-right-with-the-galaxy/,success,direct,4382,1.518,
23796,http://mashable.com/2014/04/18/spider-man-real-web-shooter/,success,direct,1836,1.562,
10339,http://mashable.com/2013/07/22/yemeni-girl-marriage-youtube/,success,direct,2711,1.542,
39092,http://mashable.com/2014/12/17/cuba-travel/,success,direct,4789,1.529,
23819,http://mashable.com/2014/04/19/ukraine-deal-russia/,success,direct,2678,1.455,
18435,http://mashable.com/2014/01/06/walgreens-taskrabbit/,success,direct,1521,1.506,
34495,http://mashable.com/2014/10/10/mom-ebola-advice/,success,direct,9357,1.599,
36082,http://mashable.com/2014/11/03/creative-holiday-photos/,success,direct,421,2.047,
29900,http://mashable.com/2014/07/30/college-majors-millennials/,success,direct,1355,1.541,
8897,http://mashable.com/2013/06/24/summer-songs-2013/,success,direct,2168,1.396,
35932,http://mashable.com/2014/10/31/awesome-pumpkins/,success,direct,4846,1.492,
6689,http://mashable.com/2013/05/10/olympus-pen-ep5/,success,direct,2698,1.484,
22702,http://mashable.com/2014/03/31/rearview-cameras-required/,success,direct,1612,1.501,
13583,http://mashable.com/2013/09/25/instagram-ios-7/,success,direct,724,1.442,
39559,http://mashable.com/2014/12/25/eggnog-hospitalization/,success,direct,1407,1.058,
27891,http://mashable.com/2014/06/27/photoshop-express-wp/,success,direct,1516,1.5,
25320,http://mashable.com/2014/05/16/books-not-dystopian-ya-fiction/,success,direct,955,1.51,
32261,http://mashable.com/2014/09/07/jack-the-ripper-book/,success,direct,2359,1.493,
38909,http://mashable.com/2014/12/15/apple-holiday-ad-2014/,success,direct,1077,1.476,
2296,http://mashable.com/2013/02/14/subway-style-blogger-event/,success,direct,1701,1.591,
9992,http://mashable.com/2013/07/16/instagram-dancer/,success,direct,933,1.559,
23788,http://mashable.com/2014/04/18/republican-house-candidate-shoots-down-drone-in-campaign-ad/,success,direct,1320,1.422,
2825,http://mashable.com/2013/02/25/lg-acquires-webos-oscars/,success,direct,615,1.486,
22667,http://mashable.com/2014/03/31/gopro-kayaker-waterfall/,success,direct,642,1.494,
18665,http://mashable.com/2014/01/10/target-70-million-data-breach/,success,direct,4836,1.566,
21342,http://mashable.com/2014/03/04/google-maps-carplay/,success,direct,2759,1.54,
10026,http://mashable.com/2013/07/16/weird-summer-accessories/,success,direct,1693,1.563,
21752,http://mashable.com/2014/03/12/new-jersey-tesla-dealers/,success,direct,6081,1.531,
36630,http://mashable.com/2014/11/10/neil-degrasse-tyson-interstellar/,success,direct,1268,1.438,
1457,http://mashable.com/2013/01/31/one-you-choose-campaign/,success,direct,2582,1.509,
14673,http://mashable.com/2013/10/16/stephen-colbert-breaking-character/,success,direct,991,1.54,
16909,http://mashable.com/2013/12/02/these-shippers-dont-play-by-the-rules/,success,direct,601,1.663,
38665,http://mashable.com/2014/12/10/sports-twitter-most-popular/,success,direct,3417,1.559,
15171,http://mashable.com/2013/10/26/mr-peabody-and-sherman-trailer/,success,direct,925,1.536,
10861,http://mashable.com/2013/08/01/netflix-profiles/,success,direct,1016,1.541,
6735,http://mashable.com/2013/05/12/google-mothers-day-doodle/,success,direct,1233,1.437,
5525,http://mashable.com/2013/04/17/samsung-galaxy-s-4-u-s/,success,direct,899,1.443,
35637,http://mashable.com/2014/10/27/zte-us-plan/,success,direct,4365,1.442,
33813,http://mashable.com/2014/10/01/embarrassing-work-mistakes/,success,direct,539,1.438,
14660,http://mashable.com/2013/10/16/nomi-10-million/,success,direct,1809,1.45,
1566,http://mashable.com/2013/02/03/apps-hands-on/,success,direct,609,1.53,
7237,http://mashable.com/2013/05/22/cat-beards/,success,direct,1372,1.348,
26295,http://mashable.com/2014/06/03/inside-apple-healthkit/,success,direct,5433,1.473,
4040,http://mashable.com/2013/03/19/facebook-lookalike/,success,direct,2242,1.491,
21024,http://mashable.com/2014/02/25/record-breaking-rock-moon/,success,direct,2197,1.327,
19855,http://mashable.com/2014/02/04/facebook-early-employees/,success,direct,18651,1.459,
32268,http://mashable.com/2014/09/07/shameful-texting-habits/,success,direct,662,1.441,
24598,http://mashable.com/2014/05/02/twitter-mute-button/,success,direct,1771,1.348,
19812,http://mashable.com/2014/02/03/photogenic-rodents/,success,direct,433,1.375,
18106,http://mashable.com/2013/12/28/design-tips-productivity/,success,direct,5865,1.589,
8124,http://mashable.com/2013/06/09/yahoo-prism-denial/,success,direct,2992,1.553,
16817,http://mashable.com/2013/11/30/25-top-mashable-resources-of-the-week/,success,direct,5274,1.53,
30904,http://mashable.com/2014/08/15/expendables/,success,direct,1841,1.453,
1697,http://mashable.com/2013/02/05/facebook-ad-tracking-icon/,success,direct,937,1.624,
27893,http://mashable.com/2014/06/27/real-fx-is-a-racing-throwback-with-2st-century-smarts/,success,direct,3708,1.554,
34141,http://mashable.com/2014/10/06/square-6-billion/,success,direct,1259,1.396,
31444,http://mashable.com/2014/08/25/mtv-vmas-not-on-tv/,success,direct,4602,1.461,
740,http://mashable.com/2013/01/20/starbucks-verismo-snl/,success,direct,281,2.086,
27694,http://mashable.com/2014/06/25/appeals-court-gay-marriage/,success,direct,5257,1.417,
36826,http://mashable.com/2014/11/12/tickets-future-of-digital-sydney/,success,direct,1005,1.497,
29399,http://mashable.com/2014/07/22/guardians-of-the-galaxy-premiere-see-the-raccoon-miss-the-easter-egg/,success,direct,4365,1.555,
36820,http://mashable.com/2014/11/12/solar-cycle-lane-netherlands/,success,direct,1746,1.419,
33074,http://mashable.com/2014/09/19/billy-crystal-robin-williams-tonight-show/,success,direct,603,1.455,
7090,http://mashable.com/2013/05/19/solar-chaser-cat/,success,direct,656,1.53,
19780,http://mashable.com/2014/02/03/apple-mac-30th-video/,success,direct,911,1.486,
14867,http://mashable.com/2013/10/21/girls-twitter-influence/,success,direct,504,1.583,
27217,http://mashable.com/2014/06/17/youtubes-subscription-music-service/,success,direct,2792,1.368,
8844,http://mashable.com/2013/06/23/origami-stroller-2/,success,direct,1012,1.505,
15789,http://mashable.com/2013/11/07/pixel-photographs/,success,direct,1673,1.452,
13326,http://mashable.com/2013/09/20/facebook-mobile-strategy/,success,direct,8612,1.541,
27623,http://mashable.com/2014/06/24/global-warming-business-leaders/,success,direct,7741,1.542,
11206,http://mashable.com/2013/08/08/user-data/,success,direct,4642,1.512,
21720,http://mashable.com/2014/03/12/alert-shirt-electronic/,success,direct,1075,1.597,
23277,http://mashable.com/2014/04/09/ukraine-zoo-animals/,success,direct,4290,1.499,
29279,http://mashable.com/2014/07/20/homemade-body-scrubs/,success,direct,384,1.455,
29581,http://mashable.com/2014/07/24/michelle-phan-lawsuit/,success,direct,2710,1.506,
29814,http://mashable.com/2014/07/29/australia-cat-cafe/,success,direct,3522,1.553,
38378,http://mashable.com/2014/12/06/ski-snowboard-apps/,success,direct,580,1.459,
30584,http://mashable.com/2014/08/10/college-hacks-tips-tricks-dorm/,success,direct,808,2.645,
14474,http://mashable.com/2013/10/13/selling-on-craigslist-comic/,success,direct,712,1.565,
22816,http://mashable.com/2014/04/02/exxon-burn-oil-gas-reserves-climate/,success,direct,6941,1.457,
17979,http://mashable.com/2013/12/24/apple-patents-desk-free-computer/,success,direct,2208,1.159,
33617,http://mashable.com/2014/09/29/amanda-bynes-dui-arrest/,success,direct,1660,1.379,
14948,http://mashable.com/2013/10/22/instagram-coming-windows-phone/,success,direct,1315,1.439,
3979,http://mashable.com/2013/03/18/google-glass-backlash/,success,direct,5607,1.411,
31427,http://mashable.com/2014/08/25/game-of-thrones-tldw/,success,direct,589,1.718,
1796,http://mashable.com/2013/02/06/mothers-dying-wish-son-graduate/,success,direct,737,1.64,
6319,http://mashable.com/2013/05/03/google-glass-user-experience/,success,direct,924,1.538,
23263,http://mashable.com/2014/04/09/princess-lacey-holsworth-eulogy-msu/,success,direct,3875,1.511,
38630,http://mashable.com/2014/12/10/job-seekers-lacking-qualifications/,success,direct,5415,1.406,
24447,http://mashable.com/2014/04/30/nerdy-wedding-cakes/,success,direct,595,1.385,
31785,http://mashable.com/2014/08/29/uk-raises-terror-threat/,success,direct,4754,1.551,
25134,http://mashable.com/2014/05/13/louie-season-4-episode-3-4/,success,direct,4129,1.472,
550,http://mashable.com/2013/01/16/mcommerce-31-billion-2017-forrester/,success,direct,2191,1.425,
1736,http://mashable.com/2013/02/05/ribbon/,success,direct,3316,1.422,
35574,http://mashable.com/2014/10/27/harry-potter-hotel/,success,direct,1335,1.629,
2935,http://mashable.com/2013/02/26/working-devices-cardboard/,success,direct,1091,1.474,
5715,http://mashable.com/2013/04/22/funky-iphone-cases/,success,direct,548,1.46,
21273,http://mashable.com/2014/03/03/android-tablet-market/,success,direct,908,1.473,
24205,http://mashable.com/2014/04/26/man-alzheimers-speech-dog/,success,direct,1011,1.533,
9382,http://mashable.com/2013/07/03/social-media-day-a-global-celebration/,success,direct,2853,1.539,
21595,http://mashable.com/2014/03/09/priceless-surprises-mashable-house-brandspeak/,success,direct,1278,1.43,
5504,http://mashable.com/2013/04/17/guy-in-norelco-ad-id-faq-me/,success,direct,724,1.541,
36301,http://mashable.com/2014/11/05/oculus-rift-months-away/,success,direct,1521,1.452,
19224,http://mashable.com/2014/01/22/vine-funny-users/,success,direct,5091,1.529,
24615,http://mashable.com/2014/05/03/kentucky-derby-pictures/,success,direct,1466,1.49,
11547,http://mashable.com/2013/08/15/evernote-power-user/,success,direct,4891,1.486,
12728,http://mashable.com/2013/09/09/sony-playstation-vita-ps-vita-tv/,success,direct,1350,1.532,
734,http://mashable.com/2013/01/20/new-york-times-travel-show/,success,direct,1178,1.64,
17115,http://mashable.com/2013/12/06/facebook-sympathize-button/,success,direct,2534,1.44,
13695,http://mashable.com/2013/09/27/beats-htc-buyout/,success,direct,1469,1.44,
5053,http://mashable.com/2013/04/09/100-pound-chocolate-bar/,success,direct,666,1.538,
28096,http://mashable.com/2014/07/01/mick-jagger-monty-python/,success,direct,709,1.443,
14532,http://mashable.com/2013/10/14/t-mobile-bullpen-phone/,success,direct,2346,1.522,
15018,http://mashable.com/2013/10/23/google-banner-ads/,success,direct,1183,1.46,
17497,http://mashable.com/2013/12/13/inspiring-winter-olympics-hopeful/,success,direct,9026,1.583,
23976,http://mashable.com/2014/04/22/website-disability-friendly/,success,direct,7123,1.607,
7947,http://mashable.com/2013/06/05/what-you-know-kickstarter-is-wrong/,success,direct,5132,1.54,
16416,http://mashable.com/2013/11/20/satellite-built-by-high-schoolers/,success,direct,3511,1.543,
27889,http://mashable.com/2014/06/27/nyc-pride-march-livestream/,success,direct,1210,1.468,
26897,http://mashable.com/2014/06/12/smudge-googly-eyed-baby-bear/,success,direct,893,1.595,
38120,http://mashable.com/2014/12/03/athens-greece-anarchists-riots/,success,direct,1031,1.438,
11128,http://mashable.com/2013/08/07/sprng-clips-earpods-apple/,success,direct,2369,1.537,
34984,http://mashable.com/2014/10/17/misty-upham-dead/,success,direct,1750,1.543,
25024,http://mashable.com/2014/05/12/antarctic-melt-findings-us-cities/,success,direct,5176,1.434,
15985,http://mashable.com/2013/11/12/jagged-little-pill-musical/,success,direct,738,1.634,
8285,http://mashable.com/2013/06/12/craig-federighi-apple/,success,direct,3995,1.642,
13618,http://mashable.com/2013/09/25/video-hack-apple-touch-id/,success,direct,3021,1.464,
28977,http://mashable.com/2014/07/15/neel-sethi-mowgli-disney-jungle-book/,success,direct,1892,1.496,
16811,http://mashable.com/2013/11/29/sony-disable-psn-europe/,success,direct,1168,1.45,
30361,http://mashable.com/2014/08/06/honest-gil-fulbright-senate-fake-funding/,success,direct,3065,1.539,
35471,http://mashable.com/2014/10/24/roku-ipo/,success,direct,662,1.536,
28447,http://mashable.com/2014/07/08/apple-posts-behind-the-scenes-footage-of-san-francisco-pride-march/,success,direct,1438,1.438,
26279,http://mashable.com/2014/06/03/e3-game-guide-2014/,success,direct,602,1.432,
31051,http://mashable.com/2014/08/19/bryan-cranston-aaron-paul-emmys-ad/,success,direct,766,1.534,
21524,http://mashable.com/2014/03/07/mavericks-os-x-4k-support/,success,direct,1969,1.499,
24998,http://mashable.com/2014/05/11/alternate-wedding-toppers/,success,direct,495,1.52,
22100,http://mashable.com/2014/03/19/samsung-galaxy-pro-ad/,success,direct,1560,1.493,
7725,http://mashable.com/2013/05/31/us-companies-software-iran/,success,direct,2282,1.441,
38122,http://mashable.com/2014/12/03/beat-ebola-ibm/,success,direct,3725,1.437,
8592,http://mashable.com/2013/06/18/nsa-surveillance-plots/,success,direct,2028,1.126,
14606,http://mashable.com/2013/10/15/sony-smartwatch-2-xperia-z-xperia-z1/,success,direct,1161,1.462,
34181,http://mashable.com/2014/10/07/gay-marriage-idaho-nevada/,success,direct,2530,1.4,
13128,http://mashable.com/2013/09/17/livingsocial-pivot/,success,direct,1953,1.541,
7755,http://mashable.com/2013/06/02/hands-on-top-apps/,success,direct,643,1.439,
20206,http://mashable.com/2014/02/10/why-klout-had-to-change/,success,direct,9692,1.543,
25460,http://mashable.com/2014/05/19/nutella-recipe/,success,direct,557,1.523,
8648,http://mashable.com/2013/06/19/linkedin-ios7/,success,direct,1330,1.483,
23343,http://mashable.com/2014/04/10/tech-stocks-volatility/,success,direct,1406,1.488,
28358,http://mashable.com/2014/07/06/photos-russian-rock-festival-nashestvie-militarism/,success,direct,1527,1.522,
21492,http://mashable.com/2014/03/06/the-thing-quarterly-publishing-art/,success,direct,1791,1.42,
7298,http://mashable.com/2013/05/22/yap-music-discovery-service/,success,direct,3536,1.637,
30218,http://mashable.com/2014/08/04/lollapalooza-performances-photos-pictures/,success,direct,670,1.462,
37790,http://mashable.com/2014/11/26/thanksgiving-weekend-tv-guide/,success,direct,3436,1.94,
33293,http://mashable.com/2014/09/23/israel-syria-fighter-jet/,success,direct,3599,1.532,
29448,http://mashable.com/2014/07/23/big-data-organ-transplants/,success,direct,9485,1.556,
31321,http://mashable.com/2014/08/22/tony-stewart-nascar-bristol/,success,direct,2057,1.537,
16145,http://mashable.com/2013/11/15/almost-human-trailer-robots/,success,direct,1238,1.532,
4393,http://mashable.com/2013/03/26/milky-way-picture/,success,direct,1908,1.64,
11181,http://mashable.com/2013/08/08/murdered-woman-facebook/,success,direct,2233,1.639,
7594,http://mashable.com/2013/05/29/space-elevators/,success,direct,2933,1.627,
13561,http://mashable.com/2013/09/25/amazon-kindle-fire-hdx-tablets/,success,direct,9721,1.558,
17902,http://mashable.com/2013/12/21/job-search-tips-2/,success,direct,5288,1.424,
32813,http://mashable.com/2014/09/15/microsoft-minecraft-twitter-reactions/,success,direct,632,1.45,
22981,http://mashable.com/2014/04/04/human-rights-surveillance-tech/,success,direct,4914,1.72,
38016,http://mashable.com/2014/12/02/apple-display-protection-patent/,success,direct,1543,1.535,
12830,http://mashable.com/2013/09/11/google-puts-moto-x-manufacturing-facility-on-street-view/,success,direct,534,1.537,
465,http://mashable.com/2013/01/15/final-fantasy-remake-teaser/,success,direct,1017,1.511,
14218,http://mashable.com/2013/10/08/invisible-cases-iphone-5s/,success,direct,543,1.559,
18345,http://mashable.com/2014/01/05/private-jet-crash-aspen-airport/,success,direct,2440,1.54,
5466,http://mashable.com/2013/04/16/twitter-nbc-viacom/,success,direct,817,1.484,
20274,http://mashable.com/2014/02/11/the-walking-dead-recap/,success,direct,685,1.49,
12469,http://mashable.com/2013/09/04/butler-blue-ii-dead/,success,direct,2777,1.431,
2885,http://mashable.com/2013/02/26/craigslist-redesigns/,success,direct,771,1.436,
28918,http://mashable.com/2014/07/15/ape-makeup-timelapse/,success,direct,494,1.436,
26093,http://mashable.com/2014/05/30/india-rape-murder-teen-girls/,success,direct,2575,1.398,
36499,http://mashable.com/2014/11/08/album-covers-2014/,success,direct,522,1.375,
32274,http://mashable.com/2014/09/07/uk-scotland-autonomy-independence-vote/,success,direct,1912,1.465,
31956,http://mashable.com/2014/09/03/60s-game-of-thrones/,success,direct,510,1.472,
39075,http://mashable.com/2014/12/17/anna-kendrick-sex-toy/,success,direct,353,1.448,
21289,http://mashable.com/2014/03/03/high-paying-tech-internships/,success,direct,4055,1.544,
20785,http://mashable.com/2014/02/20/winter-olympics-tk-things-you-missed-overnight/,success,direct,3941,1.503,
24797,http://mashable.com/2014/05/07/funny-or-die-little-mermaid/,success,direct,564,1.417,
34154,http://mashable.com/2014/10/06/why-hp-will-split-in-two/,success,direct,5936,1.479,
3886,http://mashable.com/2013/03/15/pope-francis-92-seconds/,success,direct,239,1.53,
31304,http://mashable.com/2014/08/22/mtv-vmas-video-of-the-year-winners-nominees/,success,direct,7341,1.483,
17089,http://mashable.com/2013/12/05/twitter-marjorie-scardino/,success,direct,1957,1.587,
14553,http://mashable.com/2013/10/15/apple-ipad-event-invitations/,success,direct,1554,1.49,
35458,http://mashable.com/2014/10/24/nest-partnerships-growing/,success,direct,1633,1.475,
37524,http://mashable.com/2014/11/22/sketch-soccer/,success,direct,333,1.539,
4528,http://mashable.com/2013/03/28/ifttt-recipes-business/,success,direct,1754,1.429,
27850,http://mashable.com/2014/06/26/world-cup-floods-usa-germany-recife/,success,direct,2291,1.545,
4068,http://mashable.com/2013/03/19/reddit-craigslist-cispa/,success,direct,2457,1.486,
18455,http://mashable.com/2014/01/07/chang-rae-lee-mashablereads/,success,direct,4048,1.573,
29410,http://mashable.com/2014/07/22/life-inside-strangest-nation-on-earth/,success,direct,6280,1.473,
21396,http://mashable.com/2014/03/05/eumestat-satellite-swirl/,success,direct,1464,1.49,
6662,http://mashable.com/2013/05/10/borderlands-2-krieg/,success,direct,2369,1.441,
7033,http://mashable.com/2013/05/17/overfishing-web-acquarium/,success,direct,2477,1.739,
14018,http://mashable.com/2013/10/03/social-media-side-door/,success,direct,5542,1.52,
30276,http://mashable.com/2014/08/05/daewoo-exoskeleton/,success,direct,1728,1.39,
15884,http://mashable.com/2013/11/09/urine-powered-robots/,success,direct,2509,1.407,
19470,http://mashable.com/2014/01/28/billion-smartphones-shipped/,success,direct,2027,1.526,
16870,http://mashable.com/2013/12/02/americans-stay-offline/,success,direct,540,1.443,
25248,http://mashable.com/2014/05/15/60-events-digital-media-design/,success,direct,2671,1.461,
11734,http://mashable.com/2013/08/19/social-innovations/,success,direct,6772,1.54,
7325,http://mashable.com/2013/05/23/htc-launches-desire-600/,success,direct,653,1.552,
35467,http://mashable.com/2014/10/24/plane-landing-tuifly-portugal/,success,direct,758,1.536,
2240,http://mashable.com/2013/02/14/barnes-and-noble-nook-sales/,success,direct,1781,1.511,
5382,http://mashable.com/2013/04/15/ipad-easel/,success,direct,1406,1.567,
28069,http://mashable.com/2014/07/01/faa-real-estate-companies-drones/,success,direct,5214,1.491,
37721,http://mashable.com/2014/11/25/twitter-offers/,success,direct,1099,1.448,
18647,http://mashable.com/2014/01/10/instagram-video-station-golden-globes/,success,direct,2091,1.447,
5667,http://mashable.com/2013/04/20/pentagon-hacking-budget/,success,direct,4152,1.513,
12133,http://mashable.com/2013/08/27/how-to-shared-photo-album/,success,direct,2638,1.707,
15031,http://mashable.com/2013/10/23/linkedin-down/,success,direct,918,1.598,
29601,http://mashable.com/2014/07/24/teen-wolf-renewed-for-season-5/,success,direct,775,1.529,
4401,http://mashable.com/2013/03/26/prizeo/,success,direct,4547,2.129,
109,http://mashable.com/2013/01/09/dance-fitness-game-for-classrooms/,success,direct,1439,2.14,
7024,http://mashable.com/2013/05/17/instabeat-google-glass-swimmers/,success,direct,1183,2.359,
33492,http://mashable.com/2014/09/26/air-france-negotiations/,success,direct,1909,4.618,
6427,http://mashable.com/2013/05/06/kentucky-derby-orb-jockey-pov/,success,direct,585,1.848,
21345,http://mashable.com/2014/03/04/huvr-videos/,success,direct,1101,1.574,
38920,http://mashable.com/2014/12/15/digital-approach-to-adulthood/,success,direct,7915,1.945,
32817,http://mashable.com/2014/09/15/miss-america-jane-austen/,success,direct,757,2.155,
29275,http://mashable.com/2014/07/20/etsy-model-thoughts/,success,direct,439,3.175,
22179,http://mashable.com/2014/03/20/ted-nsa-ledgett-snowden/,success,direct,5240,7.71,
3876,http://mashable.com/2013/03/15/lil-wayne-life-support-rumors-twitter/,success,direct,1176,5.01,
25604,http://mashable.com/2014/05/21/new-york-city-tells-couples-to-take-their-love-locks-somewhere-else/,success,direct,1953,2.867,
12257,http://mashable.com/2013/08/29/ipad-pillow-cases/,success,direct,633,2.256,
26538,http://mashable.com/2014/06/06/tesla-new-jersey-july/,success,direct,1587,2.127,
21856,http://mashable.com/2014/03/14/mcconnelling-jon-stewart/,success,direct,1631,2.125,
22552,http://mashable.com/2014/03/28/apple-texting/,success,direct,1388,1.659,
18578,http://mashable.com/2014/01/09/a-capella-wow/,success,direct,831,1.888,
37970,http://mashable.com/2014/12/01/i-think-i-got-my-swagger-back/,success,direct,2051,1.35,
22969,http://mashable.com/2014/04/04/free-pinned-tweets-select-accounts/,success,direct,784,2.023,
6698,http://mashable.com/2013/05/10/star-wars-kid-interview-cyberbullying/,success,direct,4336,1.594,
14836,http://mashable.com/2013/10/20/lorde-country-cover/,success,direct,706,1.586,
15709,http://mashable.com/2013/11/06/google-search-ios-update/,success,direct,1159,1.065,
33645,http://mashable.com/2014/09/29/hamster-fire/,success,direct,2136,2.105,
33775,http://mashable.com/2014/09/30/tetris-movie-2/,success,direct,1549,1.472,
18189,http://mashable.com/2013/12/31/reed-hastings-netflix-raise/,success,direct,1483,1.59,
14462,http://mashable.com/2013/10/13/google-nexus-5-video/,success,direct,1047,1.511,
7759,http://mashable.com/2013/06/02/marijuana-moguls/,success,direct,4447,1.485,
36107,http://mashable.com/2014/11/03/jamie-dornan-frontal-nudity/,success,direct,700,1.649,
23750,http://mashable.com/2014/04/18/elon-musk-spacex-grasshopper-launch/,success,direct,4001,1.493,
31674,http://mashable.com/2014/08/28/inexperienced-climber-deaths/,success,direct,4327,9.338,
14417,http://mashable.com/2013/10/11/pop-culture-pumpkins/,success,direct,486,2.1,
29154,http://mashable.com/2014/07/17/the-last-of-us-remastered/,success,direct,1745,1.945,
5011,http://mashable.com/2013/04/08/31-songs-from-mad-men/,success,direct,2229,1.43,
20261,http://mashable.com/2014/02/11/samsung-hints-touchwiz-invite/,success,direct,1270,1.503,
26722,http://mashable.com/2014/06/10/new-york-medical-marijuana/,success,direct,3776,1.512,
36146,http://mashable.com/2014/11/03/the-good-wife-message-discipline/,success,direct,3942,1.873,
39156,http://mashable.com/2014/12/17/tv-ratings-delayed-viewing/,success,direct,4111,1.68,
2915,http://mashable.com/2013/02/26/smartphone-users-giving-up-mobile-apps/,success,direct,1510,2.06,
10146,http://mashable.com/2013/07/18/ryan-gosling-only-god-forgives/,success,direct,1823,1.574,
7528,http://mashable.com/2013/05/28/pc-growth-drops/,success,direct,1512,1.411,
35592,http://mashable.com/2014/10/27/magnetic-ropes-solar-flares/,success,direct,3472,1.954,
20877,http://mashable.com/2014/02/23/comcast-netflix-deal/,success,direct,3965,1.546,
8612,http://mashable.com/2013/06/19/aurora-from-space/,success,direct,680,1.405,
32561,http://mashable.com/2014/09/11/curiosity-rover-reaches-mount-sharp/,success,direct,1955,1.424,
5035,http://mashable.com/2013/04/08/macklemore-photobomb-meme/,success,direct,617,1.444,
32052,http://mashable.com/2014/09/04/airtasker-australia-iphone-line/,success,direct,1609,1.479,
21482,http://mashable.com/2014/03/06/obama-youtube-strategy/,success,direct,2139,1.433,
39383,http://mashable.com/2014/12/22/france-pedestrian-attack/,success,direct,1883,1.597,
6778,http://mashable.com/2013/05/13/great-gatsby-game/,success,direct,1210,1.577,
1536,http://mashable.com/2013/02/01/turkey-embassy-bombing/,success,direct,976,1.475,
30804,http://mashable.com/2014/08/13/siri-hide-body-murder-trial/,success,direct,2899,1.63,
13538,http://mashable.com/2013/09/24/pinterest-articles/,success,direct,1759,1.604,
11816,http://mashable.com/2013/08/20/wheres-my-water-2-twitter-leak/,success,direct,1042,2.557,
9562,http://mashable.com/2013/07/08/mit-gmail-immersion-breakdown/,success,direct,3119,1.525,
38612,http://mashable.com/2014/12/10/death-of-palestinian-minister/,success,direct,4244,1.56,
14064,http://mashable.com/2013/10/04/novelty-fonts/,success,direct,547,1.428,
21897,http://mashable.com/2014/03/15/die-hard-pug-parody/,success,direct,604,1.436,
21553,http://mashable.com/2014/03/08/dylan-blau-stop-motion/,success,direct,3256,1.656,
655,http://mashable.com/2013/01/18/armstrong-tweet-mistake/,success,direct,1392,1.663,
14023,http://mashable.com/2013/10/03/twitter-files-ipo/,success,direct,1870,1.608,
24352,http://mashable.com/2014/04/29/low-cost-airfares/,success,direct,2891,1.457,
18712,http://mashable.com/2014/01/12/muppets-golden-globes/,success,direct,848,1.472,
18860,http://mashable.com/2014/01/15/conan-fake-illegitimate-son/,success,direct,1803,1.471,
14177,http://mashable.com/2013/10/07/tired-gifs/,success,direct,485,1.489,
31149,http://mashable.com/2014/08/20/generation-z-marketing/,success,direct,1308,1.703,
28031,http://mashable.com/2014/06/30/sustainability-consumers/,success,direct,1462,2.327,
2182,http://mashable.com/2013/02/13/facebook-recruiters-reddit-ama-2-1/,success,direct,6777,1.79,
1413,http://mashable.com/2013/01/31/amazon-childrens-show/,success,direct,3017,1.641,
36402,http://mashable.com/2014/11/06/taylor-swift-tumblr/,success,direct,9630,1.552,
3108,http://mashable.com/2013/03/01/nba-player-dancing-videobomb/,success,direct,815,1.424,
33863,http://mashable.com/2014/10/01/tyler-perry-drone-racing/,success,direct,283,1.573,
33483,http://mashable.com/2014/09/25/uk-arrests-9-counterterrorism/,success,direct,1506,2.053,
22201,http://mashable.com/2014/03/21/darren-rawlings-illustrations/,success,direct,703,1.488,
14603,http://mashable.com/2013/10/15/smartphone-snoopers/,success,direct,2837,1.555,
22105,http://mashable.com/2014/03/19/system-found-missing-plane/,success,direct,3374,1.597,
27969,http://mashable.com/2014/06/29/world-cup-weekend-recap-overdose-of-drama-kicks-off-knockout-stage/,success,direct,8427,1.477,
24501,http://mashable.com/2014/05/01/heartbleed-android-lacoon-mobile-security/,success,direct,1205,1.579,
40,http://mashable.com/2013/01/07/monster-ea-gaming-headphones/,success,direct,1502,1.397,
21837,http://mashable.com/2014/03/13/whats-app-security-flaw/,success,direct,2053,2.145,
10869,http://mashable.com/2013/08/01/russia-swearing-ban/,success,direct,1737,1.68,
3281,http://mashable.com/2013/03/05/rare-photos-two-comets/,success,direct,3064,1.498,
12949,http://mashable.com/2013/09/13/events-marketing-media/,success,direct,2658,1.528,
33746,http://mashable.com/2014/09/30/mindy-kaling-elmo-enthusiastic/,success,direct,472,2.812,
30399,http://mashable.com/2014/08/06/surfing-pig/,success,direct,499,3.754,
24576,http://mashable.com/2014/05/02/modern-farmer/,success,direct,4602,5.809,
12148,http://mashable.com/2013/08/27/parallels-access-review/,success,direct,7085,1.887,
35668,http://mashable.com/2014/10/28/elon-musk-orbital-sciences-rocket/,success,direct,1345,4.306,
10182,http://mashable.com/2013/07/19/food-hybrids/,success,direct,2249,1.601,
29755,http://mashable.com/2014/07/28/flight-tonight/,success,direct,1571,1.679,
13653,http://mashable.com/2013/09/26/haunted-house-reactions-2013/,success,direct,649,2.664,
9898,http://mashable.com/2013/07/14/free-people-app/,success,direct,1728,1.747,
24460,http://mashable.com/2014/04/30/south-korean-ferry-students-video/,success,direct,1778,1.479,
30330,http://mashable.com/2014/08/05/x-men-tldw/,success,direct,626,1.96,
23033,http://mashable.com/2014/04/05/will-i-am-smartwatch/,success,direct,1879,1.593,
5373,http://mashable.com/2013/04/15/facebook-teen-privacy-program/,success,direct,2456,1.762,
17078,http://mashable.com/2013/12/05/slideshare-redesign/,success,direct,1134,1.772,
37177,http://mashable.com/2014/11/18/dunkslaps-nba-graffiti-mashup/,success,direct,2508,2.076,
2863,http://mashable.com/2013/02/25/youtube-paid-channels/,success,direct,1388,1.583,
26151,http://mashable.com/2014/05/31/teleportation-is-close-to-moving-data-but-not-people/,success,direct,1657,1.63,
7388,http://mashable.com/2013/05/24/lego-voldemort-gandalf/,success,direct,698,1.732,
29614,http://mashable.com/2014/07/25/apache-cordova/,success,direct,801,1.56,
37836,http://mashable.com/2014/11/27/right-to-be-forgotten-worldwide/,success,direct,3132,2.021,
7714,http://mashable.com/2013/05/31/prancercise/,success,direct,1014,1.905,
38050,http://mashable.com/2014/12/02/jian-ghomeshi-producer-cbc-harassment/,success,direct,3332,1.723,
14518,http://mashable.com/2013/10/14/pinterest-halloween-recipes/,success,direct,1952,2.603,
2464,http://mashable.com/2013/02/19/digital-eye-strain-tips/,success,direct,2099,2.558,
3840,http://mashable.com/2013/03/14/star-wars-march-madness/,success,direct,1414,1.765,
38813,http://mashable.com/2014/12/12/lima-climate-summit/,success,direct,6831,1.502,
24055,http://mashable.com/2014/04/23/the-nfl-playoffs-are-coming-to-cable/,success,direct,1370,1.936,
26676,http://mashable.com/2014/06/09/weezer-drummer-frisbee-catch/,success,direct,1105,2.033,
27771,http://mashable.com/2014/06/25/you-are-saying-gif-wrong/,success,direct,217,1.479,
34987,http://mashable.com/2014/10/17/paris-butt-plug-sculpture/,success,direct,1759,1.536,
7721,http://mashable.com/2013/05/31/steve-wozniak-human-computer/,success,direct,1382,1.436,
39284,http://mashable.com/2014/12/19/plus-size-woman-photoshop-experiment/,success,direct,1600,1.608,
7781,http://mashable.com/2013/06/03/eye-fi-mobi/,success,direct,1693,1.831,
36579,http://mashable.com/2014/11/10/bill-cosbys-meme-generator/,success,direct,1261,1.522,
1451,http://mashable.com/2013/01/31/nasa-photos-rocket-launch/,success,direct,1695,1.488,
29400,http://mashable.com/2014/07/22/happiness-gene-study/,success,direct,2783,1.541,
7468,http://mashable.com/2013/05/27/memorial-day-2013-images/,success,direct,2153,1.75,
6549,http://mashable.com/2013/05/08/google-glass-update/,success,direct,662,1.551,
5821,http://mashable.com/2013/04/24/apple-huge-payout-shareholders/,success,direct,1114,2.902,
22895,http://mashable.com/2014/04/03/cuban-twitter/,success,direct,1947,2.475,
28286,http://mashable.com/2014/07/03/unemployment-jobs-june-2014/,success,direct,2540,4.067,
36548,http://mashable.com/2014/11/09/lg-g3-android-5-0-lollipop/,success,direct,904,4.007,
22646,http://mashable.com/2014/03/31/5-tips-for-interacting-with-people-you-admire-on-twitter/,success,direct,5500,3.483,
35302,http://mashable.com/2014/10/22/scooter-suitcase/,success,direct,1084,3.665,
27422,http://mashable.com/2014/06/20/iraq-who-is-fighting/,success,direct,5882,2.461,
37048,http://mashable.com/2014/11/16/kassig-family-islamic-state/,success,direct,2754,2.792,
4569,http://mashable.com/2013/03/29/facebook-update-button-test/,success,direct,1277,3.489,
3715,http://mashable.com/2013/03/13/facebook-news-feed-redesign-concept/,success,direct,3221,3.247,
14128,http://mashable.com/2013/10/06/twitter-women/,success,direct,3714,1.699,
35660,http://mashable.com/2014/10/28/dangerous-airport-landing/,success,direct,575,1.661,
24940,http://mashable.com/2014/05/09/fcc-protests/,success,direct,3558,2.746,
6002,http://mashable.com/2013/04/26/phosphor-led-under-cabinet-lighting/,success,direct,1678,2.484,
6596,http://mashable.com/2013/05/09/best-idea-contest-winners/,success,direct,1786,3.044,
3818,http://mashable.com/2013/03/14/michael-santos-prison-online/,success,direct,7227,1.742,
13205,http://mashable.com/2013/09/18/ios-7-now-available/,success,direct,1556,1.739,
8362,http://mashable.com/2013/06/13/fiat-abarth-500-twitter/,success,direct,416,1.534,
21063,http://mashable.com/2014/02/26/her-1995-clippy/,success,direct,647,1.57,
17224,http://mashable.com/2013/12/09/google-glass-wordpress/,success,direct,1883,1.613,
27279,http://mashable.com/2014/06/18/separatists-in-eastern-ukraine-refuse-peace-plan/,success,direct,3506,1.523,
28594,http://mashable.com/2014/07/09/the-iron-dome-of-censorship-how-free-is-israels-media/,success,direct,7298,1.749,
34284,http://mashable.com/2014/10/08/inside-ibm-waston-nyc/,success,direct,3483,1.454,
11947,http://mashable.com/2013/08/22/windows-phone-instagram/,success,direct,1971,1.48,
19354,http://mashable.com/2014/01/25/olympic-equipment-quiz/,success,direct,757,1.543,
7949,http://mashable.com/2013/06/05/white-house-vs-patent-trolls-and-other-news-you-need-to-know/,success,direct,597,1.61,
16264,http://mashable.com/2013/11/18/google-seaman-ad-nexus-7/,success,direct,1046,2.067,
35983,http://mashable.com/2014/10/31/pokemon-horror-movies/,success,direct,707,1.458,
3928,http://mashable.com/2013/03/16/retina-ipad-mini-3/,success,direct,1362,1.517,
31820,http://mashable.com/2014/08/30/watch-made-in-america-music-festival-live-stream-video/,success,direct,1343,1.392,
2325,http://mashable.com/2013/02/15/ban-lewd-photoshopping/,success,direct,1239,1.38,
16410,http://mashable.com/2013/11/20/night-rocket-launch/,success,direct,3565,1.537,
27634,http://mashable.com/2014/06/24/iphone-larger-sizes/,success,direct,1354,1.617,
1398,http://mashable.com/2013/01/30/samsung-willfully-infringe-apple-patents/,success,direct,1153,1.57,
2276,http://mashable.com/2013/02/14/microsoft-valentines-day-gmail/,success,direct,885,2.06,
14428,http://mashable.com/2013/10/11/twitter-experiment-meaning/,success,direct,4092,2.1,
25258,http://mashable.com/2014/05/15/climate-change-impact/,success,direct,5947,2.906,
23542,http://mashable.com/2014/04/15/data-breach-infographic/,success,direct,1549,1.59,
10491,http://mashable.com/2013/07/25/crayola-hex-colors/,success,direct,553,1.46,
33480,http://mashable.com/2014/09/25/twitter-ceo-verified/,success,direct,1025,1.648,
31483,http://mashable.com/2014/08/26/australia-million-dollar-street/,success,direct,2260,0.951,
5179,http://mashable.com/2013/04/10/samsung-galaxy-s4-ads/,success,direct,867,1.427,
11020,http://mashable.com/2013/08/06/2life-app-for-couples/,success,direct,3537,1.636,
14897,http://mashable.com/2013/10/21/surface-pro-2-review/,success,direct,10459,1.454,
18760,http://mashable.com/2014/01/13/mia-ronan-farrow-woody-allen-golden-globes/,success,direct,2286,1.428,
30414,http://mashable.com/2014/08/06/watch-rosetta-spacecraft-meets-comet/,success,direct,823,1.877,
3604,http://mashable.com/2013/03/11/plant-prank/,success,direct,694,1.429,
25754,http://mashable.com/2014/05/23/portland-boil-water-e-coli/,success,direct,1608,1.566,
21189,http://mashable.com/2014/02/28/mt-gox-bankruptcy/,success,direct,846,1.456,
30899,http://mashable.com/2014/08/15/camoji-gif-selfies/,success,direct,1707,1.581,
9398,http://mashable.com/2013/07/04/11-childhood-memories-of-the-fourth-of-july/,success,direct,2347,1.526,
10798,http://mashable.com/2013/07/31/smart-tooth-prototype-taiwan/,success,direct,1400,1.498,
4056,http://mashable.com/2013/03/19/march-madness-twitter-follows-2013/,success,direct,826,2.026,
2814,http://mashable.com/2013/02/25/great-photography-kids/,success,direct,464,1.517,
25587,http://mashable.com/2014/05/21/ifthen-vine-challenge-pete-cashmore/,success,direct,1048,2.096,
31237,http://mashable.com/2014/08/21/netflix-oculus/,success,direct,1255,1.441,
28217,http://mashable.com/2014/07/02/world-cup-day-20-roundup-recap/,success,direct,3829,1.38,
3885,http://mashable.com/2013/03/15/philips-pane-glass-3d-tv/,success,direct,1112,1.475,
36430,http://mashable.com/2014/11/07/devon-still-leah-still-bengals-game/,success,direct,3195,2.999,
6969,http://mashable.com/2013/05/16/google-microsoft-youtube-windows-phone/,success,direct,1015,3.479,
8153,http://mashable.com/2013/06/10/irobot-ava-500-robot/,success,direct,4958,1.433,
35526,http://mashable.com/2014/10/26/elon-musk-artificial-intelligence-demons/,success,direct,2419,1.564,
27806,http://mashable.com/2014/06/26/luis-suarez-world-cup-suspension/,success,direct,1713,1.441,
35783,http://mashable.com/2014/10/29/james-cameron-oculus-rift/,success,direct,2886,1.503,
33206,http://mashable.com/2014/09/22/emma-watson-un-speech/,success,direct,2468,2.424,
5114,http://mashable.com/2013/04/09/secret-message-facebook/,success,direct,1811,1.423,
1670,http://mashable.com/2013/02/04/youtube-not-live-streaming-fashion-week/,success,direct,1023,1.834,
13658,http://mashable.com/2013/09/26/ios-7-security-fix/,success,direct,1270,0.865,
20129,http://mashable.com/2014/02/09/grumpy-cat-valentines/,success,direct,640,2.467,
14224,http://mashable.com/2013/10/08/nest-protect/,success,direct,3700,2.534,
3028,http://mashable.com/2013/02/28/facebook-buys-atlas/,success,direct,2794,2.483,
3106,http://mashable.com/2013/03/01/moma-video-games-exhibit-pics/,success,direct,891,2.521,
5567,http://mashable.com/2013/04/18/high-five-day/,success,direct,1826,4.088,
5488,http://mashable.com/2013/04/17/epicurious-boston-bombings-tweets/,success,direct,1229,1.514,
8528,http://mashable.com/2013/06/17/outlast-playstation-4/,success,direct,1488,1.538,
31864,http://mashable.com/2014/09/01/heroic-russian-space-geckos-have-died-before-returning-to-earth/,success,direct,2002,1.542,
32076,http://mashable.com/2014/09/04/ferguson-police-investigation/,success,direct,6291,1.447,
22347,http://mashable.com/2014/03/24/youtube-for-kids/,success,direct,1183,1.476,
33382,http://mashable.com/2014/09/24/invoice2go-tech-millionaire/,success,direct,3109,1.76,
2299,http://mashable.com/2013/02/14/technology-dating/,success,direct,2827,2.507,
17767,http://mashable.com/2013/12/18/ralph-wiggum/,success,direct,709,1.449,
1483,http://mashable.com/2013/01/31/zuckerberg-facebook-google-earnings/,success,direct,2004,1.482,
70,http://mashable.com/2013/01/07/stolen-iphone-dating/,success,direct,1801,1.367,
9987,http://mashable.com/2013/07/16/heat-wave-hacks/,success,direct,1883,1.451,
24997,http://mashable.com/2014/05/11/alibaba-us-ecommerce-11-main/,success,direct,2423,1.518,
30542,http://mashable.com/2014/08/08/teenage-mutant-ninja-turtles-michael-bay/,success,direct,8840,1.467,
24166,http://mashable.com/2014/04/25/live-updates-crisis-in-ukraine/,success,direct,416,1.502,
28646,http://mashable.com/2014/07/10/frozen-is-the-new-black/,success,direct,594,1.507,
3018,http://mashable.com/2013/02/28/cloudy-with-a-chance-of-meatballs-2/,success,direct,592,1.411,
36774,http://mashable.com/2014/11/12/evan-spiegel-buys-house/,success,direct,1067,3.115,
33311,http://mashable.com/2014/09/23/person-of-interest-season-4/,success,direct,3720,1.581,
7974,http://mashable.com/2013/06/06/iphone-lightning-docks/,success,direct,430,1.52,
15381,http://mashable.com/2013/10/30/google-donates-17000-nexus-tablets-to-sandy-impacted-communities/,success,direct,702,2.126,
24156,http://mashable.com/2014/04/25/foursquare-fake-boston-marathon-bibs/,success,direct,4657,1.499,
21907,http://mashable.com/2014/03/15/tech-networking/,success,direct,4204,1.358,
23768,http://mashable.com/2014/04/18/ladee-nasa-moon-probe-crashes/,success,direct,3263,1.452,
23090,http://mashable.com/2014/04/07/his-and-hers-coffee-mugs/,success,direct,512,1.434,
13802,http://mashable.com/2013/09/30/fall-food-fails/,success,direct,610,1.441,
35067,http://mashable.com/2014/10/20/australian-bees-warfare/,success,direct,2419,1.895,
27956,http://mashable.com/2014/06/29/household-items-to-clean-phone/,success,direct,3651,1.374,
31109,http://mashable.com/2014/08/19/soccer-stadium-wifi-protest/,success,direct,1646,1.55,
12607,http://mashable.com/2013/09/06/galaxy-gear-preorder/,success,direct,1660,1.93,
3581,http://mashable.com/2013/03/11/game-of-thrones-high-school/,success,direct,440,1.422,
23530,http://mashable.com/2014/04/15/babies-photo-challenge-roundup/,success,direct,819,1.501,
30366,http://mashable.com/2014/08/06/jk-rowling-letter-cassidy-stay/,success,direct,1957,1.497,
38084,http://mashable.com/2014/12/02/stephen-hawking-artificial-intelligence-bbc/,success,direct,1544,1.525,
11858,http://mashable.com/2013/08/21/nsa-surveillance-malaysia/,success,direct,2160,1.652,
36673,http://mashable.com/2014/11/11/cats-domestication/,success,direct,4678,2.004,
7945,http://mashable.com/2013/06/05/vine-world-record/,success,direct,1691,1.376,
16100,http://mashable.com/2013/11/14/four-players-super-mario-bros-series/,success,direct,1278,1.417,
28133,http://mashable.com/2014/07/01/vine-loop-count/,success,direct,2223,1.425,
22277,http://mashable.com/2014/03/23/french-satellite-malaysia-airlines/,success,direct,2243,1.416,
4564,http://mashable.com/2013/03/29/easter-dessert-recipes/,success,direct,580,1.499,
35889,http://mashable.com/2014/10/30/managing-employees-across-state-lines/,success,direct,5529,1.448,
22569,http://mashable.com/2014/03/28/gmail-hacks/,success,direct,5957,2.515,
11832,http://mashable.com/2013/08/21/college-student-speech-georgia-tech/,success,direct,1455,2.114,
19124,http://mashable.com/2014/01/21/kiev-ukraine-protest-photos/,success,direct,416,2.197,
4095,http://mashable.com/2013/03/20/extreme-exercise-video/,success,direct,659,4.714,
3942,http://mashable.com/2013/03/17/google-reader-comments-2/,success,direct,1521,1.498,
17202,http://mashable.com/2013/12/08/reddit-moments-2013/,success,direct,6250,1.46,
38902,http://mashable.com/2014/12/14/u-n-climate-talks-peru/,success,direct,5751,2.065,
27059,http://mashable.com/2014/06/16/dominos-siri-dom-app/,success,direct,1626,1.594,
9128,http://mashable.com/2013/06/28/lgbt-youtube-proposals/,success,direct,1194,2.027,
39255,http://mashable.com/2014/12/19/greeting-card-vine-challenge-roundup/,success,direct,680,4.374,
4404,http://mashable.com/2013/03/26/scrolls-beta-mojang/,success,direct,1259,2.759,
32780,http://mashable.com/2014/09/15/chill-dog/,failed,failed,0,46.079,direct=text_too_short:163; wayback=Article `download()` failed with 429 Client Error: Too Many Requests for url: https://web.archive.org/web/20140917011614id_/http://mashable.com:80/2014/09/15/chill-dog/ on URL https://web.archive.org/web/20140917011614id_/http://mashable.com:80/2014/09/15/chill-dog/
28755,http://mashable.com/2014/07/11/the-future-of-digital-media-according-to-mashies-judges/,success,direct,1227,1.529,
35035,http://mashable.com/2014/10/19/colonizing-moon/,success,direct,6503,2.482,
1467,http://mashable.com/2013/01/31/super-bowl-ads-banned/,success,direct,2822,4.412,
33633,http://mashable.com/2014/09/29/ello-outage/,success,direct,1005,1.922,
20266,http://mashable.com/2014/02/11/smartphones-distract-couples/,success,direct,1803,1.633,
21469,http://mashable.com/2014/03/06/japan-bitcoin-not-currency/,success,direct,1867,1.692,
33959,http://mashable.com/2014/10/03/adventure-time-characters-iconic-characters/,success,direct,1035,1.084,
32609,http://mashable.com/2014/09/11/the-imitation-game-review-alan-turing-benedict-cumberbatch/,success,direct,6468,1.506,
4029,http://mashable.com/2013/03/19/cops-want-text-messages-logs/,success,direct,3491,2.04,
19268,http://mashable.com/2014/01/23/pclob-report-nsa-illegal/,success,direct,4382,1.486,
2644,http://mashable.com/2013/02/21/medisafe/,success,direct,1912,2.013,
1278,http://mashable.com/2013/01/29/internet-meme-infographic/,success,direct,715,1.423,
33091,http://mashable.com/2014/09/19/iphone-6-drop-tests/,success,direct,2093,1.513,
31295,http://mashable.com/2014/08/22/islamic-militants-email-foley-parents/,success,direct,1839,1.993,
24122,http://mashable.com/2014/04/24/scared-cat-gifs/,success,direct,555,1.423,
22987,http://mashable.com/2014/04/04/justice-department-high-frequency-trading/,success,direct,1806,1.661,
24706,http://mashable.com/2014/05/05/yosemite-national-park-drones/,success,direct,2822,1.43,
14646,http://mashable.com/2013/10/16/iran-space-monkey-launch/,success,direct,1968,1.451,
35028,http://mashable.com/2014/10/18/timelapse-space-europe/,success,direct,1503,1.34,
12570,http://mashable.com/2013/09/05/nfl-twitter-acounts/,success,direct,8167,1.391,
17734,http://mashable.com/2013/12/18/diy-digital-detox/,success,direct,6452,0.993,
14907,http://mashable.com/2013/10/22/amazon-free-shipping/,success,direct,1136,1.382,
31043,http://mashable.com/2014/08/19/aidar-forces-in-happiness-ukraine/,success,direct,6470,1.518,
35149,http://mashable.com/2014/10/21/apple-pay-international/,success,direct,2079,1.368,
28815,http://mashable.com/2014/07/13/official-2014-world-cup-superlatives/,success,direct,588,1.39,
34506,http://mashable.com/2014/10/10/saving-snapchat-photos-easy/,success,direct,4611,1.607,
18451,http://mashable.com/2014/01/07/business-cards-best-practices/,success,direct,4716,1.605,
14454,http://mashable.com/2013/10/12/wikileaks-edward-snowden-video/,success,direct,1086,1.536,
27093,http://mashable.com/2014/06/16/maroon-5-maps-audio-single/,success,direct,894,1.563,
6350,http://mashable.com/2013/05/04/computer-screen/,success,direct,439,1.334,
26378,http://mashable.com/2014/06/04/moto-x-48-hour-sale/,success,direct,1186,1.364,
37351,http://mashable.com/2014/11/20/disney-pixar-inside-out-fear-bill-hader/,success,direct,1890,1.315,
14276,http://mashable.com/2013/10/09/instagram-cliches/,success,direct,676,1.327,
9263,http://mashable.com/2013/07/02/be-yourself-photos/,success,direct,904,1.466,
5687,http://mashable.com/2013/04/21/facebook-fans-comic/,success,direct,302,1.521,
5401,http://mashable.com/2013/04/15/van-gogh-starry-night-google/,success,direct,2289,1.453,
37300,http://mashable.com/2014/11/19/nfl-emmanuel-sanders-dead-wikipedia-heaven/,success,direct,973,1.48,
20135,http://mashable.com/2014/02/09/mobile-payments-fraud-small-businesses/,success,direct,3759,2.508,
35542,http://mashable.com/2014/10/26/snl-ebola-czar-cold-open/,success,direct,766,2.463,
29898,http://mashable.com/2014/07/30/capital-one-keyboard-orange-juice/,success,direct,1650,1.56,
30543,http://mashable.com/2014/08/08/teenagers-meningitis-bacteria/,success,direct,1770,1.594,
27646,http://mashable.com/2014/06/24/nest-developer-program/,success,direct,2317,1.487,
13581,http://mashable.com/2013/09/25/google-tech-hubs/,success,direct,2650,1.375,
8393,http://mashable.com/2013/06/13/threat-economy-outer-space/,success,direct,5513,1.413,
31666,http://mashable.com/2014/08/28/garage-sale-worthless-items/,success,direct,1570,1.428,
36307,http://mashable.com/2014/11/05/showtime-internet-offering/,success,direct,1436,1.459,
27883,http://mashable.com/2014/06/27/more-than-half-venezuela-suffers-blackout/,success,direct,1349,1.433,
24275,http://mashable.com/2014/04/28/john-oliver-nsa-chief-keith-alexander/,success,direct,2208,1.405,
9737,http://mashable.com/2013/07/11/cat-websites/,success,direct,5285,1.411,
33523,http://mashable.com/2014/09/26/ios-8-0-1-apple-maps/,success,direct,2205,1.965,
27636,http://mashable.com/2014/06/24/jason-kilar-vessel-funding/,success,direct,1393,1.911,
26353,http://mashable.com/2014/06/04/drunk-train/,success,direct,734,2.182,
8421,http://mashable.com/2013/06/14/feminist-taylor-swift/,success,direct,1895,8.57,
38681,http://mashable.com/2014/12/10/weird-stocking-stuffers/,success,direct,628,2.121,
24440,http://mashable.com/2014/04/30/men-fashion-advice-apps/,success,direct,4917,1.624,
5306,http://mashable.com/2013/04/12/twitter-music-site-launch/,success,direct,1599,1.607,
5503,http://mashable.com/2013/04/17/guitar-synthesizer/,success,direct,1678,1.636,
34882,http://mashable.com/2014/10/16/grover-and-kid-president-socktober/,success,direct,1532,1.929,
36975,http://mashable.com/2014/11/14/ramen-doughnuts/,success,direct,2181,2.261,
323,http://mashable.com/2013/01/12/ipad-mini-bible-case/,success,direct,775,2.107,
5553,http://mashable.com/2013/04/18/cut-the-rope-time-travel/,success,direct,3333,1.791,
20416,http://mashable.com/2014/02/13/sad-love-songs/,success,direct,1137,2.134,
28972,http://mashable.com/2014/07/15/minimalist-posters-of-every-major-league-baseball-stadium/,success,direct,603,2.747,
8019,http://mashable.com/2013/06/07/apple-wwdc-hangout/,success,direct,825,1.797,
13369,http://mashable.com/2013/09/21/ios-7-bug-lock-screen/,success,direct,893,2.572,
24267,http://mashable.com/2014/04/28/homeland-security-internet-explorer/,success,direct,1122,1.525,
32642,http://mashable.com/2014/09/12/grand-theft-auto-v-gets-next-gen-pc-release-dates/,success,direct,1300,1.96,
24490,http://mashable.com/2014/05/01/donald-sterling-nba-clippers-1982/,success,direct,3131,1.926,
3935,http://mashable.com/2013/03/17/6-jobs-you-can-do-anywhere/,success,direct,4197,1.739,
11430,http://mashable.com/2013/08/13/ocd-love-poem/,success,direct,461,1.426,
26187,http://mashable.com/2014/06/02/apple-fortune-500-2014/,success,direct,1078,1.573,
31506,http://mashable.com/2014/08/26/federal-cyber-security-official-child-porn/,success,direct,3063,2.072,
15949,http://mashable.com/2013/11/11/red-cross-typhoon-haiyan-photo/,success,direct,1700,1.453,
36879,http://mashable.com/2014/11/13/isis-currency-design/,success,direct,3903,1.473,
20881,http://mashable.com/2014/02/23/hacking-team-spyware-governments/,success,direct,8563,1.629,
4160,http://mashable.com/2013/03/21/events-listing-new-york-san-fransico/,success,direct,3532,1.543,
26376,http://mashable.com/2014/06/04/low-office-productivity/,success,direct,1665,1.517,
13144,http://mashable.com/2013/09/17/shoes-of-prey-partners-with-tome/,success,direct,3053,1.432,
24601,http://mashable.com/2014/05/02/what-happened-in-ukraine/,success,direct,6390,1.549,
37906,http://mashable.com/2014/11/30/amazon-holiday-labor-seniors/,success,direct,7070,1.5,
5775,http://mashable.com/2013/04/23/chris-hadfield-takes-photos/,failed,failed,0,8.043,direct=text_too_short:192; wayback=wayback_status:301
37966,http://mashable.com/2014/12/01/holiday-shopping-music-monday-playlist/,success,direct,1688,1.471,
9064,http://mashable.com/2013/06/27/hangout-days-design/,success,direct,707,1.424,
14514,http://mashable.com/2013/10/14/nobel-laureates-changed-world/,success,direct,1234,1.39,
30638,http://mashable.com/2014/08/11/jezebel-gawker-rape-gifs/,success,direct,2618,1.447,
36588,http://mashable.com/2014/11/10/cute-derpy-baby-elephants-gifs/,success,direct,589,1.423,
21084,http://mashable.com/2014/02/26/snapchat-challenge-sxsw/,success,direct,787,1.362,
15533,http://mashable.com/2013/11/02/apples-ipad-air-shortage/,success,direct,1996,1.471,
30525,http://mashable.com/2014/08/08/jimmy-kimmel-shark-week-sporks/,failed,failed,0,13.629,direct=text_too_short:192; wayback=Article `download()` failed with 429 Client Error: Too Many Requests for url: https://web.archive.org/web/20140810015357id_/http://mashable.com:80/2014/08/08/jimmy-kimmel-shark-week-sporks/ on URL https://web.archive.org/web/20140810015357id_/http://mashable.com:80/2014/08/08/jimmy-kimmel-shark-week-sporks/
608,http://mashable.com/2013/01/17/inauguration-supercut/,success,direct,943,2.11,
7638,http://mashable.com/2013/05/30/gmails-new-inbox-brief/,success,direct,541,1.952,
29977,http://mashable.com/2014/07/31/biden-healthcare/,success,direct,2332,1.389,
3852,http://mashable.com/2013/03/14/youtube-capture-ipad/,success,direct,646,1.458,
36592,http://mashable.com/2014/11/10/evernote-funding-nikkei/,success,direct,1213,1.425,
35671,http://mashable.com/2014/10/28/facebook-q3-earnings-preview-2014/,success,direct,2536,1.499,
2445,http://mashable.com/2013/02/18/simplcase-iphone-travelers/,success,direct,764,1.541,
20582,http://mashable.com/2014/02/17/twitter-time/,success,direct,3342,1.445,
39190,http://mashable.com/2014/12/18/minority-police-eric-garner-michael-brown/,success,direct,9657,1.461,
10089,http://mashable.com/2013/07/17/tumblr-update-ios-password-security/,success,direct,1358,1.338,
11541,http://mashable.com/2013/08/15/daredevil-instagram-photos/,success,direct,973,1.627,
29920,http://mashable.com/2014/07/30/how-twitter-can-monetize/,success,direct,4885,1.667,
19686,http://mashable.com/2014/01/31/heinz-super-bowl-ad/,success,direct,1157,1.078,
34260,http://mashable.com/2014/10/08/coffee-genes/,success,direct,3219,1.565,
20675,http://mashable.com/2014/02/19/mashreads-heroes/,success,direct,1511,1.445,
20691,http://mashable.com/2014/02/19/seemove-object-recognition/,success,direct,1958,1.503,
31527,http://mashable.com/2014/08/26/jet-engine-music/,success,direct,1431,1.493,
31018,http://mashable.com/2014/08/18/monday-fail-gifs/,success,direct,551,2.074,
7201,http://mashable.com/2013/05/21/oklahoma-tornado-photos/,success,direct,1231,2.176,
35963,http://mashable.com/2014/10/31/hiring-millennials-mistakes/,success,direct,4552,2.121,
25444,http://mashable.com/2014/05/19/gap-brand-marketing-strategy/,success,direct,9622,1.511,
25055,http://mashable.com/2014/05/12/lg-announces-three-new-g-pad-tablets/,success,direct,1053,1.493,
25300,http://mashable.com/2014/05/15/spoonrocket-funding/,success,direct,2800,2.063,
1453,http://mashable.com/2013/01/31/nfl-star-jj-watt-proposes-fan/,success,direct,867,2.201,
15491,http://mashable.com/2013/11/01/drive-car-with-mind/,success,direct,1455,3.631,
30606,http://mashable.com/2014/08/11/7-year-selfie-video/,success,direct,427,2.416,
18085,http://mashable.com/2013/12/27/nasa-selfie/,success,direct,1200,1.858,
28824,http://mashable.com/2014/07/13/the-first-trailer-for-american-horror-story-freak-show-is-short-and-terrifying/,success,direct,1319,1.745,
21713,http://mashable.com/2014/03/11/whatsapp-security-flaw/,success,direct,1309,1.501,
32948,http://mashable.com/2014/09/17/iran-happy-dancers-prison-lashes/,success,direct,2174,1.432,
27393,http://mashable.com/2014/06/20/ask-a-dev-ios-8-for-web/,success,direct,929,1.638,
12678,http://mashable.com/2013/09/08/olympics-brandspeak/,success,direct,3724,1.418,
9929,http://mashable.com/2013/07/15/how-to-train-your-dragon-2-trailer/,success,direct,1334,1.452,
32079,http://mashable.com/2014/09/04/getting-rid-of-nude-celebrity-photos-web/,success,direct,3632,1.404,
20938,http://mashable.com/2014/02/24/new-mozilla-partnership-promises-to-deliver-a-25-smartphone/,success,direct,2297,1.453,
1993,http://mashable.com/2013/02/10/kids-apps-geography/,success,direct,788,1.435,
9192,http://mashable.com/2013/06/30/iblazr-mobile-flash/,success,direct,1354,1.432,
30709,http://mashable.com/2014/08/12/lauren-bacall-dead-dies-at-89/,success,direct,5435,1.978,
28505,http://mashable.com/2014/07/08/tom-hanks-this-is-how-we-do-it/,success,direct,1080,1.49,
967,http://mashable.com/2013/01/23/twitter-logo-middle-finger/,success,direct,1068,1.447,
13302,http://mashable.com/2013/09/19/snoutbook-pets-app/,success,direct,1741,1.466,
22460,http://mashable.com/2014/03/26/oculus-rift-facebook-freakout/,success,direct,7890,1.443,
8372,http://mashable.com/2013/06/13/man-of-steel-superman-infographic/,success,direct,958,1.969,
10877,http://mashable.com/2013/08/01/the-moto-x-unboxed/,success,direct,926,1.408,
5501,http://mashable.com/2013/04/17/google-glass-unboxing-video/,success,direct,864,1.416,
33157,http://mashable.com/2014/09/20/times-square-nyc-prices/,success,direct,592,1.456,
13151,http://mashable.com/2013/09/17/stock-photography/,success,direct,5707,1.408,
16540,http://mashable.com/2013/11/22/sleep-cycle-app/,success,direct,3381,1.575,
25911,http://mashable.com/2014/05/27/true-detective-3-leads-season-2/,success,direct,2341,1.439,
21001,http://mashable.com/2014/02/25/fitness-trackers-heart-rate/,success,direct,5905,1.474,
27406,http://mashable.com/2014/06/20/employee-training-benefits/,success,direct,3931,1.473,
36396,http://mashable.com/2014/11/06/spotify-royalties-artists-payments-taylor-swift/,success,direct,14074,1.449,
18046,http://mashable.com/2013/12/26/fear-and-scary-scents/,success,direct,4234,1.501,
36736,http://mashable.com/2014/11/11/takashi-murakami/,success,direct,4375,1.454,
22975,http://mashable.com/2014/04/04/grubhub-goes-public/,success,direct,1709,1.5,
8904,http://mashable.com/2013/06/24/vine-hashtags-cool/,success,direct,3076,1.437,
6882,http://mashable.com/2013/05/15/chrome-racer/,success,direct,1123,1.472,
36259,http://mashable.com/2014/11/05/cardboard-furniture-nyc-subway-car/,success,direct,1228,1.47,
29224,http://mashable.com/2014/07/18/putins-television-war/,success,direct,4303,1.378,
39521,http://mashable.com/2014/12/24/police-body-cameras-berkeley/,success,direct,5082,1.46,
9598,http://mashable.com/2013/07/09/coke-cans-spotify/,success,direct,873,1.325,
18234,http://mashable.com/2014/01/02/ford-solar-energi-car-c-max/,success,direct,1745,1.497,
16131,http://mashable.com/2013/11/14/shane-dawson-nbc-sitcom/,success,direct,1827,1.442,
24651,http://mashable.com/2014/05/05/android-kitkat-adoption/,success,direct,1556,1.427,
21466,http://mashable.com/2014/03/06/gassy-psa-fracking/,success,direct,1056,1.659,
32619,http://mashable.com/2014/09/12/adrian-peterson-worst-sports-week-ever/,success,direct,2969,1.442,
33806,http://mashable.com/2014/10/01/data-for-cookies/,success,direct,5145,1.439,
30204,http://mashable.com/2014/08/04/great-britain-lights-out/,success,direct,1309,1.954,
10171,http://mashable.com/2013/07/19/benedict-cumberbatch-birthday-gifs/,success,direct,1497,1.434,
31561,http://mashable.com/2014/08/26/ukrainians-arm-themselves-in-preparation-for-battle/,success,direct,6347,2.454,
6161,http://mashable.com/2013/04/30/poets-day-jobs-comic/,success,direct,904,1.405,
2290,http://mashable.com/2013/02/14/roses-are-red-comedians/,success,direct,875,1.791,
37604,http://mashable.com/2014/11/24/john-oliver-pardoning-turkeys/,success,direct,385,3.578,
36505,http://mashable.com/2014/11/08/dallas-ebola-monitoring-ends/,success,direct,4578,1.501,
23469,http://mashable.com/2014/04/14/disney-maker-counterbid/,success,direct,2197,1.672,
22073,http://mashable.com/2014/03/19/famous-quotes-modernized-internet/,success,direct,503,1.529,
26591,http://mashable.com/2014/06/08/rafael-nadal-wins-french-open/,success,direct,1963,1.441,
7250,http://mashable.com/2013/05/22/ibms-watson-customer-service/,success,direct,1272,1.537,
6933,http://mashable.com/2013/05/15/report-paypal-to-offer-free-payment-processing-for-qualifying-merchants/,success,direct,1215,1.916,
9060,http://mashable.com/2013/06/27/google-glass-in-operating-room/,success,direct,1552,1.483,
27621,http://mashable.com/2014/06/24/future-batman-actors/,success,direct,718,1.426,
16987,http://mashable.com/2013/12/04/aziz-ansari-sari-christmas/,success,direct,673,1.501,
27705,http://mashable.com/2014/06/25/cw-flash-premiere-date/,success,direct,2421,1.497,
5100,http://mashable.com/2013/04/09/narcissistic-cat/,success,direct,812,1.486,
30752,http://mashable.com/2014/08/13/amazon-enters-the-mobile-payments-space-undercuts-square/,success,direct,2243,1.441,
35557,http://mashable.com/2014/10/27/boko-haram-survivors/,success,direct,4055,1.514,
5746,http://mashable.com/2013/04/22/social-media-day-june-30-2013/,success,direct,1598,1.629,
27170,http://mashable.com/2014/06/17/is-jupiter-our-friend-or-foe/,success,direct,378,1.462,
18623,http://mashable.com/2014/01/09/snapchat-update-2/,success,direct,1433,2.551,
1503,http://mashable.com/2013/02/01/facebook-mental-health/,success,direct,2244,1.095,
5360,http://mashable.com/2013/04/15/boston-marathon-explosions-news-reddit/,success,direct,1243,1.422,
13552,http://mashable.com/2013/09/24/trench-run-oculus-rift/,success,direct,740,1.534,
19292,http://mashable.com/2014/01/23/whisper-app/,success,direct,13314,1.518,
18686,http://mashable.com/2014/01/11/neptune-pine/,success,direct,247,1.733,
22565,http://mashable.com/2014/03/28/facebook-news-consumption/,success,direct,804,1.525,
7779,http://mashable.com/2013/06/03/dkny-artworks/,success,direct,1800,1.578,
38840,http://mashable.com/2014/12/12/united-airlines-australia/,success,direct,2603,1.403,
21954,http://mashable.com/2014/03/17/grandma-instagram-cancer/,success,direct,933,1.469,
5395,http://mashable.com/2013/04/15/samsung-galaxy-s4-canada/,success,direct,879,1.791,
5286,http://mashable.com/2013/04/12/money-for-shopping-ibotta-app/,success,direct,4017,1.693,
13604,http://mashable.com/2013/09/25/roku-lt-1-2/,success,direct,4161,1.4,
14192,http://mashable.com/2013/10/08/barbie-doll-camera/,success,direct,727,1.505,
15965,http://mashable.com/2013/11/12/ask-a-dev-remote-install-ios/,success,direct,1612,1.488,
37520,http://mashable.com/2014/11/22/police-shootings-history/,success,direct,1297,1.58,
6573,http://mashable.com/2013/05/08/reddit-facts-5-8/,success,direct,825,2.182,
30839,http://mashable.com/2014/08/14/flipboard-video-ads/,success,direct,1386,1.809,
14942,http://mashable.com/2013/10/22/hands-on-with-the-ipad-air/,success,direct,2353,1.658,
34052,http://mashable.com/2014/10/05/green-commuters-by-state/,success,direct,1674,1.446,
23505,http://mashable.com/2014/04/14/robot-mice-evolution/,success,direct,2635,2.777,
28499,http://mashable.com/2014/07/08/spacewalker-beer-ohio/,success,direct,3037,2.282,
10045,http://mashable.com/2013/07/17/digital-pen-spell-check-lernstift/,success,direct,1238,1.726,
30380,http://mashable.com/2014/08/06/netflix-beats-hbo-milestone/,success,direct,1709,4.856,
8931,http://mashable.com/2013/06/25/hot-social-media-jobs/,success,direct,4890,1.842,
1213,http://mashable.com/2013/01/28/prank-on-mom/,success,direct,577,2.311,
15236,http://mashable.com/2013/10/28/halloween-conference-call/,success,direct,663,2.647,
20909,http://mashable.com/2014/02/23/watch-mark-zuckerberg-keynote/,success,direct,826,2.959,
32603,http://mashable.com/2014/09/11/strong-solar-storm-earth/,success,direct,2692,2.303,
34266,http://mashable.com/2014/10/08/ebola-dog-spain/,success,direct,2927,1.813,
19487,http://mashable.com/2014/01/28/indiegogo-funding/,success,direct,1856,1.566,
314,http://mashable.com/2013/01/12/bling-tech/,success,direct,509,1.553,
29413,http://mashable.com/2014/07/22/louisiana-new-hollywood/,success,direct,9344,1.582,
19577,http://mashable.com/2014/01/29/report-amazon-preparing-to-offer-kindle-based-checkout-system/,success,direct,1201,1.595,
311,http://mashable.com/2013/01/12/aaron-swartz-suicide/,success,direct,1228,2.131,
27517,http://mashable.com/2014/06/22/syrian-electronic-army-reportedly-hacks-startup-forwards-reuters-stories/,success,direct,1652,1.876,
13963,http://mashable.com/2013/10/02/twitter-mlb-wife-attack/,success,direct,2994,5.197,
10881,http://mashable.com/2013/08/01/working-out-business-trip/,success,direct,4213,2.566,
30906,http://mashable.com/2014/08/15/fake-ebola-cures-fda/,success,direct,1516,3.03,
35978,http://mashable.com/2014/10/31/new-york-halloween-parade-whoopi-goldberg/,success,direct,1366,3.055,
23222,http://mashable.com/2014/04/09/camp-takota-new-project/,success,direct,3470,3.457,
22146,http://mashable.com/2014/03/20/infamous-second-son-review/,success,direct,7347,2.691,
2269,http://mashable.com/2013/02/14/justin-bieber-wingman/,success,direct,654,6.677,
23623,http://mashable.com/2014/04/16/joffrey-photobomb-game-of-thrones/,success,direct,814,2.548,
3388,http://mashable.com/2013/03/07/facebook-google-plus/,success,direct,2650,2.624,
27396,http://mashable.com/2014/06/20/blind-dog-sees-again/,success,direct,832,1.689,
8406,http://mashable.com/2013/06/14/build-cars-with-your-kids/,success,direct,1136,1.507,
14473,http://mashable.com/2013/10/13/rumor-apple-to-offer-12-inch-retina-macbook-in-2014/,success,direct,1414,2.656,
8494,http://mashable.com/2013/06/17/apple-statement-nsa/,success,direct,1118,1.578,
31292,http://mashable.com/2014/08/22/gz-media-vinyl-records/,success,direct,1021,1.791,
12898,http://mashable.com/2013/09/12/iphone-5s-gaming/,success,direct,6812,1.768,
37171,http://mashable.com/2014/11/18/brothers-jail/,success,direct,1064,1.558,
13488,http://mashable.com/2013/09/24/abercrombie-ylvis-the-fox/,success,direct,553,1.599,
2279,http://mashable.com/2013/02/14/obama-cybersecurity-brief/,success,direct,544,1.696,
8480,http://mashable.com/2013/06/16/google-child-porn/,success,direct,1375,2.126,
30346,http://mashable.com/2014/08/06/chris-pratt-yearbook-photo/,success,direct,1645,1.588,
23725,http://mashable.com/2014/04/17/throwback-thursday-etiquette/,success,direct,927,1.538,
27319,http://mashable.com/2014/06/19/cia-osama-bin-laden-toy/,success,direct,2269,1.529,
25432,http://mashable.com/2014/05/19/connected-home-mike-del-ponte/,success,direct,3235,1.423,
38241,http://mashable.com/2014/12/04/jon-stewart-eric-garner/,success,direct,734,2.08,
29552,http://mashable.com/2014/07/24/comic-con-guide/,success,direct,324,1.603,
7652,http://mashable.com/2013/05/30/monsters-university-final-trailer/,success,direct,1391,1.646,
38293,http://mashable.com/2014/12/04/yemen-al-qaeda-luke-somers/,success,direct,2130,1.557,
27618,http://mashable.com/2014/06/24/facebook-news-feed-videos/,success,direct,2082,1.437,
30298,http://mashable.com/2014/08/05/move-over-edward-snowden-reports-indicate-a-new-leak-in-the-u-s-government/,success,direct,2788,1.661,
22894,http://mashable.com/2014/04/03/chris-brown-us-marshals-custody/,success,direct,896,1.737,
27739,http://mashable.com/2014/06/25/prince-this-could-be-us-meme-song/,success,direct,2036,1.581,
32242,http://mashable.com/2014/09/06/two-deer-cause-traffic-snarl-on-golden-gate-bridge/,success,direct,1151,1.44,
26492,http://mashable.com/2014/06/06/action-movie-kid-portal-gun/,success,direct,646,1.499,
35784,http://mashable.com/2014/10/29/jenny-slate-talks-marcel-the-shell/,success,direct,514,1.411,
21495,http://mashable.com/2014/03/06/vine-curated-lists/,success,direct,2257,1.457,
25847,http://mashable.com/2014/05/26/ukraine-donetsk-airport/,success,direct,3986,1.501,
23982,http://mashable.com/2014/04/23/animal-gifs/,success,direct,758,1.662,
4817,http://mashable.com/2013/04/03/mario-nintendo-tech-support/,success,direct,351,1.523,
8658,http://mashable.com/2013/06/19/moshi-ionbank/,success,direct,1167,1.571,
34536,http://mashable.com/2014/10/11/margaret-atwoods-stone-mattress-mashablereads/,success,direct,1715,1.456,
33208,http://mashable.com/2014/09/22/fox-gotham-batman-prequel/,success,direct,5628,1.511,
30280,http://mashable.com/2014/08/05/extremist-attack-lebanon-isis/,success,direct,3246,2.672,
36842,http://mashable.com/2014/11/13/5-dangerous-science-stunts/,success,direct,374,1.606,
24550,http://mashable.com/2014/05/02/blueant-pump-hd-sportsbuds-review/,success,direct,6635,2.012,
20859,http://mashable.com/2014/02/22/olympics-onesie-store/,success,direct,1829,1.533,
29463,http://mashable.com/2014/07/23/dwayne-the-rock-johnson-tonight-show/,success,direct,820,1.473,
39172,http://mashable.com/2014/12/18/childrens-films-study/,success,direct,2058,2.05,
19776,http://mashable.com/2014/02/02/wtf-potato-chip-flavors/,success,direct,609,1.504,
2952,http://mashable.com/2013/02/27/facebook-apple-google-same-sex-marriage/,success,direct,2123,1.515,
35210,http://mashable.com/2014/10/21/refugees-farm-programs/,success,direct,5109,1.559,
953,http://mashable.com/2013/01/23/social-media-your-next-job-infographic/,success,direct,1348,1.498,
29408,http://mashable.com/2014/07/22/journalist-mh17-victims-belongings/,success,direct,3729,1.632,
33182,http://mashable.com/2014/09/21/sexual-harassment-flight-attendants/,success,direct,6735,1.573,
24854,http://mashable.com/2014/05/08/adobe-voice-app/,success,direct,1818,1.53,
5941,http://mashable.com/2013/04/25/photo-challenge-hometown/,success,direct,1472,1.499,
38484,http://mashable.com/2014/12/08/uber-iheartradio-promotion-concert-tickets/,success,direct,3184,1.453,
30413,http://mashable.com/2014/08/06/wacken-music-festival/,success,direct,953,1.567,
13299,http://mashable.com/2013/09/19/samsung-galaxy-mega-review/,success,direct,1738,1.749,
1763,http://mashable.com/2013/02/06/cispa-cybersecurity-bill-resurface/,success,direct,1775,1.466,
24919,http://mashable.com/2014/05/08/twitter-stock-drop/,success,direct,1090,1.628,
16164,http://mashable.com/2013/11/15/india-hackathon-for-women/,success,direct,2358,2.957,
12361,http://mashable.com/2013/08/31/spiders-comic/,success,direct,550,2.585,
36126,http://mashable.com/2014/11/03/nick-offerman-home-depot/,success,direct,917,1.507,
7109,http://mashable.com/2013/05/20/dove-ad-most-watche/,success,direct,1722,1.609,
14729,http://mashable.com/2013/10/17/scary-attractions/,success,direct,777,1.455,
16307,http://mashable.com/2013/11/19/colonel-meow-sick/,success,direct,1795,2.012,
35919,http://mashable.com/2014/10/30/tim-cook-industry-reactions/,success,direct,3450,1.462,
28886,http://mashable.com/2014/07/14/plane-ukraine/,success,direct,4858,1.497,
20882,http://mashable.com/2014/02/23/inspiring-olympics-moments-sochi/,success,direct,452,1.593,
24100,http://mashable.com/2014/04/24/john-oliver-scores-first-interview-with-retired-nsa-head-for-last-week-tonight-debut/,success,direct,680,1.69,
25514,http://mashable.com/2014/05/20/lemonhead-mascot/,success,direct,1092,1.462,
6039,http://mashable.com/2013/04/28/early-bird-news-comic/,success,direct,369,1.382,
7915,http://mashable.com/2013/06/05/jobs-marketing-listing/,success,direct,5648,1.455,
32797,http://mashable.com/2014/09/15/flipboard-video-ads-launch/,success,direct,1684,1.468,
33508,http://mashable.com/2014/09/26/dumb-and-dumber-to-tralier-2/,success,direct,533,2.037,
23637,http://mashable.com/2014/04/16/prefundia-kickstarter-crowdsourcing/,success,direct,1681,1.606,
3693,http://mashable.com/2013/03/12/vines-biggest-obstacle/,success,direct,4478,1.369,
29893,http://mashable.com/2014/07/30/allison-williams-peter-pan/,success,direct,1570,1.565,
37662,http://mashable.com/2014/11/25/driverless-cars-uk/,success,direct,3094,1.383,
8857,http://mashable.com/2013/06/24/apple-stock-400/,success,direct,1157,1.453,
15981,http://mashable.com/2013/11/12/how-to-custom-timeline-twitter/,success,direct,3819,1.462,
21679,http://mashable.com/2014/03/11/malaysia-airlines-stolen-passports/,success,direct,3785,1.42,
27582,http://mashable.com/2014/06/23/san-francisco-parking-app-ban-monkeuparking/,success,direct,2347,0.788,
4448,http://mashable.com/2013/03/27/ford-car-data/,success,direct,5834,1.386,
5770,http://mashable.com/2013/04/23/bud-light-nba-shane-battier/,success,direct,770,1.497,
943,http://mashable.com/2013/01/23/nhl-fan-hockey-puck-beer/,success,direct,476,1.421,
17460,http://mashable.com/2013/12/12/skillcrush-video/,success,direct,3345,1.477,
5020,http://mashable.com/2013/04/08/facebook-home-leaks-online-but-dont-download-it-yet/,success,direct,1134,1.447,
27123,http://mashable.com/2014/06/16/webmd-health-hub/,success,direct,2412,1.513,
28717,http://mashable.com/2014/07/11/dana-carvey-choppin-broccoli/,success,direct,660,1.692,
8560,http://mashable.com/2013/06/18/dumb-ways-to-die-cannes/,success,direct,777,1.432,
252,http://mashable.com/2013/01/10/why-are-people-still-buying-cds/,success,direct,3402,1.428,
22374,http://mashable.com/2014/03/25/ground-coffee-art/,success,direct,858,1.43,
15644,http://mashable.com/2013/11/05/flickr-hurricane-sandy/,success,direct,2188,1.929,
23258,http://mashable.com/2014/04/09/nicolas-cage-art-show-party/,success,direct,3593,1.411,
8543,http://mashable.com/2013/06/17/us-open-hole-in-one/,success,direct,941,1.646,
18552,http://mashable.com/2014/01/08/new-years-eve-times-square-time-lapse/,success,direct,656,1.416,
16423,http://mashable.com/2013/11/20/tesla-nhtsa-safety-rating/,success,direct,1682,4.672,
26379,http://mashable.com/2014/06/04/nba-finals-heat-spurs-preview-2014/,success,direct,9254,3.512,
15466,http://mashable.com/2013/10/31/job-interview-q-and-a/,success,direct,5388,2.016,
4202,http://mashable.com/2013/03/21/yoko-ono-tweets-john-lennon-glasses-guns/,success,direct,1554,3.026,
8901,http://mashable.com/2013/06/24/toy-story-grand-theft-auto/,success,direct,1406,1.996,
5991,http://mashable.com/2013/04/26/livingsocial-hack/,success,direct,867,2.03,
35814,http://mashable.com/2014/10/29/sri-lanka-mudslide/,success,direct,2331,2.579,
16343,http://mashable.com/2013/11/19/pay-uber-with-paypal/,success,direct,1358,2.733,
4168,http://mashable.com/2013/03/21/google-street-view-easter-egg-hunt/,success,direct,707,2.433,
24002,http://mashable.com/2014/04/23/cute-pit-bull-photos/,success,direct,1810,1.772,
13952,http://mashable.com/2013/10/02/real-life-rocky-video/,success,direct,842,2.663,
16602,http://mashable.com/2013/11/24/viral-video-recap-55/,success,direct,966,1.883,
13991,http://mashable.com/2013/10/03/facebook-reveals-personality/,success,direct,2850,4.778,
13966,http://mashable.com/2013/10/02/visa-mastercard-amex-digital-tokens/,success,direct,2368,2.126,
31784,http://mashable.com/2014/08/29/this-is-your-brain-on-coffee/,success,direct,296,1.733,
3220,http://mashable.com/2013/03/04/super-smash-kittens/,success,direct,464,1.984,
14675,http://mashable.com/2013/10/16/syrian-refugee-ecards/,success,direct,1642,1.613,
19304,http://mashable.com/2014/01/24/delightful-dream-date-tinder/,success,direct,1593,2.472,
27182,http://mashable.com/2014/06/17/oj-simpsons-car-chase-wouldve-been-way-different-if-he-used-waze/,success,direct,2593,2.994,
14889,http://mashable.com/2013/10/21/orbitz-rewards-program/,success,direct,2024,1.497,
28155,http://mashable.com/2014/07/02/drone-flies-dangerously-close-to-planes-at-canadian-airport/,success,direct,1769,1.649,
24263,http://mashable.com/2014/04/28/google-self-driving-car-video-city-streets/,success,direct,2271,2.686,
31176,http://mashable.com/2014/08/20/robin-williams-emmy-tribute/,success,direct,1145,1.762,
13639,http://mashable.com/2013/09/26/evernote-post-it/,success,direct,1270,1.743,
24032,http://mashable.com/2014/04/23/militants-confirm-vice-ostrovsky-capture/,success,direct,4473,1.816,
10671,http://mashable.com/2013/07/29/taylor-swift-carly-simon-duet/,success,direct,1022,2.655,
469,http://mashable.com/2013/01/15/funny-reviews-amazon-google/,success,direct,1864,1.809,
36886,http://mashable.com/2014/11/13/lorde-dont-tell-em-cover/,success,direct,299,1.745,
24315,http://mashable.com/2014/04/28/webby-awards-2014/,success,direct,2748,1.681,
24375,http://mashable.com/2014/04/29/supreme-court-warrantless-cellphone-search-hearing/,success,direct,6699,1.492,
30113,http://mashable.com/2014/08/01/student-files-privacy-class-action-suit-against-facebook/,success,direct,2533,1.598,
15780,http://mashable.com/2013/11/07/love-actually/,success,direct,584,1.476,
2149,http://mashable.com/2013/02/12/vladentines-day-tumblr/,success,direct,556,1.538,
20009,http://mashable.com/2014/02/06/pussy-riot-amnesty-concert-review/,success,direct,5224,1.62,
26009,http://mashable.com/2014/05/29/donald-sterling-most-hated-man/,success,direct,2435,1.874,
14815,http://mashable.com/2013/10/19/top-10-tech-this-week-56/,success,direct,1531,1.647,
38162,http://mashable.com/2014/12/03/japan-asteroid-probe-jaxa/,success,direct,1783,1.77,
20071,http://mashable.com/2014/02/07/sochi-mascots/,success,direct,766,1.639,
37388,http://mashable.com/2014/11/20/no-net-neutrality-decision-2014/,success,direct,1459,1.637,
31357,http://mashable.com/2014/08/24/celebrity-reactions-vmas/,success,direct,475,1.645,
10506,http://mashable.com/2013/07/25/holovision-life-size-holograms/,success,direct,3381,1.488,
1487,http://mashable.com/2013/02/01/apple-top-mobile-phone/,success,direct,1662,1.633,
2494,http://mashable.com/2013/02/19/most-terrifying-drone-video/,success,direct,1628,1.712,
7567,http://mashable.com/2013/05/29/honda-walking-assist-device-japan/,success,direct,984,1.94,
22036,http://mashable.com/2014/03/18/school-bans-my-little-pony-backpack/,success,direct,2348,1.629,
26594,http://mashable.com/2014/06/08/sasha-sagan-carl-sagan-cosmos/,success,direct,7691,2.136,
17503,http://mashable.com/2013/12/13/lingerie/,success,direct,5392,2.688,
144,http://mashable.com/2013/01/09/mark-cuban-twitter-fine/,success,direct,1624,1.599,
33101,http://mashable.com/2014/09/19/jetblue-emergency-landing/,success,direct,2460,1.652,
35093,http://mashable.com/2014/10/20/lebron-james-beats-ad/,success,direct,1642,1.564,
3855,http://mashable.com/2013/03/15/beefy-the-skateboarding-bulldog/,success,direct,548,1.502,
24735,http://mashable.com/2014/05/06/google-maps-ios-3-0/,success,direct,2251,1.506,
17425,http://mashable.com/2013/12/12/eye-fi-mobi-windows/,success,direct,1293,2.077,
34033,http://mashable.com/2014/10/04/newark-plane-cdc-ebola/,success,direct,3580,1.506,
30785,http://mashable.com/2014/08/13/makeup-transformation/,success,direct,953,1.436,
21910,http://mashable.com/2014/03/16/battle-uncertainty/,success,direct,1776,1.467,
20227,http://mashable.com/2014/02/11/flappy-bird-no-nice-things/,success,direct,4968,1.395,
31139,http://mashable.com/2014/08/20/california-hospital-patient-ebola/,success,direct,1565,1.746,
22109,http://mashable.com/2014/03/19/the-giver/,success,direct,1237,1.506,
1174,http://mashable.com/2013/01/28/budweiser-twitter/,success,direct,1168,1.396,
9194,http://mashable.com/2013/06/30/lost-stuff-comic/,success,direct,307,1.397,
3265,http://mashable.com/2013/03/05/iphone-tripod/,success,direct,1199,1.547,
10562,http://mashable.com/2013/07/26/moon-insomnia/,success,direct,4455,1.585,
32579,http://mashable.com/2014/09/11/iceland-bardabunga-volcano-eruption-photos/,success,direct,1692,1.537,
31473,http://mashable.com/2014/08/25/what-is-twich/,success,direct,5799,6.836,
20751,http://mashable.com/2014/02/20/microsoft-mobile-broadband/,success,direct,1385,3.207,
22256,http://mashable.com/2014/03/22/google-doodle-agnes-martin/,success,direct,1047,3.349,
18652,http://mashable.com/2014/01/10/media-christie-apology/,success,direct,4653,3.191,
33631,http://mashable.com/2014/09/29/ed-holtom-emma-watson-un-speech/,success,direct,1534,4.135,
7335,http://mashable.com/2013/05/23/mlb-stadium-snow-cones-bathroom/,success,direct,1318,4.712,
25480,http://mashable.com/2014/05/19/wake-forest-2014/,success,direct,1055,2.245,
38154,http://mashable.com/2014/12/03/grand-theft-auto-australia/,success,direct,2424,1.883,
23891,http://mashable.com/2014/04/21/sony-xperia-z2-tablet-review/,success,direct,7844,3.882,
28081,http://mashable.com/2014/07/01/gopro-stock-ipo-doubled/,success,direct,783,4.967,
33889,http://mashable.com/2014/10/02/criminal-minds-jennifer-love-hewitt/,success,direct,1090,1.746,
37266,http://mashable.com/2014/11/19/engineering-photography-competition/,success,direct,4674,4.27,
9976,http://mashable.com/2013/07/16/chris-gorham-covert-affairs-vine/,success,direct,4396,10.458,
23006,http://mashable.com/2014/04/04/stephen-colbert-replace-david-letterman-late-night/,success,direct,6000,3.508,
10890,http://mashable.com/2013/08/02/bear-steals-dumpster/,success,direct,783,20.078,
17176,http://mashable.com/2013/12/07/rebecca-black-saturday/,success,direct,1114,75.283,
5576,http://mashable.com/2013/04/18/may-fourth-be-with-you-event/,success,direct,2035,2.341,
11300,http://mashable.com/2013/08/11/cursive-extinct/,success,direct,801,1.773,
12216,http://mashable.com/2013/08/28/nexus-7-europe/,success,direct,662,1.653,
6424,http://mashable.com/2013/05/06/is-this-publix-mothers-day-ad-pro-life/,success,direct,1465,1.985,
2893,http://mashable.com/2013/02/26/google-worried-about-samsung/,success,direct,1355,1.637,
12387,http://mashable.com/2013/09/02/captain-kirk-miley-cyrus-vmas/,success,direct,515,2.498,
17969,http://mashable.com/2013/12/23/singapore-government-bitcoin/,success,direct,2064,1.842,
23712,http://mashable.com/2014/04/17/russia-protesters-ukraine-firefight/,success,direct,699,18.551,
1911,http://mashable.com/2013/02/08/eric-schmidt-selling-google/,success,direct,1567,2.841,
13458,http://mashable.com/2013/09/23/moons-age-discovered/,success,direct,3077,1.898,
1900,http://mashable.com/2013/02/08/chris-hadfield-ed-robertson-song/,success,direct,3638,2.312,
19570,http://mashable.com/2014/01/29/nsa-privacy-officer/,success,direct,1938,1.744,
29787,http://mashable.com/2014/07/28/sarah-palin-channel/,success,direct,2297,3.28,
9038,http://mashable.com/2013/06/26/we-are-the-15-percent/,success,direct,1657,1.943,
1033,http://mashable.com/2013/01/24/tech-salaries/,success,direct,2963,1.59,
9051,http://mashable.com/2013/06/27/ecommerce-study-china-asia/,success,direct,1476,1.599,
39558,http://mashable.com/2014/12/25/easyjet-christmas-strike/,success,direct,1838,1.515,
35611,http://mashable.com/2014/10/27/online-price-discrimination/,success,direct,2766,1.717,
15518,http://mashable.com/2013/11/01/nasa-student-low-gravity/,success,direct,1354,1.481,
896,http://mashable.com/2013/01/23/amazon-kindle-canada/,success,direct,1316,1.491,
16539,http://mashable.com/2013/11/22/resume-debate-answered/,success,direct,9764,1.62,
7327,http://mashable.com/2013/05/23/kindle-fire-hd-and-hd-8-9-now-available-for-pre-order-in-170-countries/,success,direct,860,3.059,
879,http://mashable.com/2013/01/22/tweets-school-shooting/,success,direct,552,1.803,
17120,http://mashable.com/2013/12/06/hoodiebuddie/,success,direct,2759,2.64,
26755,http://mashable.com/2014/06/10/volkswagen-psa-texting-and-driving/,success,direct,929,4.725,
7122,http://mashable.com/2013/05/20/oklahoma-tornado-social-media/,success,direct,589,3.015,
36339,http://mashable.com/2014/11/06/american-idol-season-14-art/,success,direct,756,1.615,
39195,http://mashable.com/2014/12/18/north-korea-sony-hack-law/,success,direct,3258,1.445,
11714,http://mashable.com/2013/08/19/jj-abrams-strager-teaser-bad-robot/,success,direct,1787,1.464,
7416,http://mashable.com/2013/05/25/apps-great-outdoors/,success,direct,741,1.708,
31162,http://mashable.com/2014/08/20/melbourne-beats-sydney/,success,direct,1761,1.026,
11839,http://mashable.com/2013/08/21/field-trip-glass-app/,success,direct,1732,1.715,
7403,http://mashable.com/2013/05/24/standardized-testing/,success,direct,1753,1.459,
9761,http://mashable.com/2013/07/11/lenovo-emerges-as-worlds-biggest-pc-maker/,success,direct,1572,1.521,
14257,http://mashable.com/2013/10/09/create-app-without-budget/,success,direct,1408,1.505,
3000,http://mashable.com/2013/02/27/titanic-ii-sungha-jung-my-heart-will-go-on/,success,direct,843,1.59,
14006,http://mashable.com/2013/10/03/patrick-roy-tantrum/,success,direct,1173,1.525,
8508,http://mashable.com/2013/06/17/facebook-mobile-ads-price/,success,direct,2008,1.645,
3835,http://mashable.com/2013/03/14/shaq-steve-jobs-iphone/,success,direct,1217,3.225,
30437,http://mashable.com/2014/08/07/fish-plays-pokemon-twitch/,success,direct,2541,3.831,
20088,http://mashable.com/2014/02/08/avalanche-italy/,success,direct,474,3.808,
19725,http://mashable.com/2014/02/01/best-android-tablet-apps/,success,direct,1852,2.181,
25468,http://mashable.com/2014/05/19/silicon-valley-season-1-episode-7/,success,direct,4052,2.021,
5384,http://mashable.com/2013/04/15/is-it-possible-to-disappear/,success,direct,3383,1.543,
13800,http://mashable.com/2013/09/30/facebook-graph-search-conversations/,success,direct,3024,1.405,
29822,http://mashable.com/2014/07/29/connie-britton-geena-rocero-social-good-summit/,success,direct,2399,1.392,
11234,http://mashable.com/2013/08/09/how-to-prevent-porn-sexting/,success,direct,3956,1.62,
17291,http://mashable.com/2013/12/10/ed-norton-verizon-droid-ad/,success,direct,1252,1.482,
32666,http://mashable.com/2014/09/12/oscar-pistorius-verdict-trial/,success,direct,6391,1.536,
2743,http://mashable.com/2013/02/23/smallest-space-telescopes/,success,direct,2499,1.408,
26169,http://mashable.com/2014/06/01/myspace-old-photos/,success,direct,1424,1.477,
22069,http://mashable.com/2014/03/19/dropbox-single-log-in/,success,direct,345,1.459,
2541,http://mashable.com/2013/02/20/grumpy-cat-latte/,success,direct,545,1.456,
262,http://mashable.com/2013/01/11/alien-life-exoplanet-moons/,success,direct,2499,1.498,
39028,http://mashable.com/2014/12/16/kelly-clarkson-reba-mcentire-fancy/,success,direct,1196,1.51,
21717,http://mashable.com/2014/03/12/30-youtube-videos-30-seconds/,success,direct,757,1.349,
470,http://mashable.com/2013/01/15/google-glass-developers/,success,direct,1534,1.537,
34959,http://mashable.com/2014/10/17/halloween-2-minutes/,success,direct,321,1.366,
23120,http://mashable.com/2014/04/07/twitter-acquires-cover/,success,direct,1664,1.428,
3419,http://mashable.com/2013/03/07/officially-amazing-world-records/,success,direct,1920,1.391,
7613,http://mashable.com/2013/05/30/apple-store-comic/,success,direct,404,1.523,
23094,http://mashable.com/2014/04/07/joe-biden-twitter-midterm/,success,direct,2822,1.539,
31178,http://mashable.com/2014/08/20/sad-littlefinger-game-of-thrones/,success,direct,711,1.666,
31260,http://mashable.com/2014/08/21/the-absorbing-man-is-coming-to-agents-of-s-h-i-e-l-d/,success,direct,807,1.507,
37431,http://mashable.com/2014/11/21/bulldog-sounds-like-engine/,success,wayback,265,16.42,
20126,http://mashable.com/2014/02/09/flappy-bird-down/,success,direct,1913,1.651,
15497,http://mashable.com/2013/11/01/fab-cofounder-leaves-company/,success,direct,1548,1.396,
34505,http://mashable.com/2014/10/10/robo-snake/,success,direct,1116,1.393,
33581,http://mashable.com/2014/09/27/video-games-new-perspectives/,success,direct,733,1.495,
24360,http://mashable.com/2014/04/29/nasa-william-shatner-award/,success,direct,823,1.422,
38358,http://mashable.com/2014/12/06/apple-watch-survey/,success,direct,3575,1.479,
1557,http://mashable.com/2013/02/02/the-wire-full-house/,success,direct,1171,1.407,
37317,http://mashable.com/2014/11/19/the-voice-saved-by-tweets/,success,direct,5267,1.493,
28558,http://mashable.com/2014/07/09/houston-shooting-standoff/,success,direct,3030,1.532,
13,http://mashable.com/2013/01/07/dad-jokes/,success,direct,473,1.463,
26942,http://mashable.com/2014/06/13/delirium-pilot-trailer-hulu-lauren-oliver/,success,direct,1021,1.368,
11925,http://mashable.com/2013/08/22/music-video-polybius/,success,direct,783,0.857,
8293,http://mashable.com/2013/06/12/facebook-hashtags-ads/,success,direct,3521,1.425,
10192,http://mashable.com/2013/07/19/microsoft-surface-rt-ad/,success,direct,896,1.315,
16674,http://mashable.com/2013/11/26/miley-cyrus-time-person-of-the-year-poll/,success,direct,3087,1.466,
3168,http://mashable.com/2013/03/03/viral-video-recap-23/,success,direct,1054,0.887,
23233,http://mashable.com/2014/04/09/facebook-requiring-messenger/,success,direct,1963,1.495,
24894,http://mashable.com/2014/05/08/london-taxis-protest-uber/,success,direct,2021,1.405,
7969,http://mashable.com/2013/06/06/google-patent-facial-recognition/,success,direct,1808,1.401,
24353,http://mashable.com/2014/04/29/mars-simulation-utah-desert/,success,direct,2144,1.498,
26350,http://mashable.com/2014/06/04/concept-google-glass-targeting-display/,success,direct,1604,1.388,
3640,http://mashable.com/2013/03/12/cruxlight-plugin-cliffsnotes/,success,direct,929,1.705,
29897,http://mashable.com/2014/07/30/bull-run-selfie-france/,success,direct,751,1.495,
11990,http://mashable.com/2013/08/23/red-bull-instagram-video/,success,direct,1243,1.439,
11198,http://mashable.com/2013/08/08/snack-to-the-future/,success,direct,1494,1.408,
21502,http://mashable.com/2014/03/07/crimea-vote-russia-ukraine/,success,direct,2430,1.428,
5471,http://mashable.com/2013/04/16/whats-next-for-facebook-home/,success,direct,2492,1.367,
16894,http://mashable.com/2013/12/02/most-searched-people-2013-brandspeak/,success,direct,1500,1.394,
26237,http://mashable.com/2014/06/02/personalized-tech-brandspeak/,success,direct,4343,1.398,
12913,http://mashable.com/2013/09/12/miley-cyrus-nicolas-cage/,success,direct,469,1.475,
37224,http://mashable.com/2014/11/18/twitter-search-upgrade/,success,direct,2185,1.46,
18113,http://mashable.com/2013/12/28/resume-alternative/,success,direct,5030,1.46,
6013,http://mashable.com/2013/04/26/technology-better-mom/,success,direct,4845,1.518,
1043,http://mashable.com/2013/01/24/viral-campaign-teen-down-syndrome-sportscenter/,success,direct,1719,1.503,
499,http://mashable.com/2013/01/15/snowmen-slow-motion/,success,direct,750,1.389,
31927,http://mashable.com/2014/09/02/mexico-city-airport/,success,direct,3388,1.355,
4410,http://mashable.com/2013/03/26/stuxnet-attack-act-of-force/,success,direct,3114,1.374,
13649,http://mashable.com/2013/09/26/gmail-keyword-scan-wiretap/,success,direct,2251,1.397,
21191,http://mashable.com/2014/02/28/must-reads-2-28-14/,success,direct,4565,1.454,
27510,http://mashable.com/2014/06/22/korean-soldier-surrounded-standoff/,success,direct,1809,1.454,
13282,http://mashable.com/2013/09/19/ios-7-gifs/,success,direct,589,1.398,
12725,http://mashable.com/2013/09/09/one-direction-soccer-twitter-death-threats/,success,direct,2829,1.413,
31553,http://mashable.com/2014/08/26/sony-rx100-mark-iii-review/,success,direct,11449,1.432,
25131,http://mashable.com/2014/05/13/jawbone-mini-jambox-stereo/,success,direct,3037,1.4,
2133,http://mashable.com/2013/02/12/someone-should-start-a-tumblr/,success,direct,1332,1.464,
3875,http://mashable.com/2013/03/15/kristen-stewart-history-st-patricks/,success,direct,910,1.497,
12425,http://mashable.com/2013/09/03/glitch-art/,success,direct,1660,1.44,
28833,http://mashable.com/2014/07/14/and-the-2014-golden-dive-award-goes-to/,success,direct,1611,1.472,
19367,http://mashable.com/2014/01/26/10-jobs-replaced-by-machines/,success,direct,5824,1.52,
5457,http://mashable.com/2013/04/16/social-media-advice-column-4-16/,success,direct,3668,1.483,
14573,http://mashable.com/2013/10/15/felix-baumgartner-pov-video/,success,direct,1150,1.51,
35261,http://mashable.com/2014/10/22/emoji-costumes/,success,direct,675,1.603,
24493,http://mashable.com/2014/05/01/fake-toilet-company-privacy/,success,direct,5232,1.461,
36319,http://mashable.com/2014/11/05/taylor-swift-spotify-itunes/,success,direct,1561,1.451,
21046,http://mashable.com/2014/02/26/bitcoin-survive-mt-gox/,success,direct,4148,1.426,
12981,http://mashable.com/2013/09/13/us-waste-techology/,success,direct,2373,1.48,
1791,http://mashable.com/2013/02/06/live-chat-announcer-moxie-maven/,success,direct,2430,1.424,
21645,http://mashable.com/2014/03/10/snowden-hayden-alexander/,success,direct,2415,1.526,
37385,http://mashable.com/2014/11/20/motorola-keylink/,success,direct,1093,1.572,
18195,http://mashable.com/2013/12/31/times-square-new-years-confetti/,success,direct,9027,1.425,
2608,http://mashable.com/2013/02/21/brooklyn-nets-pr-twitter/,success,direct,2364,1.371,
37223,http://mashable.com/2014/11/18/tsa-planes-guidelines/,success,direct,1847,1.531,
15938,http://mashable.com/2013/11/11/microsoft-skydrive-xbox-one/,success,direct,2039,1.499,
19807,http://mashable.com/2014/02/03/online-media-jobs/,success,direct,5354,1.498,
34327,http://mashable.com/2014/10/08/syrian-rights-groups-save-kobani/,success,direct,1141,1.411,
39153,http://mashable.com/2014/12/17/stunning-home-improvements/,success,direct,3085,1.471,
3214,http://mashable.com/2013/03/04/samsung-teases-galaxy-4-video/,success,direct,942,1.492,
1731,http://mashable.com/2013/02/05/raspberry-pi-europe/,success,direct,546,1.508,
1319,http://mashable.com/2013/01/29/twitter-fastest-growing-social-platform/,success,direct,1029,1.404,
5676,http://mashable.com/2013/04/20/tsarnaev-enemy-combatant/,success,direct,4327,1.614,
21023,http://mashable.com/2014/02/25/prototype-photos-google-smartwatch/,success,direct,1300,1.475,
23072,http://mashable.com/2014/04/07/breakdancing-cop/,success,direct,580,1.424,
36977,http://mashable.com/2014/11/14/revenge-porn-jail-britain/,success,direct,2384,1.405,
22456,http://mashable.com/2014/03/26/nick-young-celebration/,success,direct,1465,1.4,
29600,http://mashable.com/2014/07/24/square-ifttt/,success,direct,1446,1.572,
35462,http://mashable.com/2014/10/24/nyc-ebola-patient-neighbors/,success,direct,2826,1.434,
14682,http://mashable.com/2013/10/16/walts-wardrobe-walter-white-breaking-bad/,success,direct,779,3.037,
33255,http://mashable.com/2014/09/23/5-reasons-paper-currency-eliminated/,success,direct,3158,1.4,
31504,http://mashable.com/2014/08/26/fantasy-football-mashable-explains/,success,direct,2726,1.503,
31322,http://mashable.com/2014/08/22/twitter-users-timeline-changes/,success,direct,6488,1.489,
18851,http://mashable.com/2014/01/15/arachnophobia/,success,direct,4853,1.506,
1930,http://mashable.com/2013/02/08/robots-drones-classroom/,success,direct,1753,2.53,
2158,http://mashable.com/2013/02/13/1-800-flowers-mobile-payments/,success,direct,1818,1.522,
10263,http://mashable.com/2013/07/21/indiegogo-funding-snowden/,success,direct,1740,1.602,
14927,http://mashable.com/2013/10/22/childrens-hospital-katy-perry-roar/,success,direct,885,1.507,
25379,http://mashable.com/2014/05/17/godzilla-is-on-a-tech-rampage/,success,direct,1311,1.489,
37647,http://mashable.com/2014/11/25/batman-darth-vader/,success,direct,1270,1.519,
30100,http://mashable.com/2014/08/01/mashable-umano/,success,direct,880,1.503,
17141,http://mashable.com/2013/12/06/stephen-king-twitter/,success,direct,1603,1.405,
5847,http://mashable.com/2013/04/24/jeoffrey-bieber-tumblr/,success,direct,863,1.351,
33058,http://mashable.com/2014/09/18/top-40-dance-central-makers-want-to-you-grooving-to-current-hits/,success,direct,2493,1.659,
10017,http://mashable.com/2013/07/16/taylor-swift-tinder-parody/,success,direct,942,1.49,
3944,http://mashable.com/2013/03/17/gopro-bullet-time/,success,direct,1075,1.54,
19351,http://mashable.com/2014/01/25/kickstarter-video-game/,success,direct,14654,1.779,
12509,http://mashable.com/2013/09/04/sony-4k-music-video-camcorders/,success,direct,1719,1.584,
26216,http://mashable.com/2014/06/02/guys-with-zooeyes-tumblr/,success,direct,700,1.506,
20050,http://mashable.com/2014/02/07/inventor-regrets-labradoodle/,success,direct,2354,1.596,
30427,http://mashable.com/2014/08/07/casper-sleep/,success,direct,3311,1.417,
21721,http://mashable.com/2014/03/12/alzheimers-blood-test/,success,direct,2272,1.58,
19150,http://mashable.com/2014/01/21/sony-smartphone-4k-video/,success,direct,1326,1.474,
26697,http://mashable.com/2014/06/10/faa-first-commercial-drone-flights-us-land/,success,direct,1860,1.437,
18525,http://mashable.com/2014/01/08/conjoined-gray-whale-calves/,success,direct,1601,1.468,
14000,http://mashable.com/2013/10/03/lg-g-flex/,success,direct,587,1.438,
6948,http://mashable.com/2013/05/16/amazon-instant-video-nbcuniversal-2/,success,direct,1499,1.521,
21060,http://mashable.com/2014/02/26/galaxy-shapes/,success,direct,5311,1.371,
596,http://mashable.com/2013/01/17/disney-infinity-in-depth/,success,direct,5725,1.709,
12488,http://mashable.com/2013/09/04/kitkat-parody-apple/,success,direct,1753,1.528,
21244,http://mashable.com/2014/03/02/jennifer-lawrence-oscars-red-carpet-fall/,success,direct,1837,1.473,
1072,http://mashable.com/2013/01/25/google-flu-trends-replace-cdc/,success,direct,9095,1.34,
37537,http://mashable.com/2014/11/23/cover-letter-keywords/,success,direct,2876,1.466,
2111,http://mashable.com/2013/02/12/netflix-dreamworks-kids-series/,success,direct,1196,1.489,
3001,http://mashable.com/2013/02/27/toy-story-smash-it/,success,direct,845,1.534,
10378,http://mashable.com/2013/07/23/mt-fuji-street-view/,success,direct,1363,1.471,
22378,http://mashable.com/2014/03/25/htc-one-m8-water/,success,direct,1145,1.431,
10829,http://mashable.com/2013/08/01/edward-snowden-jobs-girls/,success,direct,4193,1.57,
1323,http://mashable.com/2013/01/29/vine/,success,direct,5230,1.494,
32283,http://mashable.com/2014/09/08/apple-icloud-email-alerts/,success,direct,1172,1.447,
24782,http://mashable.com/2014/05/07/aol-dial-up-profit/,success,direct,1871,1.353,
26861,http://mashable.com/2014/06/12/google-world-cup-doodle/,success,direct,602,1.573,
471,http://mashable.com/2013/01/15/greendot-launches-gobank/,success,direct,3739,1.974,
18742,http://mashable.com/2014/01/13/google-buys-nest-for-3-2-billion/,success,direct,2937,1.328,
19152,http://mashable.com/2014/01/21/tech-diy-projects/,success,direct,2307,1.479,
20216,http://mashable.com/2014/02/11/canadian-beer-fridge-sochi/,success,direct,663,1.401,
26537,http://mashable.com/2014/06/06/surface-pro-3-ad/,success,direct,838,1.404,
33131,http://mashable.com/2014/09/19/where-to-buy-iphone-6/,success,direct,4174,1.467,
5159,http://mashable.com/2013/04/10/idc-windows-8-slowdown/,success,direct,1393,1.473,
6108,http://mashable.com/2013/04/29/stfu-parents-overshare/,success,direct,8416,1.433,
37280,http://mashable.com/2014/11/19/i-uber-and-im-not-sorry/,success,direct,5898,1.388,
24413,http://mashable.com/2014/04/30/facebook-anonymous-login/,success,direct,1660,1.479,
35658,http://mashable.com/2014/10/28/cree-led-light-bulb-hands-on/,success,direct,2947,1.432,
22739,http://mashable.com/2014/04/01/espns-newest-world-cup-ad/,success,direct,801,1.488,
11806,http://mashable.com/2013/08/20/tesco-blinkbox/,success,direct,6549,2.191,
7149,http://mashable.com/2013/05/20/xbox-through-the-ages/,success,direct,931,1.404,
12152,http://mashable.com/2013/08/27/sea-hacks-twitter/,success,direct,2403,1.358,
17797,http://mashable.com/2013/12/19/google-street-view-beautiful/,success,direct,1386,1.81,
25583,http://mashable.com/2014/05/21/goat-in-wheelchair/,success,direct,793,1.605,
16404,http://mashable.com/2013/11/20/lytro-snags-40-million/,success,direct,1381,1.892,
11677,http://mashable.com/2013/08/18/repurpose-beer-cans/,success,direct,409,1.396,
10035,http://mashable.com/2013/07/17/beyonce-concert/,success,direct,871,1.606,
12507,http://mashable.com/2013/09/04/search-tweet-history/,success,direct,2371,1.488,
31801,http://mashable.com/2014/08/30/hundreds-rally-in-ferguson-to-demand-justice-in-michael-browns-death/,success,direct,4354,1.501,
18716,http://mashable.com/2014/01/12/peter-mayhew-star-wars-photos/,success,direct,2958,1.489,
37860,http://mashable.com/2014/11/28/ikea-monkey-crowdfunding-campaign/,success,direct,1343,1.49,
29908,http://mashable.com/2014/07/30/follow-sharknado-2-online/,success,direct,2671,1.395,
5134,http://mashable.com/2013/04/10/artificial-leaf-energy/,success,direct,2421,1.5,
26934,http://mashable.com/2014/06/13/airports-monitor-wi-fi-devices/,success,direct,3099,1.345,
5535,http://mashable.com/2013/04/17/webby-awards-host-2013-patton-oswalt/,success,direct,1031,1.451,
7040,http://mashable.com/2013/05/17/steve-aoki-video/,success,direct,1394,1.449,
10287,http://mashable.com/2013/07/22/comic-con-newbie/,success,direct,6858,1.447,
16612,http://mashable.com/2013/11/25/customer-relationships/,success,direct,4749,1.43,
22875,http://mashable.com/2014/04/03/accents-british-isles/,success,direct,628,1.401,
428,http://mashable.com/2013/01/14/trombonist-skis/,success,direct,571,1.52,
17365,http://mashable.com/2013/12/11/instagram-mystery-event/,success,direct,510,1.392,
24163,http://mashable.com/2014/04/25/ibm-world-smallest-magazine-cover/,success,direct,2565,1.458,
30008,http://mashable.com/2014/07/31/israel-vows-to-destroy-hamas-tunnels/,success,direct,7549,1.426,
96,http://mashable.com/2013/01/09/bad-instagram-filters/,success,direct,204,1.392,
7732,http://mashable.com/2013/06/01/chameleon-color-changing-scarf/,success,direct,1373,1.512,
32372,http://mashable.com/2014/09/09/apple-pay-competitors/,success,direct,4012,1.528,
25777,http://mashable.com/2014/05/24/humid-hairstyles/,success,direct,583,1.384,
5071,http://mashable.com/2013/04/09/ea-worst-company/,success,direct,1797,1.437,
37331,http://mashable.com/2014/11/20/amazon-black-friday-deals-3/,success,direct,890,1.419,
25119,http://mashable.com/2014/05/13/game-of-thrones-beer-valar-morghulis/,success,direct,2292,1.463,
20060,http://mashable.com/2014/02/07/olympic-ring-fail-opening-ceremony/,success,direct,1358,1.418,
20228,http://mashable.com/2014/02/11/flickr-10-anniversary/,success,direct,2741,1.383,
16836,http://mashable.com/2013/12/01/aeon-smart-gloves/,success,direct,1085,1.308,
6556,http://mashable.com/2013/05/08/iron-man-vs-batman/,success,direct,444,1.479,
13270,http://mashable.com/2013/09/19/extreme-selfies/,success,direct,453,1.49,
28066,http://mashable.com/2014/07/01/derecho-thunderstorms-flash-floods-winds-midwest/,success,direct,4520,1.482,
34537,http://mashable.com/2014/10/11/maria-sharp-dog-photography/,success,direct,1313,2.537,
36913,http://mashable.com/2014/11/13/slipknot-gray-chapter-corey-taylor/,success,direct,6175,1.41,
37720,http://mashable.com/2014/11/25/twitter-cfo-accidental-tweet/,success,direct,1244,1.375,
217,http://mashable.com/2013/01/10/jack-lew-signature-generator/,success,direct,643,1.501,
22428,http://mashable.com/2014/03/26/cnn-producers-world-trade-center/,success,direct,720,1.839,
29071,http://mashable.com/2014/07/16/spy-laws-australia/,success,direct,4248,1.381,
6660,http://mashable.com/2013/05/10/athletes-mothers-day-facebook-photos/,success,direct,836,1.46,
18492,http://mashable.com/2014/01/07/polar-vortex-photos/,success,direct,645,1.505,
27119,http://mashable.com/2014/06/16/usa-ghana-usmnt-world-cup-win-rio/,success,direct,5410,1.413,
30485,http://mashable.com/2014/08/07/tourist-crashes-drone-into-yellowstone-park-hot-spring/,success,direct,1587,1.451,
38397,http://mashable.com/2014/12/07/ideal-work-day/,success,direct,4953,1.586,
36348,http://mashable.com/2014/11/06/cma-awards-ariana-grande-meghan-trainor/,success,direct,1135,1.563,
22362,http://mashable.com/2014/03/25/ellen-oscar-selfie-deleted-twitter-bug/,success,direct,1564,1.711,
7811,http://mashable.com/2013/06/03/twitter-replies-view/,success,direct,1094,1.404,
33800,http://mashable.com/2014/10/01/boston-herald-cartoon-obama-watermelon/,success,direct,1863,1.564,
21237,http://mashable.com/2014/03/02/comcast-parody/,success,direct,587,1.382,
17265,http://mashable.com/2013/12/09/vote-for-song-of-2013/,success,direct,837,1.489,
8858,http://mashable.com/2013/06/24/asus-cube-review/,success,direct,10438,1.57,
7414,http://mashable.com/2013/05/25/45-million-stolen/,success,direct,963,1.395,
13705,http://mashable.com/2013/09/27/fashism-shuts-down/,success,direct,1728,1.517,
5170,http://mashable.com/2013/04/10/new-macs-might-support-super-fast-gigabit-wi-fi/,success,direct,1208,1.448,
33041,http://mashable.com/2014/09/18/nasa-maven-mars/,success,direct,958,1.53,
33927,http://mashable.com/2014/10/02/luke-james-music/,success,direct,4840,1.468,
6821,http://mashable.com/2013/05/14/career-path-generator/,success,direct,430,1.428,
4157,http://mashable.com/2013/03/21/cpx-interactive-live-chat/,success,direct,1685,1.388,
29559,http://mashable.com/2014/07/24/extant-episode-3/,success,direct,4145,1.482,
24540,http://mashable.com/2014/05/01/where-is-the-new-snapchat/,success,direct,1789,1.409,
2851,http://mashable.com/2013/02/25/snow-moon/,success,direct,1322,1.475,
6418,http://mashable.com/2013/05/06/facebook-fortune-500/,success,direct,1311,1.484,
37474,http://mashable.com/2014/11/21/scandal-midseason-finale-recap/,success,direct,5269,1.419,
39397,http://mashable.com/2014/12/22/kangaroo-drone/,success,direct,728,1.434,
9618,http://mashable.com/2013/07/09/kanye-west-video-leak-tweet/,success,direct,1951,1.443,
15967,http://mashable.com/2013/11/12/birds-prank/,success,direct,668,1.541,
447,http://mashable.com/2013/01/15/color-scheme-tools/,success,direct,629,1.509,
2830,http://mashable.com/2013/02/25/milky-way-volcanoes-time-lapse/,success,direct,2035,1.739,
8274,http://mashable.com/2013/06/12/americans-worried-nsa/,success,direct,1934,1.452,
38508,http://mashable.com/2014/12/09/bill-gates-books-2014/,success,direct,925,1.424,
28837,http://mashable.com/2014/07/14/bastille-day-2014/,success,direct,1506,1.487,
29540,http://mashable.com/2014/07/24/aussie-thongs-crowdfunding-campaign-raises-10000-in-hour/,success,direct,2148,1.504,
13611,http://mashable.com/2013/09/25/ted-cruz-dr-seuss-filibuster/,success,direct,1647,1.388,
12119,http://mashable.com/2013/08/27/dash-app/,success,direct,5343,1.797,
16739,http://mashable.com/2013/11/27/sex-offender-font-bias/,success,direct,1840,1.6,
39588,http://mashable.com/2014/12/26/christmas-subway-baby/,success,direct,1355,1.488,
26638,http://mashable.com/2014/06/09/kindness-challenge/,success,direct,851,1.494,
13321,http://mashable.com/2013/09/20/drop-new-iphones/,success,direct,908,1.441,
8099,http://mashable.com/2013/06/09/cats-to-work/,success,direct,2152,1.659,
4689,http://mashable.com/2013/04/01/kickstarter-sensations-gaming/,success,direct,788,1.472,
35284,http://mashable.com/2014/10/22/mark-zuckerberg-mandarin/,success,direct,1340,1.502,
8394,http://mashable.com/2013/06/13/twitter-analytics-free/,success,direct,1652,1.42,
13398,http://mashable.com/2013/09/22/infographic-hiring/,success,direct,2792,1.532,
15656,http://mashable.com/2013/11/05/jimmy-kimmel-halloween-candy/,success,direct,728,1.572,
31602,http://mashable.com/2014/08/27/legend-of-zelda-mario-kart/,success,direct,1372,1.58,
22945,http://mashable.com/2014/04/03/the-cure-new-album/,success,direct,1331,1.385,
20110,http://mashable.com/2014/02/08/sage-kotsenburg-gold-medal/,success,direct,2118,1.496,
34996,http://mashable.com/2014/10/17/sting-ringtones/,success,direct,512,1.448,
27699,http://mashable.com/2014/06/25/blast-kills-12-nigeria-capital-world-cup/,success,direct,2861,1.54,
686,http://mashable.com/2013/01/18/nasa-beams-mona-lisa-to-moon/,success,direct,2508,1.495,
16966,http://mashable.com/2013/12/03/spacex-launch-commercial-satellite/,success,direct,3932,2.01,
15170,http://mashable.com/2013/10/26/make-a-difference-day/,success,direct,406,1.497,
27274,http://mashable.com/2014/06/18/painful-world-cup-moments-photos/,success,direct,771,1.487,
1484,http://mashable.com/2013/02/01/1995-49ers-super-bowl-flashback/,success,direct,3073,1.513,
8355,http://mashable.com/2013/06/13/dictionary-new-words-2013/,success,direct,1265,1.484,
31638,http://mashable.com/2014/08/28/5-fall-professional-events-in-pr-social-media-and-design/,success,direct,3209,1.482,
38256,http://mashable.com/2014/12/04/mudslides-floods-california/,success,direct,3121,2.408,
30469,http://mashable.com/2014/08/07/paraglide-building-swoop/,success,direct,802,1.492,
19484,http://mashable.com/2014/01/28/hello-ruby-coding-book/,success,direct,3529,1.495,
13834,http://mashable.com/2013/09/30/yahoo-japan-blind-3d-printer/,success,direct,1310,1.408,
18967,http://mashable.com/2014/01/17/aurora-norway-level-4/,success,direct,1955,1.479,
14584,http://mashable.com/2013/10/15/jesse-spano-dancing-with-the-stars/,success,direct,1196,1.504,
25891,http://mashable.com/2014/05/27/malaysia-releases-mh370-flight-data-to-the-public/,success,direct,1268,1.687,
10007,http://mashable.com/2013/07/16/ola-ray-michael-jackson/,success,direct,870,1.491,
7646,http://mashable.com/2013/05/30/itunes-festival/,success,direct,1324,1.589,
31723,http://mashable.com/2014/08/29/99-pack-of-beer/,success,direct,872,1.381,
584,http://mashable.com/2013/01/17/aaron-swartz-prosecutor-ortiz/,success,direct,4621,1.513,
5325,http://mashable.com/2013/04/13/tiny-games/,success,direct,1404,1.488,
14149,http://mashable.com/2013/10/07/iphone-cases-secret-compartments/,success,direct,513,1.507,
31857,http://mashable.com/2014/09/01/celebrity-photo-leak-weak-technology-or-bad-passwords/,success,direct,4940,1.483,
33292,http://mashable.com/2014/09/23/isis-syria-tomahawk-missiles/,success,direct,5444,1.807,
33167,http://mashable.com/2014/09/21/colin-farrell-true-detective/,success,direct,991,1.495,
6282,http://mashable.com/2013/05/02/reddit-facts-5-3/,success,direct,591,1.43,
10455,http://mashable.com/2013/07/24/nexus-7/,success,direct,2264,1.453,
8357,http://mashable.com/2013/06/13/facebook-hashtags-brief/,success,direct,593,1.428,
13938,http://mashable.com/2013/10/02/ios-7-hidden-features/,success,direct,2501,0.952,
29036,http://mashable.com/2014/07/16/glassware-every-drinker-needs/,success,direct,512,1.473,
26782,http://mashable.com/2014/06/11/google-world-cup-website/,success,direct,1057,1.512,
38644,http://mashable.com/2014/12/10/nfl-new-conduct-policy/,success,direct,2169,1.477,
6149,http://mashable.com/2013/04/30/jason-collins-sports-illustrated-traffic/,success,direct,1409,1.514,
25635,http://mashable.com/2014/05/21/wingsuit-flyers-new-york-city/,success,direct,796,1.479,
18422,http://mashable.com/2014/01/06/sony-smartband/,success,direct,1365,1.495,
9036,http://mashable.com/2013/06/26/tile-tracker-device/,success,direct,3185,1.511,
15267,http://mashable.com/2013/10/28/swoon-reads/,success,direct,4427,1.611,
22197,http://mashable.com/2014/03/21/awkward-news/,success,direct,503,1.551,
26901,http://mashable.com/2014/06/12/teslas-elon-musk-all-our-patent-are-belong-to-you/,success,direct,2410,1.62,
3115,http://mashable.com/2013/03/01/spacex-launch-watch-online/,success,direct,3887,1.493,
15530,http://mashable.com/2013/11/01/time-travel-vines/,success,direct,969,1.384,
36353,http://mashable.com/2014/11/06/danielle-delph-art/,success,direct,1072,2.078,
5377,http://mashable.com/2013/04/15/google-doodle-leonhard-euler/,success,direct,1269,1.449,
35494,http://mashable.com/2014/10/25/google-inbox-invitations/,success,direct,2078,1.643,
31102,http://mashable.com/2014/08/19/paul-rudd-ant-man/,success,direct,554,1.501,
36984,http://mashable.com/2014/11/14/stoner-gifts/,success,direct,530,1.651,
17982,http://mashable.com/2013/12/24/christmas-fails/,success,direct,559,1.569,
39108,http://mashable.com/2014/12/17/good-pope-year/,success,direct,5576,1.783,
724,http://mashable.com/2013/01/20/embarrassing-dads/,success,direct,863,1.533,
31386,http://mashable.com/2014/08/24/thanksgiving-travel-deals/,success,direct,1769,1.395,
25584,http://mashable.com/2014/05/21/golf-star-engagement/,success,direct,1969,1.48,
18861,http://mashable.com/2014/01/15/contently-funding/,success,direct,2467,1.501,
15570,http://mashable.com/2013/11/03/snl-what-does-my-girl-say/,success,direct,731,1.693,
15252,http://mashable.com/2013/10/28/nvidia-shield-console-mode/,success,direct,1616,1.489,
38425,http://mashable.com/2014/12/08/barclays-center-protest/,success,direct,3691,1.733,
15842,http://mashable.com/2013/11/08/macbook-pro-retina-13-review/,success,direct,10928,1.154,
22575,http://mashable.com/2014/03/28/jeopardy-quiz/,success,direct,861,1.41,
38487,http://mashable.com/2014/12/08/vice-media-films-20th-century-fox/,success,direct,1880,1.578,
38398,http://mashable.com/2014/12/07/india-uber-driver-rape/,success,direct,2846,1.436,
35791,http://mashable.com/2014/10/29/maine-nurse-quarantine/,success,direct,5807,1.552,
8829,http://mashable.com/2013/06/22/social-media-wedding-gifts/,success,direct,505,1.489,
32328,http://mashable.com/2014/09/08/ohio-state-band-tv-themes/,success,direct,401,1.412,
13685,http://mashable.com/2013/09/26/smartphone-hacks/,success,direct,4846,1.472,
20737,http://mashable.com/2014/02/20/girl-scout-cookies-marijuana/,success,direct,3923,1.599,
3566,http://mashable.com/2013/03/11/arduino-compatible-board-wireless-sensors/,success,direct,1451,1.497,
1464,http://mashable.com/2013/01/31/skyphrase/,success,direct,4376,1.391,
37740,http://mashable.com/2014/11/26/chimney-climb-daredevil/,success,direct,844,1.749,
12461,http://mashable.com/2013/09/03/work-eight-hours-a-day/,success,direct,4067,1.559,
21640,http://mashable.com/2014/03/10/reddit-lingo-guide/,success,direct,798,1.406,
31944,http://mashable.com/2014/09/02/social-tv-brandspeak/,success,direct,6720,1.474,
8814,http://mashable.com/2013/06/22/ftc-google-waze-antitrust-review/,success,direct,1124,1.433,
28334,http://mashable.com/2014/07/05/flying-drone-fireworks-video/,success,direct,1000,1.5,
38879,http://mashable.com/2014/12/14/beyonce-designer-chromat/,success,direct,5971,1.564,
37089,http://mashable.com/2014/11/17/food-art/,success,direct,3012,1.453,
9270,http://mashable.com/2013/07/02/dumb-ways-to-die-rio/,success,direct,951,1.475,
5342,http://mashable.com/2013/04/14/mtv-movie-awards-2/,success,direct,4332,1.44,
26344,http://mashable.com/2014/06/04/bergdahl-hometown-rally/,success,direct,2435,1.496,
5045,http://mashable.com/2013/04/08/samsung-mega/,success,direct,1302,1.425,
5925,http://mashable.com/2013/04/25/instapaper-betaworks-owners-of-digg/,success,direct,2495,1.475,
20742,http://mashable.com/2014/02/20/grubhub-seamless-ipo/,success,direct,1361,1.361,
5304,http://mashable.com/2013/04/12/they-might-be-giants-nanobots-video/,success,direct,1661,1.394,
1992,http://mashable.com/2013/02/10/kelly-clarkson-photobomb-grammys/,success,direct,428,1.528,
12451,http://mashable.com/2013/09/03/pentagon-planned-security-before-syrians-hacked-marine-site/,success,direct,3492,1.261,
22367,http://mashable.com/2014/03/25/facebook-oculus-reactions/,success,direct,2272,1.515,
22854,http://mashable.com/2014/04/02/spotify-redesign/,success,direct,1735,1.445,
31146,http://mashable.com/2014/08/20/ferguson-live-updates-wednesday/,success,direct,1002,1.549,
1023,http://mashable.com/2013/01/24/nypd-radiation-scanners-identify-guns/,success,direct,2403,1.497,
16135,http://mashable.com/2013/11/14/startup-advice/,success,direct,5051,1.603,
37586,http://mashable.com/2014/11/24/chuck-hagel/,success,direct,1472,1.408,
35677,http://mashable.com/2014/10/28/giving-feedback/,success,direct,4112,1.594,
19307,http://mashable.com/2014/01/24/ford-teams-with-mit-and-stanford-on-self-driving-car-research/,success,direct,2736,1.444,
21338,http://mashable.com/2014/03/04/ellen-oscars-pizza-guy/,success,direct,1269,1.406,
26565,http://mashable.com/2014/06/07/orange-is-the-new-black-recaps-episode-4-5-6-review/,success,direct,11648,1.5,
8489,http://mashable.com/2013/06/16/tv-dad-flowchart/,success,direct,1044,1.575,
31797,http://mashable.com/2014/08/30/dodgers-infield-shift-major-league-baseball/,success,direct,1525,1.519,
1402,http://mashable.com/2013/01/30/super-bowl-host-city-economy/,success,direct,1284,1.492,
13633,http://mashable.com/2013/09/26/chicago-speech-spot-social-makeover/,success,direct,4833,1.502,
12338,http://mashable.com/2013/08/30/skype-70-million-connections/,success,direct,717,1.601,
28163,http://mashable.com/2014/07/02/fempowerment-ads/,success,direct,6425,1.412,
6401,http://mashable.com/2013/05/05/youtube-paid-subscriptions-video-channels/,success,direct,1682,1.494,
12407,http://mashable.com/2013/09/02/turn-messaging-into-meeting/,success,direct,3927,1.51,
18943,http://mashable.com/2014/01/16/robert-downey-jr-sting-duet/,success,direct,766,1.463,
25132,http://mashable.com/2014/05/13/joe-garcia-picking-ear/,success,direct,394,1.348,
1232,http://mashable.com/2013/01/28/surprising-billboard-hits/,success,direct,2032,1.553,
4918,http://mashable.com/2013/04/04/social-network-phones/,success,direct,977,1.607,
38117,http://mashable.com/2014/12/03/ashton-carter-secretary-of-defense/,success,direct,2767,1.485,
12896,http://mashable.com/2013/09/12/iphone-5c-comic/,success,direct,447,1.549,
12168,http://mashable.com/2013/08/28/6000-video-launched-helloflo/,success,direct,4912,1.395,
33237,http://mashable.com/2014/09/22/pro-isis-group-kidnap-french-tourist-algeria/,success,direct,5303,1.96,
8474,http://mashable.com/2013/06/16/8-life-lessons-from-tv-dads/,success,direct,359,1.482,
32166,http://mashable.com/2014/09/05/its-bill-murray-day-at-the-toronto-film-fest-but-wheres-bill/,success,direct,3559,1.496,
18392,http://mashable.com/2014/01/06/old-spice/,success,direct,690,1.496,
20166,http://mashable.com/2014/02/10/glenn-greenwald-new-site-nsa/,success,direct,1957,1.434,
33857,http://mashable.com/2014/10/01/the-weather-channel-winter-storm-names/,success,direct,2972,1.37,
24695,http://mashable.com/2014/05/05/ralphee-and-max/,success,direct,1209,1.373,
4193,http://mashable.com/2013/03/21/talk-to-esquire-app/,success,direct,2797,1.489,
31062,http://mashable.com/2014/08/19/ferguson-live-updates-tuesday/,success,direct,1028,1.396,
2331,http://mashable.com/2013/02/15/companies-you-hate/,success,direct,2292,1.425,
13594,http://mashable.com/2013/09/25/necessary-errors/,success,direct,4390,1.515,
28121,http://mashable.com/2014/07/01/tim-howard-american-hero/,success,direct,650,1.634,
27465,http://mashable.com/2014/06/20/worlds-ugliest-dog-contest/,success,direct,1974,1.433,
34000,http://mashable.com/2014/10/03/millennial-marketing/,success,direct,5479,1.404,
32585,http://mashable.com/2014/09/11/nick-offerman-offers-unqualified-advice-on-the-tonight-show/,success,direct,732,1.486,
23758,http://mashable.com/2014/04/18/google-glass-home-trial/,success,direct,2111,1.581,
1682,http://mashable.com/2013/02/05/baby-gangnam-style/,success,direct,374,1.509,
1303,http://mashable.com/2013/01/29/oprah-twitter-old-as-hell/,success,direct,793,1.49,
36441,http://mashable.com/2014/11/07/huawei-talkband/,success,direct,1665,1.906,
2907,http://mashable.com/2013/02/26/oscars-social-tv/,success,direct,1134,1.494,
20062,http://mashable.com/2014/02/07/olympics-scandals-map/,success,direct,925,1.481,
7775,http://mashable.com/2013/06/03/asus-vivomouse/,success,direct,1076,1.376,
2308,http://mashable.com/2013/02/14/valentines-day/,success,direct,1311,1.503,
1392,http://mashable.com/2013/01/30/pinterest-living-room-winners/,success,direct,902,1.509,
30195,http://mashable.com/2014/08/04/element-gun-guardians-of-the-galaxy-peter-quill-star-lord/,success,direct,5670,1.589,
23269,http://mashable.com/2014/04/09/the-last-of-us-ps4-sony-website/,success,direct,1254,1.497,
1687,http://mashable.com/2013/02/05/cleverbot-film/,success,direct,912,1.396,
5960,http://mashable.com/2013/04/25/wounded-veterans-boston-bombings/,success,direct,945,1.493,
21226,http://mashable.com/2014/03/01/obama-biden-jog/,success,direct,1195,1.365,
25969,http://mashable.com/2014/05/28/not-one-more-ucsb-richard-martinez/,success,direct,6275,1.392,
23751,http://mashable.com/2014/04/18/email-marketing-challenges-fix/,success,direct,3850,1.461,
34551,http://mashable.com/2014/10/11/tom-brady-helmet-mugshot/,success,direct,966,1.385,
19265,http://mashable.com/2014/01/23/olympics-safety/,success,direct,6232,1.462,
20571,http://mashable.com/2014/02/17/leonardo-dicaprio-oscar-gifs/,success,direct,673,1.694,
7524,http://mashable.com/2013/05/28/obama-christie-stuffed-animal/,success,direct,756,2.133,
25697,http://mashable.com/2014/05/22/thailand-coup/,success,direct,3558,1.604,
429,http://mashable.com/2013/01/14/twitter-mexico-violence/,success,direct,3941,1.59,
37652,http://mashable.com/2014/11/25/black-friday-dont-buy/,success,direct,7307,1.731,
22782,http://mashable.com/2014/04/01/turkey-police-water-cannon-election/,success,direct,1918,1.356,
28681,http://mashable.com/2014/07/10/the-sopranos-grand-theft-auto-v/,success,direct,580,1.872,
30642,http://mashable.com/2014/08/11/mashable-minute-social-networks/,success,direct,333,1.554,
7980,http://mashable.com/2013/06/06/microsoft-fbi-botnets/,success,direct,2009,1.406,
38739,http://mashable.com/2014/12/11/microsft-windows-10-jan-event/,success,direct,1137,1.564,
12892,http://mashable.com/2013/09/12/frog-nasa-ladee/,success,direct,749,1.495,
38692,http://mashable.com/2014/12/11/best-buy-serial-tweet/,success,direct,2964,1.499,
37170,http://mashable.com/2014/11/18/brand-wins-fails-2014/,success,direct,658,1.5,
5886,http://mashable.com/2013/04/24/twitter-music-3/,success,direct,1136,1.079,
25293,http://mashable.com/2014/05/15/perfect-loop-vine-results/,success,direct,980,1.509,
33574,http://mashable.com/2014/09/27/post-it-notes-digital/,success,direct,5239,1.499,
15119,http://mashable.com/2013/10/25/aol-future-of-video/,success,direct,5266,1.574,
25001,http://mashable.com/2014/05/11/dead-wounded-birthday-party-sacramento/,success,direct,1489,1.503,
8570,http://mashable.com/2013/06/18/google-nsa-gag-orders/,success,direct,2866,1.587,
39618,http://mashable.com/2014/12/26/tsa-gift-wrap-regulations/,success,direct,2211,1.697,
5421,http://mashable.com/2013/04/16/evernote-accelerator/,success,direct,1989,1.598,
23571,http://mashable.com/2014/04/15/office-365-personal/,success,direct,1460,1.619,
27666,http://mashable.com/2014/06/24/social-media-day-photo-challenge/,success,direct,1580,1.488,
34301,http://mashable.com/2014/10/08/nba-star-salaries-new-tv-deal/,success,direct,7897,1.685,
33729,http://mashable.com/2014/09/30/ios-apple-pay-touchid/,success,direct,1497,1.511,
13847,http://mashable.com/2013/10/01/cool-runnings/,success,direct,594,1.59,
21401,http://mashable.com/2014/03/05/fifa-head-covers-soccer/,success,direct,1612,1.65,
26509,http://mashable.com/2014/06/06/facebook-video-ads-target/,success,direct,2411,1.445,
3242,http://mashable.com/2013/03/05/data-visualization-projects/,success,direct,667,1.489,
17023,http://mashable.com/2013/12/04/tech-gifts-grandparents/,success,direct,547,1.492,
30550,http://mashable.com/2014/08/08/ukraine-united-nations-russia-peacekeepers/,success,direct,2935,1.809,
39536,http://mashable.com/2014/12/24/uber-ceo-indicted-south-korea/,success,direct,1260,1.483,
12029,http://mashable.com/2013/08/25/ben-affleck-batman-comic/,success,direct,560,1.408,
16856,http://mashable.com/2013/12/01/unsubscribe-rate-metrics/,success,direct,6225,1.696,
3102,http://mashable.com/2013/03/01/juggling-solving-a-rubiks-cube/,success,direct,554,1.485,
10512,http://mashable.com/2013/07/25/lady-gaga-applause-artpop/,success,direct,1851,1.458,
30135,http://mashable.com/2014/08/02/emdrive-mars-momentum/,success,direct,2661,1.527,
27008,http://mashable.com/2014/06/14/lg-g3-review/,success,direct,8824,1.513,
6119,http://mashable.com/2013/04/30/airfare-flight-deals/,success,direct,5695,1.59,
2322,http://mashable.com/2013/02/15/apple-products-on-sale-staples/,success,direct,1090,1.496,
20077,http://mashable.com/2014/02/07/socially-awkward-photos/,success,direct,471,1.495,
18671,http://mashable.com/2014/01/10/x-ray-gifs/,success,direct,581,1.402,
15684,http://mashable.com/2013/11/05/upbeat-reddit-of-music-soundcloud/,success,direct,2376,1.433,
263,http://mashable.com/2013/01/11/aspire-assist/,success,direct,1809,1.457,
17928,http://mashable.com/2013/12/22/technology-2014-what-to-expect/,success,direct,792,1.504,
273,http://mashable.com/2013/01/11/facebook-message-mark-zuckerberg/,success,direct,1836,1.479,
16186,http://mashable.com/2013/11/15/the-omen-chronicles-is-a-new-adventure-in-the-world-of-harry-potter/,success,direct,1543,1.398,
36996,http://mashable.com/2014/11/15/abuse-elevator-experiment/,success,direct,1128,2.031,
37842,http://mashable.com/2014/11/27/thanksgiving-space/,success,direct,2571,1.566,
18765,http://mashable.com/2014/01/13/nokia-first-android-phone/,success,direct,842,1.905,
35188,http://mashable.com/2014/10/21/kelly-clarkson-cover-stay-with-me-sam-smith/,success,direct,1086,1.561,
37204,http://mashable.com/2014/11/18/new-york-model-train-holidays/,success,direct,1257,1.532,
1194,http://mashable.com/2013/01/28/international-iphones-sales-slow/,success,direct,1279,1.426,
20958,http://mashable.com/2014/02/24/snowflake-time-lapse/,success,direct,720,1.664,
31060,http://mashable.com/2014/08/19/faa-bans-flights-syria/,success,direct,3016,1.48,
24383,http://mashable.com/2014/04/29/tornado-space-nasa/,success,direct,996,1.523,
2980,http://mashable.com/2013/02/27/moma-video-games-exhibit/,success,direct,1920,1.392,
20825,http://mashable.com/2014/02/21/talking-angela/,success,direct,5363,1.71,
16026,http://mashable.com/2013/11/13/acer-travelmate-p645/,success,direct,2311,1.489,
16542,http://mashable.com/2013/11/22/the-strain-tv-fx-del-toro-vampire/,success,direct,1276,1.489,
3792,http://mashable.com/2013/03/14/cover-suit-tie/,success,direct,722,1.502,
15118,http://mashable.com/2013/10/25/a-cappella-pentatonix-beyonce/,success,direct,575,1.589,
29147,http://mashable.com/2014/07/17/rip-nokia-android/,success,direct,1048,1.417,
21668,http://mashable.com/2014/03/11/google-sued-apps/,success,direct,2885,1.463,
34102,http://mashable.com/2014/10/06/gmail-updated-iphone-6-6-plus/,success,direct,1051,1.984,
31651,http://mashable.com/2014/08/28/canadian-tim-hortons-list/,success,direct,4455,1.433,
26157,http://mashable.com/2014/06/01/bergdahl-pow-congress-hagel/,success,direct,2072,1.389,
23677,http://mashable.com/2014/04/17/cannes-lineup-15-women-directors/,success,direct,2354,1.896,
30939,http://mashable.com/2014/08/15/teen-from-belarus-wins-google-code-jam-on-his-first-try/,success,direct,1468,1.483,
4550,http://mashable.com/2013/03/28/twitter-marriage-equality/,success,direct,522,1.501,
8982,http://mashable.com/2013/06/26/chargelight-flashlight-battery-pack/,success,direct,972,1.383,
6985,http://mashable.com/2013/05/16/obamacare-twitter-hashtag/,success,direct,775,1.594,
26410,http://mashable.com/2014/06/04/train-crash-watermelon-truck/,success,direct,946,1.492,
6390,http://mashable.com/2013/05/05/hearst-tablet-subscribers/,success,direct,3242,1.49,
9055,http://mashable.com/2013/06/27/facebook-users-pakistan/,success,direct,709,1.446,
34978,http://mashable.com/2014/10/17/mastercard-fingerprint-scanner-credit-card/,success,direct,2011,1.649,
39071,http://mashable.com/2014/12/16/world-cup-robin-williams-ebola-google-search-2014/,success,direct,2025,1.577,
28951,http://mashable.com/2014/07/15/iran-facebook-127-years-prison/,success,direct,2936,1.515,
26693,http://mashable.com/2014/06/10/dove-fathers-day-ad/,success,direct,1103,1.594,
23966,http://mashable.com/2014/04/22/running-the-boston-marathon/,success,direct,3904,1.708,
11775,http://mashable.com/2013/08/20/gympact-future/,success,direct,2743,1.501,
20926,http://mashable.com/2014/02/24/hp-pavilion-x360/,success,direct,1344,1.485,
1157,http://mashable.com/2013/01/27/reddit-facts-126/,success,direct,221,1.486,
36737,http://mashable.com/2014/11/11/taylor-swift-blank-space-app/,success,direct,2452,1.499,
23160,http://mashable.com/2014/04/08/google-glass-sick-kids/,success,direct,1240,1.597,
7478,http://mashable.com/2013/05/27/theodore-chalfen-commencement-speech/,success,direct,1564,1.498,
22632,http://mashable.com/2014/03/30/jeopardy-facts/,success,direct,7525,1.397,
35452,http://mashable.com/2014/10/24/john-constantine-linkedin/,success,direct,1911,1.42,
37625,http://mashable.com/2014/11/24/rachel-mcadams-taylor-kitsch-and-kelly-reilly-officially-join-true-detective/,success,direct,1404,1.536,
5757,http://mashable.com/2013/04/22/yahoo-relaunches-iphone-app-summly/,success,direct,1047,1.41,
31742,http://mashable.com/2014/08/29/gopro-dog-2/,success,direct,965,1.073,
26545,http://mashable.com/2014/06/06/vodafone-government-snooping-report/,success,direct,4710,1.579,
2826,http://mashable.com/2013/02/25/lg-buys-webos/,success,direct,1557,1.417,
1829,http://mashable.com/2013/02/07/cat-breaking-bad/,success,direct,493,1.507,
12525,http://mashable.com/2013/09/04/vine-instagram-special-effects/,success,direct,5378,0.985,
34585,http://mashable.com/2014/10/13/american-horror-story-renewed-season-5/,success,direct,1821,1.386,
35027,http://mashable.com/2014/10/18/south-korean-concert-planner-found-dead-after-16-killed-at-k-pop-show/,success,direct,3143,1.477,
20845,http://mashable.com/2014/02/22/dash-earphones/,success,direct,1430,1.619,
38678,http://mashable.com/2014/12/10/volunteer-work-online/,success,direct,966,1.385,
20869,http://mashable.com/2014/02/22/syria-war-startup-weekend/,success,direct,6765,1.4,
26166,http://mashable.com/2014/06/01/lunecase-iphone-case/,success,direct,2028,1.497,
30587,http://mashable.com/2014/08/10/dating-for-sharks/,success,direct,494,1.49,
35231,http://mashable.com/2014/10/21/watch-simpsons-online/,success,direct,1128,1.367,
6814,http://mashable.com/2013/05/14/andrew-wiggins/,success,direct,2912,1.505,
36254,http://mashable.com/2014/11/05/beyonce-2014-top-earning-woman/,success,direct,1835,1.596,
30074,http://mashable.com/2014/08/01/chris-pratt-flashed-amy-poehler/,success,direct,543,1.075,
23307,http://mashable.com/2014/04/10/get-ahead-at-work-without-workaholic/,success,direct,6526,1.396,
343,http://mashable.com/2013/01/13/kid-cat-fails/,success,direct,718,1.506,
10850,http://mashable.com/2013/08/01/linkedin-2q-up-59-percent/,success,direct,812,1.477,
14956,http://mashable.com/2013/10/22/ipo-tips/,success,direct,5117,1.491,
9397,http://mashable.com/2013/07/03/yahoo-qwiki-brief/,success,direct,534,1.497,
15665,http://mashable.com/2013/11/05/photos-symmetry/,success,direct,690,1.493,
14406,http://mashable.com/2013/10/11/mashadvice-fitness-tracker/,success,direct,3769,1.383,
31207,http://mashable.com/2014/08/21/diy-dancing-baby-groot/,success,direct,3686,1.489,
36986,http://mashable.com/2014/11/14/the-never-ending-protest/,success,direct,5276,1.403,
15569,http://mashable.com/2013/11/03/smartwatches-fashionable/,success,direct,1300,0.86,
30487,http://mashable.com/2014/08/07/true-detective-creator-plagiarism-accusations/,success,direct,1886,1.474,
12968,http://mashable.com/2013/09/13/nba-motion-tracking/,success,direct,2180,1.599,
6730,http://mashable.com/2013/05/12/agents-of-s-h-i-e-l-d/,success,direct,1064,1.523,
8565,http://mashable.com/2013/06/18/food-coma/,success,direct,2444,2.478,
28591,http://mashable.com/2014/07/09/street-art-social-media-kelsey-montague/,success,direct,1722,1.487,
8647,http://mashable.com/2013/06/19/lets-caffe-latte-photos/,success,direct,1085,1.536,
33315,http://mashable.com/2014/09/23/rooftopping-skyscraper-photos/,success,direct,515,1.548,
35523,http://mashable.com/2014/10/26/drone-beat-stadium-space-drone/,success,direct,5281,1.48,
15181,http://mashable.com/2013/10/27/celebrities-go-viral-digital-agency/,success,direct,6832,1.623,
23353,http://mashable.com/2014/04/10/worlds-smallest-3d-printing-pen-kickstarter/,success,direct,2403,1.483,
7427,http://mashable.com/2013/05/25/google-glass-photographer/,success,direct,430,1.482,
23038,http://mashable.com/2014/04/06/building-tetris-philadelphia/,success,direct,1884,1.491,
34639,http://mashable.com/2014/10/13/news-anchors-dance-routine/,success,direct,1486,1.371,
18114,http://mashable.com/2013/12/28/ship-trapped-ice-antarctica-social-media-twitter/,success,direct,8172,1.507,
26863,http://mashable.com/2014/06/12/hillary-clinton-putin-iraq-cantor/,success,direct,1878,2.193,
12324,http://mashable.com/2013/08/30/john-kerry-syria/,success,direct,3545,1.435,
20285,http://mashable.com/2014/02/12/cars-snow-basketball/,success,direct,2201,1.553,
32997,http://mashable.com/2014/09/18/australian-perth-drop-apple-iphone/,success,direct,1701,1.376,
17147,http://mashable.com/2013/12/06/types-of-boredom/,success,direct,4565,1.393,
6065,http://mashable.com/2013/04/29/chat-apps-surpass-sms/,success,direct,1402,1.465,
33348,http://mashable.com/2014/09/24/apple-brickgate-bendgate/,success,direct,4891,4.044,
31285,http://mashable.com/2014/08/22/facebook-oculus-bug-bounty/,success,direct,1391,1.478,
6612,http://mashable.com/2013/05/09/google-timelapse/,success,direct,682,1.394,
6324,http://mashable.com/2013/05/03/homemade-thor-hammer/,success,direct,655,1.478,
23529,http://mashable.com/2014/04/15/apple-carplay-pioneer/,success,direct,1394,1.405,
505,http://mashable.com/2013/01/15/we-the-people-petitions/,success,direct,3616,1.46,
17080,http://mashable.com/2013/12/05/snapchat-brands/,success,direct,1302,1.511,
19025,http://mashable.com/2014/01/18/mac-computer-evolution/,success,direct,678,1.459,
5198,http://mashable.com/2013/04/11/bmw-electronaut-performance/,success,direct,2684,1.593,
28745,http://mashable.com/2014/07/11/polar-vortex-in-july-explained/,success,direct,8678,1.5,
15590,http://mashable.com/2013/11/04/google-doodle-shakuntala-devi/,success,direct,790,1.457,
19498,http://mashable.com/2014/01/28/nasa-missions-2014/,success,direct,2936,1.537,
2231,http://mashable.com/2013/02/13/will-ferrell-security-guard/,success,direct,794,1.487,
14876,http://mashable.com/2013/10/21/lumia-1520-brief/,success,direct,669,1.37,
22163,http://mashable.com/2014/03/20/opposition-mayors-arrested-venezuela/,success,direct,2775,2.623,
18879,http://mashable.com/2014/01/15/linkedin-volunteer-marketplace/,success,direct,2665,1.584,
38499,http://mashable.com/2014/12/09/amazon-haggling/,success,direct,1694,1.484,
17736,http://mashable.com/2013/12/18/facebook-danger-woman-falls-off-pier-while-checking-her-phone/,success,direct,910,1.481,
26305,http://mashable.com/2014/06/03/katie-couric-yahoo/,success,direct,3909,1.598,
28520,http://mashable.com/2014/07/09/adobe-flash-exploit/,success,direct,1324,1.467,
31546,http://mashable.com/2014/08/26/seagate-8tb-hard-drives/,success,direct,1239,1.507,
2362,http://mashable.com/2013/02/15/russian-meteor-vapor-trail/,success,direct,665,1.478,
33442,http://mashable.com/2014/09/25/ferguson-police-chief-apologizes/,success,direct,1902,1.369,
35235,http://mashable.com/2014/10/22/air-new-zealand-hobbit-safety-video/,success,direct,822,1.7,
18463,http://mashable.com/2014/01/07/explore-photos-ces-2014/,success,direct,716,1.381,
3113,http://mashable.com/2013/03/01/spacex-dragon-launch-photos/,success,direct,1137,1.515,
322,http://mashable.com/2013/01/12/international-pavilion/,success,direct,1489,1.475,
8194,http://mashable.com/2013/06/10/viral-video-recap-33/,success,direct,492,1.481,
9876,http://mashable.com/2013/07/13/racist-news-gaffe/,success,direct,1763,2.094,
15743,http://mashable.com/2013/11/06/police-track-cars-gps/,success,direct,2245,1.496,
39626,http://mashable.com/2014/12/27/christmas-tree-bugs/,success,wayback,383,47.852,
23500,http://mashable.com/2014/04/14/nigeria-bus-station-explosion/,success,direct,3380,1.515,
29145,http://mashable.com/2014/07/17/philadelphia-standardized-tests/,success,direct,19541,1.494,
8442,http://mashable.com/2013/06/14/reddit-atheism-mods/,success,direct,7838,1.456,
35922,http://mashable.com/2014/10/30/twitter-product-team/,success,direct,1477,1.435,
22513,http://mashable.com/2014/03/27/march-madness-lacey-michigan-state/,success,direct,5439,2.18,
25015,http://mashable.com/2014/05/11/new-grad-hiring-tips/,success,direct,5274,4.61,
13625,http://mashable.com/2013/09/26/ad-agency-star-wars-controversy/,success,direct,3027,1.531,
33244,http://mashable.com/2014/09/22/shea-whigham-agent-carter/,success,direct,1040,1.411,
22324,http://mashable.com/2014/03/24/march-snowstorm-science/,success,direct,5479,1.466,
7986,http://mashable.com/2013/06/06/nba-finals-how-to-follow-online/,success,direct,1552,1.412,
15821,http://mashable.com/2013/11/08/ads-determine-personality-through-twitter/,success,direct,4949,1.523,
8755,http://mashable.com/2013/06/21/china-now-has-over-300-million-3g-subscribers/,success,direct,1214,1.605,
1426,http://mashable.com/2013/01/31/facebook-earnings-brief/,success,direct,735,1.472,
6018,http://mashable.com/2013/04/27/android-snipers/,success,direct,3244,1.495,
2757,http://mashable.com/2013/02/24/iphone-app-8mm/,success,direct,1650,1.388,
9682,http://mashable.com/2013/07/10/google-maps-for-android-update/,success,direct,727,1.394,
3564,http://mashable.com/2013/03/11/2013-sxsw-music-playlist/,success,direct,1417,1.485,
29957,http://mashable.com/2014/07/30/us-israel-relations/,success,direct,6106,1.481,
12724,http://mashable.com/2013/09/09/olympus-omd-em1/,success,direct,2281,1.073,
621,http://mashable.com/2013/01/17/oprah-lance-armstrong-reaction/,success,direct,2658,1.519,
14768,http://mashable.com/2013/10/18/google-stock-1000/,success,direct,1570,1.556,
29612,http://mashable.com/2014/07/25/amazon-profit-loss-on-purpose/,success,direct,3215,1.492,
27147,http://mashable.com/2014/06/17/de-blasio-i-love-la-kimmel/,success,direct,1101,1.478,
3049,http://mashable.com/2013/02/28/online-gaming-atlantic-city-casino/,success,direct,3924,1.613,
28455,http://mashable.com/2014/07/08/brazil-samsung-heist-36-million/,success,direct,3120,1.554,
29085,http://mashable.com/2014/07/17/10-most-harmful-parasites/,success,direct,9458,1.405,
17941,http://mashable.com/2013/12/23/cgp-grey-this-video-will-hurt/,success,direct,686,1.445,
13842,http://mashable.com/2013/10/01/bill-nye-dancing-with-the-star/,success,direct,676,1.349,
4932,http://mashable.com/2013/04/05/decision-apps/,success,direct,5879,1.61,
32880,http://mashable.com/2014/09/16/monumental-disney-villains/,success,direct,486,2.027,
31677,http://mashable.com/2014/08/28/iphone-6-nfc-payments-report/,success,direct,1212,1.416,
21441,http://mashable.com/2014/03/06/3d-printed-blood-vessels/,success,direct,2730,1.47,
2532,http://mashable.com/2013/02/20/chinese-hackers-bad-passwords/,success,direct,3956,1.478,
12604,http://mashable.com/2013/09/06/drake-breaking-bad-tumblr/,success,direct,1013,1.556,
19022,http://mashable.com/2014/01/18/hoboken-christie-sandy-funds/,success,direct,3497,1.612,
35070,http://mashable.com/2014/10/20/chilis-cook-fired-shirtless-photos-facebook/,success,direct,2800,1.498,
27555,http://mashable.com/2014/06/23/grenada-not-granada/,success,direct,1819,1.572,
10984,http://mashable.com/2013/08/05/handheld-electronic-games/,success,direct,3355,1.395,
7680,http://mashable.com/2013/05/31/apple-elon-musk-htc-one-d11/,success,direct,1068,1.659,
7954,http://mashable.com/2013/06/06/apple-trade-in-sales/,success,direct,1718,1.408,
24986,http://mashable.com/2014/05/10/new-york-moms/,success,direct,735,2.447,
13094,http://mashable.com/2013/09/17/ben-affleck-batman-backlash/,success,direct,1189,1.553,
30228,http://mashable.com/2014/08/04/nigeria-ebola/,success,direct,1025,1.192,
13670,http://mashable.com/2013/09/26/nasa-heartbeat-finder/,success,direct,2269,1.484,
1784,http://mashable.com/2013/02/06/instagram-web-feed-op-ed/,success,direct,4847,1.479,
8224,http://mashable.com/2013/06/11/facebook-shareholder-meeting/,success,direct,3308,1.355,
509,http://mashable.com/2013/01/15/zamboni-google-doodle/,success,direct,1540,1.432,
32390,http://mashable.com/2014/09/09/beats-serena-williams-ad/,success,direct,869,1.389,
28826,http://mashable.com/2014/07/13/world-cup-final-germany-argentina-live/,success,direct,10715,1.489,
31686,http://mashable.com/2014/08/28/microsoft-deletes-1500-fake-apps/,success,direct,1092,1.605,
21108,http://mashable.com/2014/02/27/fda-nutrition-facts-label/,success,direct,2772,2.065,
32228,http://mashable.com/2014/09/06/marc-newson-joins-apple/,success,direct,1701,1.583,
5815,http://mashable.com/2013/04/23/youtube-top-brands-views/,success,direct,1342,1.496,
35973,http://mashable.com/2014/10/31/mashflix-introduction/,success,direct,5861,1.396,
10650,http://mashable.com/2013/07/29/hobbit-peter-jackson-facebook/,success,direct,1290,1.361,
38492,http://mashable.com/2014/12/08/year-end-review-freelancers/,success,direct,5300,1.454,
3063,http://mashable.com/2013/02/28/ricky-gervais-returns-the-office/,success,direct,881,1.434,
16696,http://mashable.com/2013/11/26/us-thanksgiving-winter-storm/,success,direct,598,1.373,
19443,http://mashable.com/2014/01/27/old-spice-ad-hair/,success,direct,1146,1.488,
24380,http://mashable.com/2014/04/29/tony-awards-nominations-hollywood-celebrities-films/,success,direct,7118,1.407,
38058,http://mashable.com/2014/12/02/lockheed-martin-supersonic-travel/,success,direct,2224,1.488,
29658,http://mashable.com/2014/07/25/obama-commits-to-attending-un-climate-summit-in-new-york/,success,direct,1607,0.943,
18949,http://mashable.com/2014/01/16/simpsons-streaming-fxnow/,success,direct,4219,1.549,
10915,http://mashable.com/2013/08/02/snap-my-ad/,success,direct,2964,1.563,
33795,http://mashable.com/2014/10/01/apple-gold-ipad/,success,direct,927,1.593,
20379,http://mashable.com/2014/02/13/dale-hansen/,success,direct,1154,2.078,
18979,http://mashable.com/2014/01/17/how-to-change-the-world-mooc/,success,direct,1860,1.484,
38021,http://mashable.com/2014/12/02/california-revenge-porn-conviction/,success,direct,2318,1.382,
4556,http://mashable.com/2013/03/29/american-charged-terrorism/,success,direct,1784,1.42,
32554,http://mashable.com/2014/09/11/blackberry-smartwatch/,success,direct,1982,1.443,
9473,http://mashable.com/2013/07/05/video-california-fireworks-accident/,success,direct,702,1.446,
18769,http://mashable.com/2014/01/13/shoshanna-hairstyles/,success,direct,528,1.632,
19144,http://mashable.com/2014/01/21/sex-with-glass/,success,direct,3555,1.494,
9169,http://mashable.com/2013/06/29/missouri-social-media-day/,success,direct,2728,2.405,
4285,http://mashable.com/2013/03/24/dove-commercial/,success,direct,626,1.487,
4741,http://mashable.com/2013/04/02/goldbely/,success,direct,2823,1.414,
23890,http://mashable.com/2014/04/21/slow-motion-food/,success,direct,712,1.467,
2868,http://mashable.com/2013/02/26/angry-birds-web-only-cartoon/,success,direct,1067,1.497,
33181,http://mashable.com/2014/09/21/seth-rogen-james-franco-jimmy-fallon-birthday/,success,direct,652,1.41,
1562,http://mashable.com/2013/02/03/alicia-keys-super-bowl-piano/,success,direct,2282,1.558,
31803,http://mashable.com/2014/08/30/kings-of-leon-made-in-america-broken-ribs/,success,direct,2458,1.049,
24316,http://mashable.com/2014/04/28/wine-cardboard-bottles/,success,direct,1463,1.5,
23417,http://mashable.com/2014/04/12/evidence-of-tetraquark/,success,direct,1431,1.488,
7266,http://mashable.com/2013/05/22/moon-asteroid-mars-pit-stop/,success,direct,4553,1.391,
27864,http://mashable.com/2014/06/27/entrepreneur-barbie-linkedin/,success,direct,977,1.38,
24396,http://mashable.com/2014/04/30/aaron-swartz-documentary-trailer/,success,direct,935,1.473,
3461,http://mashable.com/2013/03/08/facebook-acquires-storylane/,success,direct,3595,1.407,
3861,http://mashable.com/2013/03/15/dropbox-buys-mailbox/,success,direct,1538,2.585,
37433,http://mashable.com/2014/11/21/butterball-hotline-stories/,success,direct,644,1.405,
25919,http://mashable.com/2014/05/28/amazon-responds-hachette-impasse/,success,direct,2169,1.489,
2875,http://mashable.com/2013/02/26/bear-grylls-air-new-zealand/,success,direct,1055,2.021,
35156,http://mashable.com/2014/10/21/aziz-ansari-sesame-street/,success,direct,506,1.49,
31771,http://mashable.com/2014/08/29/relationship-emoji/,success,direct,647,1.455,
26451,http://mashable.com/2014/06/05/greece-google-street-view/,success,direct,1321,1.373,
5683,http://mashable.com/2013/04/21/boston-victims-charity/,success,direct,2410,1.536,
32423,http://mashable.com/2014/09/09/mighty-ducks-tldw/,success,direct,530,1.537,
17233,http://mashable.com/2013/12/09/kobe-messi-ad-seeding/,success,direct,4583,1.495,
22268,http://mashable.com/2014/03/22/supplemental-income/,success,direct,7155,1.331,
14612,http://mashable.com/2013/10/15/twitter-schedule-tweets/,success,direct,1478,1.436,
6666,http://mashable.com/2013/05/10/digital-dilemma-lifecasting-teens/,success,direct,2628,1.663,
6197,http://mashable.com/2013/05/01/engagement-buzzword/,success,direct,5061,1.424,
21660,http://mashable.com/2014/03/11/cheap-meals-5-bucks/,success,direct,813,1.476,
8889,http://mashable.com/2013/06/24/snapchat-funding/,success,direct,1453,1.482,
20883,http://mashable.com/2014/02/23/inspiring-patriotic-movies/,success,direct,700,1.498,
3615,http://mashable.com/2013/03/11/social-tv-chart-3-11/,success,direct,1010,1.382,
24988,http://mashable.com/2014/05/10/same-sex-nintendo-game/,success,direct,3863,1.519,
23935,http://mashable.com/2014/04/22/earth-porn/,success,direct,522,1.351,
14307,http://mashable.com/2013/10/09/twitter-data-secret-weapon/,success,direct,4507,1.479,
22629,http://mashable.com/2014/03/30/ebola-senegal-border-guinea/,success,direct,1813,1.407,
36467,http://mashable.com/2014/11/07/robin-williams-coroner/,success,direct,995,1.476,
5227,http://mashable.com/2013/04/11/nba-lebron-playoffs-ad/,success,direct,1247,1.375,
39601,http://mashable.com/2014/12/26/minority-authors-2015/,success,direct,548,1.385,
13063,http://mashable.com/2013/09/16/mashadvice/,success,direct,2416,1.724,
35459,http://mashable.com/2014/10/24/new-york-city-ebola/,success,direct,6902,1.466,
33251,http://mashable.com/2014/09/22/wall-street-climate-protest-clashes/,success,direct,2921,1.482,
12248,http://mashable.com/2013/08/29/fill-the-silence-tumblr/,success,direct,873,0.994,
29918,http://mashable.com/2014/07/30/home-run-beer-mlb/,success,direct,753,1.464,
12833,http://mashable.com/2013/09/11/haswell-chromebooks/,success,direct,972,1.475,
5201,http://mashable.com/2013/04/11/cispa-advances/,success,direct,4300,1.489,
31145,http://mashable.com/2014/08/20/failed-foley-rescue/,success,direct,1289,1.568,
18503,http://mashable.com/2014/01/07/sony-ps4-outsells-xbox-one/,success,direct,830,1.523,
18980,http://mashable.com/2014/01/17/intel-job-cuts/,success,direct,907,1.465,
2528,http://mashable.com/2013/02/20/asteroid-early-warning-system/,success,direct,2370,1.391,
29816,http://mashable.com/2014/07/29/barefoot-waterskiing/,failed,failed,0,49.037,"direct=text_too_short:192; wayback=HTTPSConnectionPool(host='web.archive.org', port=443): Read timed out. (read timeout=15)"
18918,http://mashable.com/2014/01/16/facebook-trending/,success,direct,2199,1.138,
15069,http://mashable.com/2013/10/24/fedex-small-business-shipping/,success,direct,2056,1.379,
22249,http://mashable.com/2014/03/22/4-habits-lose-boss-trust/,success,direct,5525,1.493,
23518,http://mashable.com/2014/04/14/us-airways-nsfw-pic/,success,direct,1889,1.594,
14702,http://mashable.com/2013/10/17/dream-of-pixels-android/,success,direct,789,1.569,
21619,http://mashable.com/2014/03/10/founders-followup-startup/,success,direct,9205,1.387,
34026,http://mashable.com/2014/10/04/history-of-melancholy-video/,success,direct,266,1.494,
30248,http://mashable.com/2014/08/04/the-tunnels-in-gaza/,success,direct,5423,1.672,
19536,http://mashable.com/2014/01/29/carbon-fiber-3d-printer/,success,direct,1462,1.488,
9887,http://mashable.com/2013/07/13/when-to-take-a-vacation/,success,direct,3856,1.597,
22971,http://mashable.com/2014/04/04/george-bush-unveils-paintings/,success,direct,1511,1.458,
23342,http://mashable.com/2014/04/10/tacko-fall-tallest-high-school-basketball-player/,success,direct,1815,1.418,
27704,http://mashable.com/2014/06/25/congressman-prince-purple-rain/,success,direct,640,1.376,
15125,http://mashable.com/2013/10/25/engineering-entrepreneurs/,success,direct,3676,1.43,
17271,http://mashable.com/2013/12/09/xbox-one-hoax-4chan-backward-compatible/,success,direct,1467,1.523,
19793,http://mashable.com/2014/02/03/from-star-wars-to-life-of-pi-every-visual-effects-oscar-winner/,success,direct,958,1.528,
5523,http://mashable.com/2013/04/17/reddit-finding-boston-bomber/,success,direct,4920,1.492,
180,http://mashable.com/2013/01/10/2013-oscar-predictions-polls/,success,direct,806,1.537,
13064,http://mashable.com/2013/09/16/mobile-shopping/,success,direct,637,1.462,
34182,http://mashable.com/2014/10/07/gay-marriages-begin-in-virginia/,success,direct,1084,1.421,
1616,http://mashable.com/2013/02/04/coke-super-bowl-ad-2013/,success,direct,1710,1.396,
20205,http://mashable.com/2014/02/10/walking-dead-twitter-ratings-pudding/,success,direct,2555,1.382,
27385,http://mashable.com/2014/06/19/uruguay-england-world-cup-gifs/,success,direct,596,1.499,
12903,http://mashable.com/2013/09/12/jimmy-kimmel-iphone-5s-prank/,success,direct,723,1.608,
39066,http://mashable.com/2014/12/16/top-studying-tips/,success,direct,9243,1.427,
37827,http://mashable.com/2014/11/27/michael-brown-stolen-lives/,success,direct,3514,1.654,
21759,http://mashable.com/2014/03/12/shitty-watercolour-profile/,success,direct,4289,1.534,
3104,http://mashable.com/2013/03/01/mason-out-at-groupon-brief/,success,direct,530,1.439,
32087,http://mashable.com/2014/09/04/jeff-bridges-kahlua-ad/,success,direct,2859,1.487,
19341,http://mashable.com/2014/01/24/vine-at-one-year/,success,direct,6732,1.505,
18403,http://mashable.com/2014/01/06/samsung-amazon-comcast-4k-tv/,success,direct,1682,1.469,
36594,http://mashable.com/2014/11/10/external-genitals-evolution/,success,direct,4233,0.98,
22704,http://mashable.com/2014/03/31/simple-april-fools-day-pranks/,success,direct,723,1.497,
9535,http://mashable.com/2013/07/08/curse-of-chucky-trailer/,success,direct,1783,1.406,
5857,http://mashable.com/2013/04/24/mcommerce-sales-forecast/,success,direct,1634,1.494,
15353,http://mashable.com/2013/10/29/xbox-one-coop-games/,success,direct,799,1.051,
1034,http://mashable.com/2013/01/24/temple-run-2-android/,success,direct,1172,1.521,
8101,http://mashable.com/2013/06/09/color-schemes-business/,success,direct,2441,1.385,
10840,http://mashable.com/2013/08/01/hacked-magic-8-ball/,success,direct,983,1.584,
8403,http://mashable.com/2013/06/14/atlantic-weekly-ipad/,success,direct,2088,1.501,
31928,http://mashable.com/2014/09/02/monumental-john-hughes/,success,direct,383,0.959,
24168,http://mashable.com/2014/04/25/mariah-carey-new-digital-album-release-beyonce/,success,direct,2673,1.333,
16200,http://mashable.com/2013/11/16/boss-instagram-french-bulldog/,success,direct,642,1.354,
2635,http://mashable.com/2013/02/21/imadeface-celebs/,success,direct,1559,1.487,
31023,http://mashable.com/2014/08/18/robin-williams-nintendo/,success,direct,1509,1.485,
12611,http://mashable.com/2013/09/06/gravity-day/,success,direct,779,1.49,
34789,http://mashable.com/2014/10/15/google-glass-addiction/,success,direct,2158,1.44,
14360,http://mashable.com/2013/10/10/pokemon-the-musical/,success,direct,546,1.665,
25197,http://mashable.com/2014/05/14/evernote-wearables/,success,direct,4220,1.578,
11449,http://mashable.com/2013/08/13/tim-cook-letter/,success,direct,4547,1.489,
8845,http://mashable.com/2013/06/23/photoshop-cc-review/,success,direct,11886,1.39,
37415,http://mashable.com/2014/11/20/yahoo-paperless-post-emails/,success,direct,2038,1.463,
32512,http://mashable.com/2014/09/10/obama-prime-time-tv-islamic-state/,success,direct,3394,1.643,
12784,http://mashable.com/2013/09/10/iphone-5s-hands-on/,success,direct,7083,1.562,
36811,http://mashable.com/2014/11/12/roost-smart-battery/,success,direct,1836,1.405,
4519,http://mashable.com/2013/03/28/google-glass-manufactured-us/,success,direct,1057,1.54,
31507,http://mashable.com/2014/08/26/federer-jordan-selfie/,success,direct,854,0.99,
9538,http://mashable.com/2013/07/08/edward-snowden-interview-part-2/,success,direct,7797,1.501,
26750,http://mashable.com/2014/06/10/twitter-courts-new-users-with-world-cup-of-tweets-and-youtube-commercial/,success,direct,1259,1.583,
38353,http://mashable.com/2014/12/05/yo-aaron-paul/,success,direct,1440,1.592,
29815,http://mashable.com/2014/07/29/bang-bang-jessie-j-nicki-minaj-ariana-grande-audio/,success,direct,1273,1.503,
31576,http://mashable.com/2014/08/27/books-with-relatable-college-characters/,success,direct,611,1.354,
20834,http://mashable.com/2014/02/21/usa-canda-hockey-funny/,success,direct,615,1.488,
18846,http://mashable.com/2014/01/14/visual-ly-funding/,success,direct,2001,1.494,
16887,http://mashable.com/2013/12/02/hobbit-smaug-air-new-zealand-boeing-plane/,success,direct,1809,1.485,
32110,http://mashable.com/2014/09/04/nokia-lumia-830-730/,success,direct,4110,1.484,
7787,http://mashable.com/2013/06/03/home-design-apps/,success,direct,3314,1.483,
5548,http://mashable.com/2013/04/18/boston-bombings-wild-west-of-social-media/,success,direct,5788,2.102,
18726,http://mashable.com/2014/01/12/watch-hbo-girls-season-3-youtube/,success,direct,3777,0.865,
39230,http://mashable.com/2014/12/19/a-look-at-cuba-today/,success,direct,673,1.491,
31622,http://mashable.com/2014/08/27/square-funding-report/,success,direct,1499,0.977,
30549,http://mashable.com/2014/08/08/twitch-emoticons/,success,direct,8860,1.377,
37997,http://mashable.com/2014/12/01/steve-jobs-deposition/,success,direct,2265,1.801,
26259,http://mashable.com/2014/06/03/50-cent-baseball-pitch-reddit-explanation/,success,direct,1136,1.587,
33644,http://mashable.com/2014/09/29/gotham-episode-2-recap/,success,direct,6478,1.379,
4156,http://mashable.com/2013/03/21/cat-skin-rug/,success,direct,726,1.674,
1346,http://mashable.com/2013/01/30/brand-marketing-user-generated-content/,success,direct,11679,1.506,
17981,http://mashable.com/2013/12/24/chiara-da-blasio-drug-abuse/,success,direct,2853,1.384,
34600,http://mashable.com/2014/10/13/deathly-hallows-fan-theory/,success,direct,4372,1.38,
11836,http://mashable.com/2013/08/21/facebook-hacker-crowdsource/,success,direct,3263,1.477,
7778,http://mashable.com/2013/06/03/bradley-manning-trial/,success,direct,7975,1.498,
35294,http://mashable.com/2014/10/22/october-solar-flare/,success,direct,1821,1.386,
2116,http://mashable.com/2013/02/12/obama-executive-order-security-cyber-threat/,success,direct,4215,1.486,
32605,http://mashable.com/2014/09/11/swear-words-history/,success,direct,450,1.429,
6465,http://mashable.com/2013/05/07/atlas-mobile-calendar/,success,direct,4192,3.887,
7577,http://mashable.com/2013/05/29/motorcycle-security-wi-fi/,success,direct,1087,1.475,
12571,http://mashable.com/2013/09/05/nintendo-2ds-hands-on/,success,direct,2483,2.093,
28560,http://mashable.com/2014/07/09/instagram-doodler-bathroom-mirror/,success,direct,1248,1.482,
6024,http://mashable.com/2013/04/27/dog-dreams-comic/,success,direct,393,1.49,
10090,http://mashable.com/2013/07/17/veteran-surprises-family-beach/,success,direct,687,1.34,
13642,http://mashable.com/2013/09/26/faces-of-facebook/,success,direct,1157,1.529,
8135,http://mashable.com/2013/06/10/apple-wwdc-2013-music-playlist/,success,direct,1687,1.392,
4815,http://mashable.com/2013/04/03/lifestyle-chat-1/,success,direct,1425,1.682,
9312,http://mashable.com/2013/07/02/snoop-lion-dogg-reddit-ama/,success,direct,3770,1.492,
26656,http://mashable.com/2014/06/09/psy-snoop-dogg-hangover/,success,direct,1457,1.477,
32203,http://mashable.com/2014/09/05/the-australian-bachelor-takes-devastated-date-for-dirty-street-pie/,success,direct,2841,1.488,
30754,http://mashable.com/2014/08/13/ap-journalist-killed-in-gaza/,success,direct,1200,1.479,
4518,http://mashable.com/2013/03/28/google-glass-disqualified-applicants/,success,direct,1744,1.415,
26391,http://mashable.com/2014/06/04/rolling-stones-tel-aviv-concert-pink-floyd/,success,direct,2442,1.458,
24625,http://mashable.com/2014/05/04/badass-moms/,success,direct,9062,1.608,
30846,http://mashable.com/2014/08/14/iraqi-army-militants-clash-west-of-baghdad/,success,direct,3637,1.553,
18334,http://mashable.com/2014/01/05/emotional-arcade/,success,direct,3866,1.419,
28296,http://mashable.com/2014/07/04/andy-coulson-18-months/,success,direct,1500,1.535,
7911,http://mashable.com/2013/06/05/google-intern/,success,direct,683,1.392,
32406,http://mashable.com/2014/09/09/inside-the-apple-watch/,success,direct,5372,1.428,
27642,http://mashable.com/2014/06/24/miguel-herrera-memes/,success,direct,574,1.564,
37143,http://mashable.com/2014/11/17/the-walking-dead-season-5-episode-6-recap/,success,direct,3522,1.471,
19460,http://mashable.com/2014/01/27/winter-olympics-broadcast-cost/,success,direct,779,1.511,
34233,http://mashable.com/2014/10/07/turkey-syria-border-town-isis/,success,direct,1792,1.478,
39407,http://mashable.com/2014/12/22/olympics-cathy-freeman-bodysuit/,success,direct,2928,1.376,
13912,http://mashable.com/2013/10/02/apple-exec-cable-mule/,success,direct,1241,1.475,
3930,http://mashable.com/2013/03/16/st-patricks-day-stock-photos/,success,direct,394,1.444,
21152,http://mashable.com/2014/02/27/sriracha-recipe/,success,direct,944,1.43,
30438,http://mashable.com/2014/08/07/gaza-war-crimes-israel-hamas/,success,direct,5377,1.587,
501,http://mashable.com/2013/01/15/this-is-what-little-mark-zuckerberg-looked-like/,success,direct,658,1.478,
532,http://mashable.com/2013/01/16/facebook-graph-search-name/,success,direct,993,1.408,
31717,http://mashable.com/2014/08/28/twitch-prank-call-swatting/,success,direct,2166,1.479,
5961,http://mashable.com/2013/04/25/wwdc-2013-sells-out/,success,direct,1633,1.388,
7861,http://mashable.com/2013/06/04/nettraveler-malware-cyberespionage-campaign/,success,direct,4095,1.492,
7294,http://mashable.com/2013/05/22/watch-webby-awards-video/,success,direct,1663,1.401,
7656,http://mashable.com/2013/05/30/new-york-times-mobile-site-redesign/,success,direct,3215,1.486,
25247,http://mashable.com/2014/05/15/3100-year-tombs-egypt/,success,direct,2502,1.384,
18685,http://mashable.com/2014/01/11/neiman-marcus-credit-card-security-breach/,success,direct,2556,1.517,
25115,http://mashable.com/2014/05/13/eu-google-ruling-op-ed/,success,direct,4776,1.364,
14611,http://mashable.com/2013/10/15/twitter-nyse/,success,direct,680,1.419,
9207,http://mashable.com/2013/07/01/digital-bill-of-rights/,success,direct,1130,1.529,
12758,http://mashable.com/2013/09/10/bitcoin-atms-canada/,success,direct,998,1.619,
38723,http://mashable.com/2014/12/11/hinge-12-million-funding/,success,direct,2934,1.47,
39487,http://mashable.com/2014/12/23/ukraine-non-alignment-vote/,success,direct,2944,1.383,
15134,http://mashable.com/2013/10/25/mba-freelancers/,success,direct,4149,1.445,
34929,http://mashable.com/2014/10/16/texas-nurses-ebola-protective-gear/,success,direct,6072,1.61,
24429,http://mashable.com/2014/04/30/jurassic-park-dinosaur-supervisor/,success,direct,590,1.37,
12184,http://mashable.com/2013/08/28/element-115-confirmed/,success,direct,2420,1.486,
26824,http://mashable.com/2014/06/11/tweetdeck-down-19-year-old-accident/,success,direct,1847,1.475,
7852,http://mashable.com/2013/06/04/justin-bieber-twitter-40-million/,success,direct,1487,1.373,
35427,http://mashable.com/2014/10/24/cbs-instagram-takeover/,success,direct,1162,1.576,
21981,http://mashable.com/2014/03/17/terry-crews-old-spice-razors/,success,direct,777,1.472,
14543,http://mashable.com/2013/10/14/xbox-one-live-friends-followers/,success,direct,1377,1.476,
27348,http://mashable.com/2014/06/19/iran-tech-bloggers-prison/,success,direct,6115,1.407,
3074,http://mashable.com/2013/02/28/youtube-ios-send-to-tv/,success,direct,1131,1.553,
5478,http://mashable.com/2013/04/17/balders-gate-enhanced-edition/,success,direct,5370,2.094,
20550,http://mashable.com/2014/02/16/sochi-winners-day-9/,success,direct,2080,1.505,
19948,http://mashable.com/2014/02/05/suicide-my-little-pony/,success,direct,5867,1.688,
20055,http://mashable.com/2014/02/07/lg-g-pro-2/,success,direct,1205,1.472,
38617,http://mashable.com/2014/12/10/end-of-hong-kong-protests/,success,direct,8600,1.488,
19378,http://mashable.com/2014/01/26/fitness-trackers-real-time-data/,success,direct,5515,1.468,
30092,http://mashable.com/2014/08/01/google-separating-google-plus-photos/,success,direct,1816,1.363,
4559,http://mashable.com/2013/03/29/bra-dryer/,success,direct,1224,1.494,
30114,http://mashable.com/2014/08/01/tara-reid-shark-perfume/,success,direct,1014,1.367,
21528,http://mashable.com/2014/03/07/oscar-mayer-lg-tech-marketing/,success,direct,783,1.383,
10279,http://mashable.com/2013/07/22/apple-larger-ipad-iphone/,success,direct,1062,1.938,
39226,http://mashable.com/2014/12/18/wickrx-super-sessions/,success,direct,3930,1.417,
39519,http://mashable.com/2014/12/24/photo-challenge-ugly-sweater-selfie/,success,direct,940,1.354,
1332,http://mashable.com/2013/01/30/bill-gates-annual-letter-2013/,success,direct,3770,1.808,
22761,http://mashable.com/2014/04/01/louis-c-k-kenan-thompson-black-jeopardy-snl/,success,direct,791,0.965,
29417,http://mashable.com/2014/07/22/minimalist-movies-vine-challenge/,success,direct,2772,1.468,
36824,http://mashable.com/2014/11/12/the-voice-live-round/,success,direct,5898,1.421,
24377,http://mashable.com/2014/04/29/target-cio-bob-derodes/,success,direct,517,1.839,
278,http://mashable.com/2013/01/11/google-map-bank-robbery/,success,direct,1738,1.513,
14313,http://mashable.com/2013/10/10/8-more-hidden-ios-7-features/,success,direct,4911,1.547,
10734,http://mashable.com/2013/07/30/rappers-and-cereal/,success,direct,1045,2.452,
5726,http://mashable.com/2013/04/22/kohler-numi-toilet/,success,direct,936,1.432,
6592,http://mashable.com/2013/05/09/arrested-development-banana-stands-cities/,success,direct,1479,1.571,
35146,http://mashable.com/2014/10/21/apple-icloud-attacks-china/,success,direct,4453,1.392,
13504,http://mashable.com/2013/09/24/google-books-lawsuit/,success,direct,9829,1.382,
27294,http://mashable.com/2014/06/18/virtual-reality-e3/,success,direct,7459,1.45,
22053,http://mashable.com/2014/03/18/twitter-refresh/,success,direct,1884,1.358,
36201,http://mashable.com/2014/11/04/jubliee-project-body-image-psa/,success,direct,2123,1.412,
7401,http://mashable.com/2013/05/24/simpsons-theme-park/,success,direct,1511,1.368,
11533,http://mashable.com/2013/08/15/app-lets-groups-create-a-spotify-song-list-on-the-fly/,success,direct,1563,1.314,
10963,http://mashable.com/2013/08/04/lunchbox-snacks/,success,direct,653,1.441,
374,http://mashable.com/2013/01/14/dcm-dealer/,success,direct,2807,1.484,
8193,http://mashable.com/2013/06/10/twitter-chase-1-million-small-businesses/,success,direct,836,1.461,
22283,http://mashable.com/2014/03/23/this-is-how-the-nsa-is-trying-to-win-over-the-media/,success,direct,4256,1.486,
7462,http://mashable.com/2013/05/27/flirting-animals/,success,direct,3033,1.385,
22210,http://mashable.com/2014/03/21/happiness-day-vines/,success,direct,1491,1.475,
24131,http://mashable.com/2014/04/24/stephen-colbert-the-daily-show/,success,direct,1136,1.467,
37630,http://mashable.com/2014/11/24/sydney-baby-drain/,success,direct,3504,1.367,
11149,http://mashable.com/2013/08/08/bitly-feelings/,success,direct,1231,1.502,
18810,http://mashable.com/2014/01/14/google-guy-skit/,success,direct,508,1.468,
13353,http://mashable.com/2013/09/20/terminator-polymer/,success,direct,1968,1.457,
10333,http://mashable.com/2013/07/22/twitter-royal-baby/,success,direct,3026,1.478,
13916,http://mashable.com/2013/10/02/august-smart-lock-update/,success,direct,2304,1.372,
17636,http://mashable.com/2013/12/16/santacon-brawl/,success,direct,912,1.415,
2351,http://mashable.com/2013/02/15/meteorite-hits-russia/,success,direct,1279,1.553,
28085,http://mashable.com/2014/07/01/hong-kong-democracy-rally/,success,direct,4204,1.441,
17079,http://mashable.com/2013/12/05/slippery-clay-japan-earthquake/,success,direct,8316,1.35,
34401,http://mashable.com/2014/10/09/mind-controlled-bionic-implanted-arm/,success,direct,3706,1.394,
11069,http://mashable.com/2013/08/06/tv-character-caricatures/,success,direct,1510,1.426,
32530,http://mashable.com/2014/09/10/t-mobile-uncarier-cell-spot/,success,direct,3130,1.434,
35019,http://mashable.com/2014/10/18/hbo-espn-cbs-internet-subscription-services/,success,direct,6066,1.365,
6133,http://mashable.com/2013/04/30/facebook-graph-search-privacy-infographic/,success,direct,697,1.407,
3416,http://mashable.com/2013/03/07/nook-hd-plus-cases/,success,direct,321,1.578,
7516,http://mashable.com/2013/05/28/man-of-steel-tv-spot-video/,success,direct,688,1.374,
16178,http://mashable.com/2013/11/15/playstation-4-timeline/,success,direct,589,1.434,
12472,http://mashable.com/2013/09/04/comet-ison-mars/,success,direct,2798,0.929,
19821,http://mashable.com/2014/02/03/step-pyramid-egypt/,success,direct,5758,1.461,
20680,http://mashable.com/2014/02/19/olympics-photo-day-twelve/,success,direct,1279,1.477,
11905,http://mashable.com/2013/08/22/google-debussy-doodle/,success,direct,695,1.48,
4506,http://mashable.com/2013/03/28/blackberry-1-million/,success,direct,1488,1.375,
14009,http://mashable.com/2013/10/03/rdio-launches-free-music-streaming-for-ios-and-android/,success,direct,2218,1.389,
18479,http://mashable.com/2014/01/07/lynx-smart-grill/,success,direct,2261,1.487,
39494,http://mashable.com/2014/12/24/antonio-martin/,success,direct,3908,1.38,
37673,http://mashable.com/2014/11/25/ferguson-union-square-video/,success,direct,806,1.477,
32212,http://mashable.com/2014/09/05/yo-100-million/,success,direct,1351,2.506,
8278,http://mashable.com/2013/06/12/apple-jony-ive-comic/,success,direct,479,1.473,
7743,http://mashable.com/2013/06/01/minimalist-stand-seta-smartphone/,success,direct,1098,1.582,
20352,http://mashable.com/2014/02/12/top-moments-olympics-day-five/,success,direct,1019,1.469,
18123,http://mashable.com/2013/12/29/google-glass-bride/,success,direct,1329,1.485,
27844,http://mashable.com/2014/06/26/white-dwarf-star-giant-diamond/,success,direct,2801,1.402,
3698,http://mashable.com/2013/03/13/3d-printing-art-jewelry-forgery/,success,direct,3102,1.452,
24294,http://mashable.com/2014/04/28/secret-app-expands/,success,direct,1854,1.58,
10552,http://mashable.com/2013/07/26/google-translate-handwriting/,success,direct,903,1.344,
128,http://mashable.com/2013/01/09/healthspot-virtual-doctor-visit/,success,direct,1297,1.495,
28426,http://mashable.com/2014/07/07/psychedelic-rock-pink-floyd-music-monday/,success,direct,1533,1.469,
19720,http://mashable.com/2014/01/31/ukraine-dmytro-bulatov-mutilated/,success,direct,7687,1.392,
1640,http://mashable.com/2013/02/04/obama-pre-emptive-cyberstrike/,success,direct,4535,1.42,
20112,http://mashable.com/2014/02/08/sochi-moguls-dufour-lapointe-sisters/,success,direct,1293,1.518,
8687,http://mashable.com/2013/06/20/arkyd-telescope-kickstarter-funded/,success,direct,2499,1.49,
9925,http://mashable.com/2013/07/15/first-vine-album/,success,direct,1341,1.361,
36861,http://mashable.com/2014/11/13/ebola-devil-hole-sierra-leone/,success,direct,4428,1.442,
33976,http://mashable.com/2014/10/03/erdogan-hates-the-internet/,success,direct,1477,1.518,
35278,http://mashable.com/2014/10/22/kenny-g-hong-kong-protests/,success,direct,2374,1.483,
33520,http://mashable.com/2014/09/26/hungover-bear/,success,direct,1076,1.557,
21616,http://mashable.com/2014/03/10/edward-snowden-sxsw-watch/,success,direct,1352,1.368,
4800,http://mashable.com/2013/04/03/club-w/,success,direct,3043,1.386,
396,http://mashable.com/2013/01/14/iphone-cases-fashion/,success,direct,469,1.375,
36927,http://mashable.com/2014/11/14/airbnb-airplane/,success,direct,1883,1.48,
39404,http://mashable.com/2014/12/22/north-korea-internet-outage/,success,direct,2895,1.28,
6400,http://mashable.com/2013/05/05/wolverine-answers/,success,direct,1707,1.417,
25740,http://mashable.com/2014/05/23/klinsmann-son-landon-donovan-tweet/,success,direct,3451,1.42,
5841,http://mashable.com/2013/04/24/george-rr-martin-nfl-livejournal/,success,direct,2043,1.521,
18508,http://mashable.com/2014/01/07/vinyl-comeback/,success,direct,570,1.655,
6246,http://mashable.com/2013/05/01/zumper/,success,direct,3242,1.419,
23105,http://mashable.com/2014/04/07/new-york-philadelphia-smoke/,success,direct,1842,1.409,
10765,http://mashable.com/2013/07/31/facebook-tv-ad-study-nielsen/,success,direct,2418,1.483,
26862,http://mashable.com/2014/06/12/harrison-ford-airlifted-from-star-wars-set-after-millennium-falcon-ankle-mishap/,success,direct,876,1.472,
22593,http://mashable.com/2014/03/28/washington-mudslide-before-and-after/,success,direct,595,1.483,
9072,http://mashable.com/2013/06/27/nasa-sun-watching-probe/,success,direct,4042,1.466,
2992,http://mashable.com/2013/02/27/samsung-wallet/,success,direct,785,1.571,
23421,http://mashable.com/2014/04/12/haunt-new-yorkers-quotes/,success,direct,641,1.417,
33353,http://mashable.com/2014/09/24/belgian-city-beer-pipeline/,success,direct,1622,1.536,
17874,http://mashable.com/2013/12/20/nsa-unicef-israeli/,success,direct,1234,1.383,
27039,http://mashable.com/2014/06/15/starbucks-college/,success,direct,1777,1.581,
18638,http://mashable.com/2014/01/10/apple-pc-market/,success,direct,1650,1.405,
31888,http://mashable.com/2014/09/02/apple-celeb-photo-statement/,success,direct,1290,1.549,
34960,http://mashable.com/2014/10/17/halloween-costumes-expensive/,success,direct,915,1.449,
38368,http://mashable.com/2014/12/06/hong-kong-joshua-wong-hunger-strike/,success,direct,1753,1.425,
22833,http://mashable.com/2014/04/02/microsoft-announces-windows-8-1-update/,success,direct,1715,1.383,
748,http://mashable.com/2013/01/21/atari-bankruptcy/,success,direct,1738,1.41,
7722,http://mashable.com/2013/05/31/tumblr-creative-director-quits/,success,direct,1381,1.541,
4308,http://mashable.com/2013/03/25/campbells-hack-the-kitchen/,success,direct,1912,1.398,
29406,http://mashable.com/2014/07/22/israel-losing-media-war-gaza/,success,direct,6747,1.554,
31623,http://mashable.com/2014/08/27/stand-alone-kinect/,success,direct,1797,1.376,
22774,http://mashable.com/2014/04/01/reddit-heddit-april-fools/,success,direct,1299,1.455,
4178,http://mashable.com/2013/03/21/microsoft-transparency-report/,success,direct,2991,1.501,
38636,http://mashable.com/2014/12/10/managing-across-globe/,success,direct,3505,1.488,
13177,http://mashable.com/2013/09/18/credit-cards-online-shopping/,success,direct,1560,1.47,
38524,http://mashable.com/2014/12/09/drone-video-reveals-foggy-dallas/,success,direct,938,1.376,
17258,http://mashable.com/2013/12/09/tech-products-dead-2013/,success,direct,1052,1.479,
30084,http://mashable.com/2014/08/01/faa-restrictions-iraq/,success,direct,1714,1.461,
31939,http://mashable.com/2014/09/02/reddit-rolls-out-ama-app/,success,direct,2008,1.462,
9561,http://mashable.com/2013/07/08/jay-z-twitter/,success,direct,8028,1.536,
28660,http://mashable.com/2014/07/10/lego-diy-organization/,success,direct,567,1.041,
16115,http://mashable.com/2013/11/14/jfk-cbs-stream/,success,direct,1969,1.456,
14365,http://mashable.com/2013/10/10/samsung-silicon-valley-companies/,success,direct,3120,1.512,
24967,http://mashable.com/2014/05/09/scary-medical-facts/,success,direct,2160,1.471,
37419,http://mashable.com/2014/11/21/al-qaeda-yemen-denounces-isis/,success,direct,3767,2.407,
25695,http://mashable.com/2014/05/22/storehouse-funding/,success,direct,2016,1.467,
23262,http://mashable.com/2014/04/09/pop-culture-workouts/,success,direct,810,1.42,
9116,http://mashable.com/2013/06/28/doc-rivers-bill-simmons-twitter/,success,direct,3584,1.654,
13143,http://mashable.com/2013/09/17/scaling-linkedin/,success,direct,8103,1.353,
11347,http://mashable.com/2013/08/12/ios-top-smartphone/,success,direct,659,2.608,
34224,http://mashable.com/2014/10/07/super-smash-bros-wii-u-release-date/,success,direct,1170,1.429,
2624,http://mashable.com/2013/02/21/google-chrome-tips-tricks/,success,direct,1035,1.951,
38054,http://mashable.com/2014/12/02/kenya-quarry-workers-killed/,success,direct,1515,1.531,
32150,http://mashable.com/2014/09/05/fall-activity-guide-austin/,failed,failed,0,39.583,"direct=text_too_short:192; wayback=HTTPSConnectionPool(host='web.archive.org', port=443): Read timed out. (read timeout=15)"
34783,http://mashable.com/2014/10/15/flight-attendant-scarf/,success,direct,7817,1.592,
2507,http://mashable.com/2013/02/19/samsung-galaxy-s-iv/,success,direct,928,1.376,
14044,http://mashable.com/2013/10/04/finding-nemo-8-bit/,success,direct,670,1.444,
1179,http://mashable.com/2013/01/28/community-management/,success,direct,9340,1.417,
32219,http://mashable.com/2014/09/06/emotional-roller-coaster-forrest-gump/,success,direct,585,1.402,
6646,http://mashable.com/2013/05/09/tesla-model-s-2/,success,direct,1989,1.545,
26254,http://mashable.com/2014/06/02/world-cup-corruption/,success,direct,8216,1.589,
23440,http://mashable.com/2014/04/13/game-of-thrones-purple-wedding-tweets/,success,direct,1100,1.459,
20305,http://mashable.com/2014/02/12/flappy-bird-malware/,success,direct,2010,1.39,
24866,http://mashable.com/2014/05/08/breaking-bad-4k-netflix/,success,direct,1309,1.4,
10308,http://mashable.com/2013/07/22/indie-music-digital-discovery/,success,direct,4488,1.532,
8639,http://mashable.com/2013/06/19/instagram-video-brief/,success,direct,550,1.354,
20412,http://mashable.com/2014/02/13/real-life-robocop/,success,direct,1092,1.357,
33552,http://mashable.com/2014/09/26/what-is-shellshock/,success,direct,6893,1.427,
27568,http://mashable.com/2014/06/23/may-earths-warmest-record/,success,direct,3306,1.549,
475,http://mashable.com/2013/01/15/iran-monkey-space/,success,direct,2370,1.37,
4201,http://mashable.com/2013/03/21/windows-phone-ad-galaxy-s-iii/,success,direct,1168,1.413,
38509,http://mashable.com/2014/12/09/blackphone-launch-app-store/,success,direct,1029,1.485,
16899,http://mashable.com/2013/12/02/overplayed-pop-songs-2013/,success,direct,671,1.353,
33912,http://mashable.com/2014/10/02/holiday-marketing-best-practices/,success,direct,4131,1.486,
35787,http://mashable.com/2014/10/29/kindle-fire-hdx-tablet-review/,success,direct,12646,1.619,
30148,http://mashable.com/2014/08/02/social-media-facepalms/,success,direct,578,1.401,
34852,http://mashable.com/2014/10/16/australia-jarryd-hayne-nfl-nrl/,success,direct,7519,1.476,
928,http://mashable.com/2013/01/23/jim-harbaugh-saved-by-the-bell/,success,direct,1069,1.468,
4968,http://mashable.com/2013/04/06/coffee-art/,success,direct,916,1.397,
27231,http://mashable.com/2014/06/18/aston-martin-solar-powered-car/,success,direct,2573,1.467,
29655,http://mashable.com/2014/07/25/morgan-freeman-helium/,success,direct,449,1.438,
34440,http://mashable.com/2014/10/09/yao-ming-federer-djokovic/,success,direct,1341,1.505,
9641,http://mashable.com/2013/07/09/tesla-nasdaq-100/,success,direct,853,1.398,
7920,http://mashable.com/2013/06/05/meme-paintings/,success,direct,1278,1.649,
24683,http://mashable.com/2014/05/05/mad-men-episode-4-recap-season-7/,success,direct,5882,1.368,
39410,http://mashable.com/2014/12/22/police-high-alert-nypd-shooting/,success,direct,3901,1.49,
26780,http://mashable.com/2014/06/11/global-warming-drought-flood-frequency/,success,direct,6988,1.469,
37523,http://mashable.com/2014/11/22/rocket-cyclists/,success,direct,1246,1.486,
22755,http://mashable.com/2014/04/01/how-to-make-a-twitter-collage/,success,direct,3381,1.379,
16113,http://mashable.com/2013/11/14/ibm-watson-brief/,success,direct,591,1.561,
34104,http://mashable.com/2014/10/06/google-x-modular-screens/,success,direct,2125,1.473,
22023,http://mashable.com/2014/03/18/mt-gox-check-bicoin-balances/,success,direct,2073,1.991,
22939,http://mashable.com/2014/04/03/sesame-street-microsocope/,success,direct,1975,1.438,
18507,http://mashable.com/2014/01/07/the-gap-mannequin-project/,success,direct,888,1.516,
20822,http://mashable.com/2014/02/21/sochi-day-14-winners/,success,direct,1583,1.483,
4949,http://mashable.com/2013/04/05/mini-micro-sd-reader-for-android/,success,direct,978,1.477,
457,http://mashable.com/2013/01/15/facebook-graph-search-journalists/,success,direct,2336,1.577,
31460,http://mashable.com/2014/08/25/startup-best-kept-secrets/,success,direct,4073,1.368,
6169,http://mashable.com/2013/04/30/spring-thoughts/,success,direct,1107,1.505,
20453,http://mashable.com/2014/02/14/honest-valentines-day-cards/,success,direct,760,1.471,
12093,http://mashable.com/2013/08/26/song-of-the-summer-2013-vote/,success,direct,1936,1.365,
34795,http://mashable.com/2014/10/15/hong-kong-protests-mood-bitter/,success,direct,6007,1.425,
24280,http://mashable.com/2014/04/28/mad-men-season-7-episode-3-recap/,success,direct,6303,0.93,
25050,http://mashable.com/2014/05/12/heroes-reborn-nbc-miniseries-nbc-upfront/,success,direct,2625,1.393,
28192,http://mashable.com/2014/07/02/reading-rainbow-kickstarter-ends-5-4-million-record/,success,direct,2754,1.425,
34786,http://mashable.com/2014/10/15/friends-netflix-warner-bros/,success,direct,583,1.373,
14545,http://mashable.com/2013/10/14/youtube-brand-mistakes/,success,direct,7885,1.557,
33887,http://mashable.com/2014/10/02/camel-selfies/,success,direct,803,1.47,
1219,http://mashable.com/2013/01/28/rim-big-tech-comback/,success,direct,5629,1.513,
28578,http://mashable.com/2014/07/09/report-nsa-spied-muslim-americans/,success,direct,2594,1.539,
15135,http://mashable.com/2013/10/25/microsoft-xbox-one-spock-ad/,success,direct,612,2.297,
32683,http://mashable.com/2014/09/12/sesame-street-jimmy-fallon-kids/,success,direct,614,1.478,
17511,http://mashable.com/2013/12/13/muppet-style/,success,direct,807,1.475,
11682,http://mashable.com/2013/08/18/unpaid-interns-comic/,success,direct,465,1.601,
32615,http://mashable.com/2014/09/11/water-ice-clouds/,success,direct,1350,1.384,
9880,http://mashable.com/2013/07/13/social-media-vacations/,success,direct,1836,1.445,
34132,http://mashable.com/2014/10/06/reddit-minecraft-suicide/,success,direct,2831,1.521,
36377,http://mashable.com/2014/11/06/lyft-sues-coo-uber/,success,direct,1951,1.447,
13226,http://mashable.com/2013/09/18/syrian-rebels-ipad/,success,direct,3001,1.081,
20046,http://mashable.com/2014/02/07/gopro-ipo/,success,direct,900,2.415,
15971,http://mashable.com/2013/11/12/curious/,success,direct,3058,1.382,
15676,http://mashable.com/2013/11/05/successful-fandoms/,success,direct,10363,1.595,
12092,http://mashable.com/2013/08/26/skype-tips-2013/,success,direct,551,1.372,
27960,http://mashable.com/2014/06/29/mexico-netherlands-world-cup-robben/,success,direct,1744,1.68,
6515,http://mashable.com/2013/05/07/solar-eclipse-this-week/,success,direct,2713,1.372,
6049,http://mashable.com/2013/04/28/polyvore-ios-app-update/,success,direct,1094,1.36,
16315,http://mashable.com/2013/11/19/evermore-film-biz-stone-twitter/,success,direct,1286,1.525,
22996,http://mashable.com/2014/04/04/ohio-gay-marriage-ban/,success,direct,1577,1.572,
9303,http://mashable.com/2013/07/02/pebble-best-buy/,success,direct,2391,1.491,
7780,http://mashable.com/2013/06/03/ducklings-cross-indycar-racetrack/,success,direct,782,1.485,
27754,http://mashable.com/2014/06/25/tiger-selfies/,success,direct,2341,1.45,
28518,http://mashable.com/2014/07/08/yemeni-bomb-maker-al-asiri/,success,direct,3289,1.509,
21622,http://mashable.com/2014/03/10/gawker-first-look-media/,success,direct,1171,1.42,
25603,http://mashable.com/2014/05/21/netflix-expands-europe/,success,direct,1764,1.525,
8969,http://mashable.com/2013/06/25/wimbledon-google-glass/,success,direct,1799,1.405,
22527,http://mashable.com/2014/03/27/radio-new-music-chart/,success,direct,781,1.246,
25528,http://mashable.com/2014/05/20/neil-patrick-harris-memoir/,success,direct,993,1.585,
37653,http://mashable.com/2014/11/25/black-mirror-jon-hamm/,success,direct,2434,1.479,
27316,http://mashable.com/2014/06/19/california-drought-gets-worse/,success,direct,2570,1.487,
14363,http://mashable.com/2013/10/10/repairing-smartphones/,success,direct,3601,1.448,
2000,http://mashable.com/2013/02/10/wedding-proposal-videos/,success,direct,602,1.593,
10173,http://mashable.com/2013/07/19/bungee-jumping-bachelor-party-prank/,success,direct,809,1.481,
33594,http://mashable.com/2014/09/28/finlay-csi-season-15-premiere-clip/,success,direct,1070,1.588,
4,http://mashable.com/2013/01/07/att-u-verse-apps/,success,direct,1709,1.477,
8690,http://mashable.com/2013/06/20/breathalyzer-watch/,success,direct,570,2.396,
8022,http://mashable.com/2013/06/07/clipless/,success,direct,1762,1.589,
3105,http://mashable.com/2013/03/01/mike-skillshare-video/,success,direct,1617,1.409,
12711,http://mashable.com/2013/09/09/livefyre-acquires-storify/,success,direct,3087,1.463,
1668,http://mashable.com/2013/02/04/work-at-fab/,success,direct,8253,1.457,
11635,http://mashable.com/2013/08/16/syrian-electronic-attack-outbrain/,success,direct,2488,1.446,
26459,http://mashable.com/2014/06/05/music-copycats/,success,direct,791,1.711,
29507,http://mashable.com/2014/07/23/sensor-powered-seatbelt-could-save-the-lives-of-sleepy-drivers/,success,direct,2030,1.476,
19872,http://mashable.com/2014/02/04/let-it-no-grumpy-frozen/,success,direct,641,1.479,
14699,http://mashable.com/2013/10/17/content-marketing-newsroom/,success,direct,2762,1.423,
29805,http://mashable.com/2014/07/28/virgin-america-files-for-u-s-ipo/,success,direct,652,1.538,
31536,http://mashable.com/2014/08/26/military-drones-detractors-new-york-state/,success,direct,375,1.575,
9584,http://mashable.com/2013/07/09/after-dark-photos/,success,direct,956,1.363,
3899,http://mashable.com/2013/03/15/startup-pitch-vine-sxsw/,success,direct,1423,1.585,
21135,http://mashable.com/2014/02/27/pepsi-max-jeff-gordon-test-drive-prank/,success,direct,2894,1.47,
12082,http://mashable.com/2013/08/26/nba-larry-sanders-instagram-tattoo-typo/,success,direct,1251,1.563,
39274,http://mashable.com/2014/12/19/new-instagram-filters-ideas/,success,direct,702,1.491,
10539,http://mashable.com/2013/07/26/ballers-bridge/,success,direct,2596,1.484,
27837,http://mashable.com/2014/06/26/usa-germany-world-cup-wet-tshirt/,success,direct,605,1.475,
28676,http://mashable.com/2014/07/10/scientists-recreate-movements-ancient-spider/,success,direct,1274,1.414,
31760,http://mashable.com/2014/08/29/neptune-and-dodgeball-asteroid-watch-live/,success,direct,2890,1.454,
772,http://mashable.com/2013/01/21/inauguration-poem/,success,direct,1797,1.57,
25764,http://mashable.com/2014/05/23/ukraine-military-donation-wings-of-phoenix/,success,direct,5607,1.591,
23687,http://mashable.com/2014/04/17/gabriel-garcia-marquez-dies-dead/,success,direct,3335,1.451,
11770,http://mashable.com/2013/08/20/garmin-virb/,success,direct,2513,1.424,
12214,http://mashable.com/2013/08/28/new-york-times-documentary/,success,direct,2162,1.531,
33970,http://mashable.com/2014/10/03/cute-animals-in-sweaters/,success,direct,475,1.437,
23455,http://mashable.com/2014/04/13/stand-up-need-at-work/,success,direct,5932,1.52,
3502,http://mashable.com/2013/03/08/yappem/,success,direct,1957,1.477,
4347,http://mashable.com/2013/03/25/steve-jobs-atari-book-exclusive/,success,direct,5025,1.48,
13972,http://mashable.com/2013/10/02/zazzle-poetry/,success,direct,1044,0.966,
277,http://mashable.com/2013/01/11/gmail-compose/,success,direct,3922,1.381,
38229,http://mashable.com/2014/12/04/fans-beat-player-to-death-argentina/,success,direct,1658,1.367,
28777,http://mashable.com/2014/07/12/brazils-world-cup-consolation-loss-reopens-wounds-just-beginning-to-heal/,success,direct,3455,1.518,
36100,http://mashable.com/2014/11/03/google-nexus-player-review/,success,direct,7496,0.924,
3425,http://mashable.com/2013/03/07/richard-sherman-skip-bayless/,success,direct,2338,1.462,
14848,http://mashable.com/2013/10/21/apple-oct-22-event-want/,success,direct,2014,1.484,
1912,http://mashable.com/2013/02/08/farmville-could-be-coming-to-a-television-near-you/,success,direct,1208,1.885,
17055,http://mashable.com/2013/12/05/jay-z-ranks-his-albums-photo/,success,direct,1174,1.493,
29912,http://mashable.com/2014/07/30/gold-backed-independence-coin/,success,direct,2240,1.466,
3161,http://mashable.com/2013/03/03/snl-sequester/,success,direct,936,1.575,
37267,http://mashable.com/2014/11/19/fast-and-furious-franchise/,success,direct,2426,1.463,
16860,http://mashable.com/2013/12/02/2013-tech-winners-losers/,success,direct,960,1.498,
21091,http://mashable.com/2014/02/26/tea-infusers/,success,direct,609,1.489,
31385,http://mashable.com/2014/08/24/suge-knight-shot-chris-brown-vmas-party/,success,direct,3518,1.477,
7672,http://mashable.com/2013/05/30/twitter-two-factor-authentication-brands-managers/,success,direct,3301,1.475,
23024,http://mashable.com/2014/04/05/effective-follow-up/,success,direct,3835,1.487,
29392,http://mashable.com/2014/07/22/dutch-minister-un-mh17-ukraine/,success,direct,2035,1.525,
15951,http://mashable.com/2013/11/11/satellite-falls-to-earth/,success,direct,2556,1.421,
7571,http://mashable.com/2013/05/29/kyle-andrews-ipad-gopro/,success,direct,1036,1.404,
22810,http://mashable.com/2014/04/02/chile-earthquake-6-dead/,success,direct,719,1.792,
12782,http://mashable.com/2013/09/10/iphone-5s-camera/,success,direct,3221,1.439,
9806,http://mashable.com/2013/07/12/bear-reporter/,success,direct,827,1.435,
24906,http://mashable.com/2014/05/08/politicians-bitcoin-donations/,success,direct,2983,1.563,
10657,http://mashable.com/2013/07/29/kenyan-orphans-sports-videos/,success,direct,2514,1.47,
19848,http://mashable.com/2014/02/04/divergent-final-trailer/,success,direct,932,1.492,
9568,http://mashable.com/2013/07/08/onegigabit/,success,direct,1323,1.363,
34381,http://mashable.com/2014/10/09/irobot-upoint-tablet-play/,success,direct,4214,1.496,
9747,http://mashable.com/2013/07/11/gran-turismo-6-video/,success,direct,811,1.461,
17915,http://mashable.com/2013/12/22/cubebot-puzzle/,success,direct,2501,1.501,
12705,http://mashable.com/2013/09/09/hot-pockets-stalker-ad/,success,direct,841,1.62,
261,http://mashable.com/2013/01/11/a-cappella-remix-no-diggity/,success,direct,380,1.54,
32024,http://mashable.com/2014/09/03/roam-ropes-earbuds/,success,direct,2343,1.382,
18406,http://mashable.com/2014/01/06/samsung-galaxy-notepro/,success,direct,2211,1.468,
2744,http://mashable.com/2013/02/23/student-suspended-harlem-shake/,success,direct,609,1.597,
32783,http://mashable.com/2014/09/15/covergirl-ad-nfl-roger-goodell/,success,direct,3187,1.475,
12311,http://mashable.com/2013/08/30/employers-facebook-resume-comic/,success,direct,473,1.451,
11501,http://mashable.com/2013/08/14/orlando-cruz-gay-boxer-facebook-proposal/,success,direct,1568,1.424,
20592,http://mashable.com/2014/02/18/blake-griffins-nba-all-star-game/,success,direct,758,1.654,
26634,http://mashable.com/2014/06/09/job-specializiation-tech-market/,success,direct,7140,1.487,
22517,http://mashable.com/2014/03/27/miley-cyrus-college-class/,success,direct,1368,1.477,
32834,http://mashable.com/2014/09/15/urban-outfitters-kent-state-sweatshirt/,success,direct,1813,1.581,
20919,http://mashable.com/2014/02/24/facebook-mobile-traffic/,success,direct,665,1.589,
1427,http://mashable.com/2013/01/31/facebook-events-annoying/,success,direct,589,1.488,
2772,http://mashable.com/2013/02/24/quadcopters-trick/,success,direct,912,1.584,
27080,http://mashable.com/2014/06/16/instagrams-usa-ghana-natal-brazil/,success,direct,385,1.765,
9666,http://mashable.com/2013/07/10/blackberry-sales-chief/,success,direct,1503,1.187,
22086,http://mashable.com/2014/03/19/march-madness-at-work-tools/,success,direct,2135,1.56,
34571,http://mashable.com/2014/10/12/jim-carrey-snl-host/,success,direct,711,1.676,
21723,http://mashable.com/2014/03/12/arnold-schwarzenegger-tank/,success,direct,963,1.384,
9687,http://mashable.com/2013/07/10/instacart/,success,direct,3302,1.466,
27287,http://mashable.com/2014/06/18/these-ads-will-terrify-you/,success,direct,235,1.579,
28819,http://mashable.com/2014/07/13/snapchat-world-cup-our-story/,success,direct,1560,1.357,
1801,http://mashable.com/2013/02/06/robot-clean-tablet-smartphone/,success,direct,829,1.504,
21866,http://mashable.com/2014/03/14/russia-grounded-u-s-drone/,success,direct,2445,1.572,
29278,http://mashable.com/2014/07/20/gotham-producers-not-sweating-lack-of-superheroes/,success,direct,2735,1.6,
37243,http://mashable.com/2014/11/19/barbie-computer-engineer-advice/,success,direct,5152,1.435,
7794,http://mashable.com/2013/06/03/malicious-charger-iphone-hack/,success,direct,1264,2.619,
9419,http://mashable.com/2013/07/04/nathans-hot-dog-eating-contest-2013/,success,direct,1028,1.586,
8090,http://mashable.com/2013/06/08/parashoot-video/,success,direct,1622,1.478,
16866,http://mashable.com/2013/12/02/amazon-drone-delivery-slip/,success,direct,919,1.578,
1285,http://mashable.com/2013/01/29/justin-bieber-believe-acoustic-twitter-grammy/,success,direct,1483,1.407,
27847,http://mashable.com/2014/06/26/world-cup-day-14-diving-and-writhing/,success,direct,4121,1.564,
26568,http://mashable.com/2014/06/07/photographers-shouldnt-be-too-upset-over-amazons-white-background-patent/,success,direct,3380,1.39,
1901,http://mashable.com/2013/02/08/chromebook-pixel/,success,direct,1139,1.424,
10410,http://mashable.com/2013/07/24/bill-nye-asteroids/,success,direct,877,1.21,
4867,http://mashable.com/2013/04/04/facebook-home-2/,success,direct,4066,1.502,
1416,http://mashable.com/2013/01/31/apple-android-war-song/,success,direct,465,1.481,
34433,http://mashable.com/2014/10/09/tesla-d-event/,success,direct,4306,1.431,
29568,http://mashable.com/2014/07/24/google-autocomplete-summer/,success,direct,643,1.445,
11732,http://mashable.com/2013/08/19/samsung-vacuum-baby-ad/,success,direct,958,1.568,
28990,http://mashable.com/2014/07/15/summer-guide-new-york-city/,failed,failed,0,28.779,direct=text_too_short:192; wayback=text_too_short:0
17847,http://mashable.com/2013/12/20/auteurs-of-christmas-video/,success,direct,995,1.448,
28181,http://mashable.com/2014/07/02/lily-allen-url-badman-music-video-trolls-bloggers/,success,direct,1576,1.446,
566,http://mashable.com/2013/01/16/samsung-beefs-up-chromebox-with-a-core-i5-processor/,success,direct,880,1.378,
27131,http://mashable.com/2014/06/17/ahmed-abu-khatallah-benghazi-suspect/,success,direct,3185,1.468,
18561,http://mashable.com/2014/01/08/schumacher-helmet-cam/,success,direct,1361,1.467,
16942,http://mashable.com/2013/12/03/high-chair-learning/,success,direct,2746,1.479,
9842,http://mashable.com/2013/07/12/nsa-microsoft-brief/,success,direct,726,1.46,
21489,http://mashable.com/2014/03/06/spotify-acquires-echo-nest/,success,direct,1673,1.462,
39152,http://mashable.com/2014/12/17/star-wars-light-show/,success,direct,641,1.566,
27550,http://mashable.com/2014/06/23/glastonbury-festival-apps/,success,direct,6293,1.434,
6915,http://mashable.com/2013/05/15/hp-split-x2/,success,direct,1327,1.393,
18934,http://mashable.com/2014/01/16/netflix-oscar-nomination/,success,direct,2677,1.594,
7845,http://mashable.com/2013/06/04/galaxy-tab-3-intel/,success,direct,1416,1.556,
6682,http://mashable.com/2013/05/10/liable-crimes-3d-printed-gun/,success,direct,3900,1.569,
24609,http://mashable.com/2014/05/03/ea-comcast-streaming-video-games/,success,direct,1563,1.399,
32055,http://mashable.com/2014/09/04/anonib-hacker-message-board-down/,success,direct,1977,1.433,
37602,http://mashable.com/2014/11/24/jennifer-aniston-friends-reunion/,success,direct,817,1.474,
21893,http://mashable.com/2014/03/15/5-cant-miss-apps-stop-motion-animation/,success,direct,592,1.563,
18618,http://mashable.com/2014/01/09/samsung-galaxy-s5-eye-scanner/,success,direct,1127,1.41,
20741,http://mashable.com/2014/02/20/grayscale-vine-videos/,success,direct,983,1.541,
11015,http://mashable.com/2013/08/05/spotify-browse-themed-playlists-smartphone/,success,direct,3076,1.438,
19718,http://mashable.com/2014/01/31/tim-tebow-t-mobile-super-bowl/,success,direct,531,1.727,
1052,http://mashable.com/2013/01/25/animation-cold-snap/,success,direct,1237,1.466,
32452,http://mashable.com/2014/09/10/alex-trebek-mustache/,success,direct,1410,1.47,
15215,http://mashable.com/2013/10/28/apple-new-product-categories/,success,direct,1156,1.569,
24872,http://mashable.com/2014/05/08/dawn-of-the-planets-of-the-apes-trailer/,success,direct,1729,1.671,
6892,http://mashable.com/2013/05/15/ebook-sales-2012-bookstats/,success,direct,1849,1.493,
32662,http://mashable.com/2014/09/12/nfl-star-adrian-peterson-child-injury/,success,direct,5486,1.471,
4639,http://mashable.com/2013/03/31/gosling-easter-2013/,success,direct,3476,1.457,
26136,http://mashable.com/2014/05/31/bathroom-hacks/,success,direct,457,1.396,
1012,http://mashable.com/2013/01/24/marketing-events/,success,direct,3191,1.474,
14320,http://mashable.com/2013/10/10/blackberry-founders-takeover-bid/,success,direct,1427,1.538,
8317,http://mashable.com/2013/06/12/palm-ceo-hp-waste/,success,direct,2333,1.409,
29420,http://mashable.com/2014/07/22/pancake-machine-alaska-airlines/,success,direct,1356,1.425,
1109,http://mashable.com/2013/01/25/vine-tumblr/,success,direct,2884,1.392,
13077,http://mashable.com/2013/09/16/social-networks-emotions/,success,direct,3746,1.497,
26767,http://mashable.com/2014/06/11/apple-in-house-advertising/,success,direct,6152,1.375,
1107,http://mashable.com/2013/01/25/twitter-vine-brands/,success,direct,1864,2.153,
28056,http://mashable.com/2014/07/01/amelia-earhart-takes-off/,success,direct,3304,1.471,
1133,http://mashable.com/2013/01/26/steve-jobs-movie-reviews-twitter/,success,direct,3845,1.577,
6870,http://mashable.com/2013/05/14/uture-of-google-glass/,success,direct,1225,1.391,
25913,http://mashable.com/2014/05/27/ucsb-memorial-day-of-mourning/,success,direct,1282,1.549,
19955,http://mashable.com/2014/02/05/valentines-day-kid-vs-adult/,success,direct,497,1.483,
26165,http://mashable.com/2014/06/01/jupiter-earth-stable-axis-habitability/,success,direct,7922,1.372,
33651,http://mashable.com/2014/09/29/inside-the-new-york-public-library-maps-division/,success,direct,410,1.562,
16441,http://mashable.com/2013/11/21/apple-samsung-patent-trial/,success,direct,1085,1.582,
7643,http://mashable.com/2013/05/30/htc-one-nexus/,success,direct,555,1.502,
11917,http://mashable.com/2013/08/22/louisiana-sinkhole-trees/,success,direct,439,1.368,
20441,http://mashable.com/2014/02/14/camel-california-captured/,success,direct,709,1.531,
25381,http://mashable.com/2014/05/17/lego-pokemon/,success,direct,921,1.785,
14766,http://mashable.com/2013/10/18/google-facebook-ads/,success,direct,1144,6.484,
15337,http://mashable.com/2013/10/29/spooky-celebs-twitter-hashtag/,success,direct,2567,1.576,
33725,http://mashable.com/2014/09/30/hong-kong-protesters-set-deadline-for-demands/,success,direct,4506,1.457,
28872,http://mashable.com/2014/07/14/lebron-james-captures-instagram-video-of-world-cup-streaker/,success,direct,1263,1.38,
17208,http://mashable.com/2013/12/09/11-signs-youre-actually-the-grinch/,success,direct,688,1.769,
14200,http://mashable.com/2013/10/08/doctor-who-empire-state-building-petition/,success,direct,1492,1.599,
23220,http://mashable.com/2014/04/09/borderlands-pre-sequel/,success,direct,2704,1.354,
1491,http://mashable.com/2013/02/01/baltimore-ravens-ipad/,success,direct,2451,1.476,
39348,http://mashable.com/2014/12/21/police-mourning-band-nypd/,success,direct,2334,1.475,
13066,http://mashable.com/2013/09/16/navy-yard-shooting-news/,success,direct,2983,1.688,
17452,http://mashable.com/2013/12/12/nelson-mandela-memorial-internet/,success,direct,822,1.467,
6442,http://mashable.com/2013/05/06/small-screen-windows-8-amazon/,success,direct,909,1.578,
17537,http://mashable.com/2013/12/14/china-change-3-moon/,success,direct,1641,1.467,
5881,http://mashable.com/2013/04/24/time-traveling-iconic-pics/,success,direct,1644,1.455,
24553,http://mashable.com/2014/05/02/drones-legal/,success,direct,4151,1.486,
11444,http://mashable.com/2013/08/13/tardis-google-maps/,success,direct,743,1.412,
26931,http://mashable.com/2014/06/13/5-facts-game-of-thrones/,success,direct,1893,1.523,
24632,http://mashable.com/2014/05/04/darth-vader-online-dating/,success,direct,291,1.354,
20697,http://mashable.com/2014/02/19/top-moments-olympics-day-twelve/,success,direct,1227,1.457,
3269,http://mashable.com/2013/03/05/kony-2012-retrospective/,success,direct,13349,1.448,
14293,http://mashable.com/2013/10/09/ringclock/,success,direct,1107,1.81,
36197,http://mashable.com/2014/11/04/iran-embassy-takeover-anniversary/,success,direct,751,1.586,
4421,http://mashable.com/2013/03/26/watch-mad-men-season-5/,success,direct,1256,1.341,
17082,http://mashable.com/2013/12/05/sound-of-music-live-facts/,success,direct,1487,1.469,
13810,http://mashable.com/2013/09/30/how-to-supercut/,success,direct,4835,1.609,
9790,http://mashable.com/2013/07/11/twitter-ads-world-cup/,success,direct,1829,1.578,
10421,http://mashable.com/2013/07/24/dancing-animals/,success,direct,423,1.575,
29869,http://mashable.com/2014/07/29/prince-harry-photobomb/,success,direct,1234,1.362,
37062,http://mashable.com/2014/11/17/apple-ios-8-1-1/,success,direct,906,1.683,
29003,http://mashable.com/2014/07/15/typhoon-rammasun-glenda-strikes-philippines/,success,direct,5690,1.434,
1090,http://mashable.com/2013/01/25/michael-jackson-amazon-book/,success,direct,1939,1.526,
31518,http://mashable.com/2014/08/26/hyperlapse-nyc-bridges/,success,direct,641,1.567,
31876,http://mashable.com/2014/09/01/perez-hilton-apologizes-and-removes-nude-images-of-jennifer-lawrence/,success,direct,2951,1.77,
18186,http://mashable.com/2013/12/31/north-dakota-train-explode/,success,direct,1407,1.536,
24403,http://mashable.com/2014/04/30/clippers-sterling-crowdsourcing-indiegogo/,success,direct,2975,1.498,
33790,http://mashable.com/2014/10/01/a-swim-in-the-black-sea/,success,direct,1784,1.473,
1048,http://mashable.com/2013/01/24/why-apple-stock-is-tanking-2/,success,direct,3192,1.58,
39262,http://mashable.com/2014/12/19/instagram-citigroup-35-billion/,success,direct,1885,1.341,
23607,http://mashable.com/2014/04/16/fashion-wearable-tech/,success,direct,4628,1.602,
38119,http://mashable.com/2014/12/03/asteroid-awareness-day/,success,direct,1649,2.889,
12681,http://mashable.com/2013/09/08/run-n-read/,success,direct,1257,1.472,
15503,http://mashable.com/2013/11/01/groupon-redesign/,success,direct,1847,1.578,
33829,http://mashable.com/2014/10/01/how-to-save-battery-ios-8/,success,direct,4542,1.574,
20066,http://mashable.com/2014/02/07/rosanne-cash/,success,direct,13944,1.584,
33958,http://mashable.com/2014/10/03/5-seconds-of-summer-fall-songs/,success,direct,321,1.664,
31256,http://mashable.com/2014/08/21/study-programs-israel/,success,direct,5387,1.871,
27709,http://mashable.com/2014/06/25/entire-google-io-2014-keynote/,success,direct,673,1.477,
33490,http://mashable.com/2014/09/25/whats-the-deal-with-ello/,success,direct,3000,0.961,
842,http://mashable.com/2013/01/22/inauguration-interview-fail/,success,direct,634,1.556,
25189,http://mashable.com/2014/05/14/conan-o-brien-contract-renewed-2018-four-years/,success,direct,1654,1.471,
13131,http://mashable.com/2013/09/17/microsoft-buyback-dividend/,success,direct,1131,1.55,
7289,http://mashable.com/2013/05/22/twitter-2-step-verification/,success,direct,2615,0.884,
5751,http://mashable.com/2013/04/22/time-lapse-earth-day/,success,direct,704,1.775,
22803,http://mashable.com/2014/04/02/apple-renesas-battery-life/,success,direct,903,1.569,
33646,http://mashable.com/2014/09/29/hong-kong-cell-network-chat/,success,direct,5573,1.781,
24893,http://mashable.com/2014/05/08/jurassic-park-vinyl/,success,direct,2198,1.361,
6904,http://mashable.com/2013/05/15/google-location-services/,success,direct,1235,1.467,
35083,http://mashable.com/2014/10/20/global-warming-oceans-warmest-september/,success,direct,3532,1.477,
13430,http://mashable.com/2013/09/23/emmys-carrie-underwood/,success,direct,2216,1.574,
3193,http://mashable.com/2013/03/04/jobs-social-media-marketing/,success,direct,7315,1.406,
24990,http://mashable.com/2014/05/10/spring-fashion-tips-for-men/,success,direct,756,1.532,
23566,http://mashable.com/2014/04/15/modular-smartphones-google-project-ara/,success,direct,2594,1.477,
15019,http://mashable.com/2013/10/23/gopro-mountain-bike/,success,direct,868,1.569,
573,http://mashable.com/2013/01/16/the-death-star-strikes-back/,success,direct,1763,1.554,
39385,http://mashable.com/2014/12/22/gift-decision-tree-brandspeak/,success,direct,1676,1.484,
1465,http://mashable.com/2013/01/31/star-trek-into-darkness-most-viewed-super-bowl-ad-so-far/,success,direct,2053,1.931,
884,http://mashable.com/2013/01/22/verizon-iphone-activations-q4/,success,direct,1274,1.43,
9025,http://mashable.com/2013/06/26/rockpack/,success,direct,2400,1.465,
17998,http://mashable.com/2013/12/24/paypal-holiday-shopping/,success,direct,1492,1.459,
2029,http://mashable.com/2013/02/11/google-now-nexus-4-ad/,success,direct,510,2.503,
3933,http://mashable.com/2013/03/16/week-in-photos/,success,direct,8075,1.478,
38763,http://mashable.com/2014/12/11/soundlink-brandspeak/,success,direct,2063,1.977,
22735,http://mashable.com/2014/04/01/cloud-price-wars/,success,direct,6292,1.428,
26139,http://mashable.com/2014/05/31/cnn-reporter-detained-turkey-gezi/,success,direct,2209,1.427,
21433,http://mashable.com/2014/03/05/transformers-4-trailer/,success,direct,757,1.452,
7573,http://mashable.com/2013/05/29/mashable-career-fair-reviews/,success,direct,2042,1.78,
18521,http://mashable.com/2014/01/08/clockone-e-ink/,success,direct,1904,1.681,
23626,http://mashable.com/2014/04/16/kim-dotcom-assets/,success,direct,2394,1.569,
38918,http://mashable.com/2014/12/15/cutest-kids-of-2014/,success,direct,559,1.355,
31872,http://mashable.com/2014/09/01/made-in-america-moments-recap-jay-z-kanye-pharrell-kings-of-leon/,success,direct,5074,1.495,
28592,http://mashable.com/2014/07/09/structure-sensor-sdk-review/,success,direct,7735,1.463,
24875,http://mashable.com/2014/05/08/eastern-ukraine-putin-referendum/,success,direct,4825,1.525,
18153,http://mashable.com/2013/12/30/mars-one-round-2-applicants/,success,direct,4707,1.399,
6536,http://mashable.com/2013/05/08/doj-fbi-no-warrants-emails-facebook/,success,direct,3846,1.516,
19512,http://mashable.com/2014/01/28/rome-tweet-illegal-parking/,success,direct,3419,1.741,
7964,http://mashable.com/2013/06/06/facebook-home-improvements/,success,direct,949,1.665,
31482,http://mashable.com/2014/08/26/apple-huge-ipad-report/,success,direct,1273,1.57,
36731,http://mashable.com/2014/11/11/spotify-50-million-users/,success,direct,1923,1.47,
25726,http://mashable.com/2014/05/23/edgar-wright-shrinks-from-marvels-ant-man-over-creative-differences/,success,direct,1645,1.563,
6885,http://mashable.com/2013/05/15/creepy-local-chiropractor-ad/,success,direct,739,1.563,
30860,http://mashable.com/2014/08/14/pizza-weird-things-vending-machines/,success,direct,2717,1.475,
3836,http://mashable.com/2013/03/14/smart-scroll/,success,direct,1231,1.482,
19634,http://mashable.com/2014/01/30/love-facts/,success,direct,652,1.479,
33864,http://mashable.com/2014/10/01/typhoon-phanfone-japan/,success,direct,1742,1.577,
18829,http://mashable.com/2014/01/14/moto-x-europe/,success,direct,830,1.345,
30071,http://mashable.com/2014/08/01/bill-murray-to-voice-lovable-bear-baloo-in-disneys-the-jungle-book/,success,direct,1283,1.474,
15315,http://mashable.com/2013/10/29/loveroom-airbnb-no-ugly-people/,success,direct,1992,1.473,
26457,http://mashable.com/2014/06/05/lionel-messi-bow-down-remix/,success,direct,983,1.388,
1108,http://mashable.com/2013/01/25/vine-flaws/,success,direct,2657,1.557,
29700,http://mashable.com/2014/07/26/space-race-asteroids-moon/,success,direct,5832,1.482,
20490,http://mashable.com/2014/02/14/valentines-day-google-doodle-tal/,success,direct,1761,1.545,
37530,http://mashable.com/2014/11/22/worst-selfies-2014/,success,direct,685,1.354,
37818,http://mashable.com/2014/11/27/goat-videos-2014/,success,direct,546,1.586,
11405,http://mashable.com/2013/08/13/fears-comic/,success,direct,406,1.43,
11499,http://mashable.com/2013/08/14/nsa-surveillance-brief/,success,direct,677,1.507,
14894,http://mashable.com/2013/10/21/science-of-sleep/,success,direct,1672,1.482,
27904,http://mashable.com/2014/06/27/social-media-passive-aggressive/,success,direct,9475,1.508,
17039,http://mashable.com/2013/12/05/bluetooth-4-1/,success,direct,1997,1.427,
18200,http://mashable.com/2014/01/01/antarctica-century-old-photos/,success,direct,1604,1.575,
35202,http://mashable.com/2014/10/21/oscar-de-la-renta-designs/,success,direct,572,1.667,
33942,http://mashable.com/2014/10/02/samsung-bend-test/,success,direct,1609,1.796,
19117,http://mashable.com/2014/01/21/iconic-winter-olympics-photos/,success,direct,1767,1.463,
16214,http://mashable.com/2013/11/16/rob-ford-chris-farley/,success,direct,731,1.493,
441,http://mashable.com/2013/01/15/ceos-social-networks/,success,direct,2567,1.483,
30493,http://mashable.com/2014/08/08/4-reasons-microsoft-surface-fail/,success,direct,3343,1.464,
9205,http://mashable.com/2013/07/01/chris-christie-spotify/,success,direct,1198,1.389,
16719,http://mashable.com/2013/11/27/grand-theft-auto-san-andreas-ios-android/,success,direct,825,1.699,
20970,http://mashable.com/2014/02/24/watch-this-guy-smash-his-hand-in-the-name-of-iphone-protection/,success,direct,1240,1.476,
28136,http://mashable.com/2014/07/01/world-cup-underdogs/,success,direct,2748,1.535,
491,http://mashable.com/2013/01/15/red-october-cyber-espionage/,success,direct,5949,1.41,
4890,http://mashable.com/2013/04/04/google-chrome-android-update/,success,direct,616,1.595,
21967,http://mashable.com/2014/03/17/microsoft-onenote-for-mac/,success,direct,1450,1.518,
12802,http://mashable.com/2013/09/10/tomodo/,success,direct,1515,1.478,
34342,http://mashable.com/2014/10/09/apple-patent-apple-pay-nfc-technology/,success,direct,1705,1.472,
10533,http://mashable.com/2013/07/25/wtf-free-craigslist/,success,direct,1334,1.506,
7499,http://mashable.com/2013/05/28/chinese-hackers-weapons-systems/,success,direct,3143,1.388,
21941,http://mashable.com/2014/03/17/crimea-russia-vote-aftermath/,success,direct,4819,1.725,
31297,http://mashable.com/2014/08/22/josh-brolin-goonies-tonight-show/,success,direct,464,1.661,
16470,http://mashable.com/2013/11/21/middle-earth-google-chrome/,success,direct,1402,1.676,
1339,http://mashable.com/2013/01/30/blackberry-messenger-video-chat/,success,direct,924,1.48,
11014,http://mashable.com/2013/08/05/simcity-mac-pc/,success,direct,857,1.565,
27988,http://mashable.com/2014/06/30/fat-guys-in-the-woods-is-an-actual-show-coming-to-the-weather-channel/,success,direct,1876,1.574,
36009,http://mashable.com/2014/11/01/celebrities-halloween-2014/,success,direct,702,1.781,
12843,http://mashable.com/2013/09/11/leaked-images-next-generation-kindle-fire-hd/,success,direct,1120,1.386,
18128,http://mashable.com/2013/12/29/new-years-resolutions-photo-challenge/,success,direct,1011,1.559,
7836,http://mashable.com/2013/06/04/bose-soundlink-mini/,success,direct,2213,1.413,
33283,http://mashable.com/2014/09/23/history-of-emoticons/,success,direct,418,1.532,
39098,http://mashable.com/2014/12/17/driving-conversations-music-rac-matthew-koma-video/,success,direct,2502,1.499,
17660,http://mashable.com/2013/12/17/facebook-dislike-button-messenger/,success,direct,923,2.596,
28170,http://mashable.com/2014/07/02/grumpy-cat-cheerios/,success,direct,907,1.478,
10630,http://mashable.com/2013/07/29/baby-magic-bullet/,success,direct,816,1.685,
3356,http://mashable.com/2013/03/06/space-wallpapers/,success,direct,980,1.471,
39312,http://mashable.com/2014/12/20/lumia-denim-now-rolling-out/,success,direct,924,1.469,
10422,http://mashable.com/2013/07/24/daria-movie-trailer/,success,direct,903,1.373,
36646,http://mashable.com/2014/11/10/songs-winter-music-monday-spotify/,success,direct,1627,1.575,
35102,http://mashable.com/2014/10/20/monica-lewinsky-twitter/,success,direct,2418,1.475,
22941,http://mashable.com/2014/04/03/small-business-tax-write-offs/,success,direct,1002,1.362,
7578,http://mashable.com/2013/05/29/motorola-moto-x/,success,direct,1622,1.793,
18159,http://mashable.com/2013/12/30/samsung-to-launch-110-inch-ultra-hd-tv-monday/,success,direct,616,6.986,
18749,http://mashable.com/2014/01/13/jelly-brands/,success,direct,1415,1.396,
18986,http://mashable.com/2014/01/17/mashbash-ces/,success,direct,966,1.659,
31949,http://mashable.com/2014/09/02/top-viral-ads-august/,success,direct,618,1.475,
7822,http://mashable.com/2013/06/03/zenbook-inifinity-brief/,success,direct,625,1.383,
25261,http://mashable.com/2014/05/15/fcc-broadband-utility-net-neutrality/,success,direct,6226,1.787,
6394,http://mashable.com/2013/05/05/kids-write-darndest-things/,success,direct,2354,1.563,
29637,http://mashable.com/2014/07/25/google-baseline/,success,direct,1271,1.476,
6204,http://mashable.com/2013/05/01/google-glass-video-demos/,success,direct,902,1.563,
5233,http://mashable.com/2013/04/11/photos-earth-space-station/,success,direct,2999,1.496,
31593,http://mashable.com/2014/08/27/how-to-talk-australians-8-things-we-learned-from-the-parody-web-series/,success,direct,4515,1.36,
34038,http://mashable.com/2014/10/04/signing-lyrics-deaf-friend-tomorrowworld/,success,direct,1017,1.725,
35575,http://mashable.com/2014/10/27/hungary-internet-tax-protest/,success,direct,3436,1.533,
3150,http://mashable.com/2013/03/03/digital-subscriptions/,success,direct,7837,1.479,
14321,http://mashable.com/2013/10/10/blackberry-sold-for-parts/,success,direct,1923,1.369,
4650,http://mashable.com/2013/03/31/vizify-resume/,success,direct,3808,1.367,
14936,http://mashable.com/2013/10/22/fake-banksy-prank/,success,direct,1486,1.38,
25078,http://mashable.com/2014/05/12/samsung-tizen-russia-india/,success,direct,3785,1.474,
2622,http://mashable.com/2013/02/21/facebook-voice-messages/,success,direct,579,1.418,
7600,http://mashable.com/2013/05/29/tim-cook-allthingsd-interview/,success,direct,1190,1.369,
18718,http://mashable.com/2014/01/12/robotic-muscle/,success,direct,2094,1.634,
22134,http://mashable.com/2014/03/20/elon-musk-tesla-ad-fake/,success,direct,2505,1.591,
31382,http://mashable.com/2014/08/24/sony-president-plane-diverted/,success,direct,2278,1.484,
29356,http://mashable.com/2014/07/21/sons-of-anarchy-prequel/,success,direct,1713,1.549,
21294,http://mashable.com/2014/03/03/kickstarter-1-billion/,success,direct,932,1.376,
39550,http://mashable.com/2014/12/25/berkeley-divisions-deepen/,success,direct,5652,1.662,
7168,http://mashable.com/2013/05/21/cops-bust-woman-hitting-cyclist-twitter/,success,direct,2100,1.388,
13617,http://mashable.com/2013/09/25/unplugging-is-a-mental-look-up/,success,direct,2585,1.425,
10276,http://mashable.com/2013/07/22/3d-printing-patents/,success,direct,5247,1.536,
26412,http://mashable.com/2014/06/04/twitch-plays-app/,success,direct,1770,1.405,
10470,http://mashable.com/2013/07/24/vine-stop-motion-food/,success,direct,1201,1.529,
18607,http://mashable.com/2014/01/09/jell-o-3d-printer/,success,direct,1278,1.405,
861,http://mashable.com/2013/01/22/package-tour/,success,direct,695,1.575,
15420,http://mashable.com/2013/10/30/weather-channel-winter-storm-names/,success,direct,4038,1.536,
22585,http://mashable.com/2014/03/28/quotes-turkey-erdogan-social-media/,success,direct,393,1.374,
22786,http://mashable.com/2014/04/01/usmnt-1994-world-cup-jerseys/,success,direct,1609,1.377,
12895,http://mashable.com/2013/09/12/hurricane-hunting-drones/,success,direct,6407,1.47,
31766,http://mashable.com/2014/08/29/poacht-app-lazy-job-hunters/,success,direct,1533,1.465,
22681,http://mashable.com/2014/03/31/malaysia-airlines-fatigue/,success,direct,2516,1.39,
13095,http://mashable.com/2013/09/17/best-newscast-ever-rap-lyrics/,success,direct,936,1.569,
7948,http://mashable.com/2013/06/05/whistle/,success,direct,2135,1.572,
268,http://mashable.com/2013/01/11/ces-challenge-nike-fuelband-5/,success,direct,2846,1.467,
6604,http://mashable.com/2013/05/09/digital-events-game-design/,success,direct,3296,1.481,
38041,http://mashable.com/2014/12/02/google-fiber-comes-to-austin-texas/,success,direct,1129,1.474,
6863,http://mashable.com/2013/05/14/pinterest-mobile-updates/,success,direct,1396,1.402,
9097,http://mashable.com/2013/06/27/yahoo-news-redesign/,success,direct,1388,1.429,
35801,http://mashable.com/2014/10/29/ocean-dead-body-study/,success,direct,3138,1.41,
18683,http://mashable.com/2014/01/11/ice-sculptures/,success,direct,630,1.43,
28688,http://mashable.com/2014/07/10/united-airlines-lawsuit/,success,direct,1733,1.69,
2496,http://mashable.com/2013/02/19/nanotechnology-periodic-table/,success,direct,1949,1.761,
33230,http://mashable.com/2014/09/22/natural-disasters-displacement/,success,direct,2234,1.386,
24483,http://mashable.com/2014/05/01/att-wants-to-buy-directv-in-a-40-billion-deal-report/,success,direct,2179,1.359,
13974,http://mashable.com/2013/10/03/80-events-social-mobile/,success,direct,2875,1.473,
19785,http://mashable.com/2014/02/03/china-is-dominating-global-ecommerce-sales/,success,direct,580,1.46,
11550,http://mashable.com/2013/08/15/facebook-first-ad/,success,direct,6889,1.479,
22707,http://mashable.com/2014/03/31/square-now-accepts-bitcoin/,success,direct,710,1.492,
1423,http://mashable.com/2013/01/31/consumers-cellphone-shopping/,success,direct,1408,1.422,
26826,http://mashable.com/2014/06/11/twitter-weather-ads/,success,direct,2025,1.515,
52,http://mashable.com/2013/01/07/philips-fidelio-soundbar/,success,direct,1488,1.479,
25297,http://mashable.com/2014/05/15/skylock-bike-lock/,success,direct,2395,1.681,
1846,http://mashable.com/2013/02/07/google-ads-race/,success,direct,1835,1.437,
36003,http://mashable.com/2014/10/31/zuckerberg-facebook-questions/,success,direct,1799,1.501,
274,http://mashable.com/2013/01/11/fandango-silver-linings-playbook-cast-live-chat/,success,direct,1262,1.547,
24349,http://mashable.com/2014/04/29/jerry-seinfeld-60th-birthday/,success,direct,504,1.501,
27786,http://mashable.com/2014/06/26/fafsa-apologizes-kristen-wiig-tweet/,success,direct,1295,1.677,
30050,http://mashable.com/2014/07/31/twitter-mitro-acquisition/,success,direct,1186,1.569,
12422,http://mashable.com/2013/09/03/facebook-facehawk-music-video/,success,direct,1962,1.37,
19957,http://mashable.com/2014/02/05/walking-dead-prank/,success,direct,905,1.485,
23314,http://mashable.com/2014/04/10/heartbleed-networking-routers/,success,direct,3666,1.473,
29930,http://mashable.com/2014/07/30/netflix-mashable-minute/,success,direct,463,1.464,
34076,http://mashable.com/2014/10/06/adobe-mobile-updates/,success,direct,3163,1.465,
34421,http://mashable.com/2014/10/09/sony-xperia-z3v/,success,direct,2763,1.469,
4726,http://mashable.com/2013/04/02/brooklyn-stop-motion/,success,direct,762,1.467,
28789,http://mashable.com/2014/07/12/satya-nadellas-big-bid-to-reshape-microsoft/,success,direct,9080,1.468,
25306,http://mashable.com/2014/05/15/the-un-battles-killer-robots/,success,direct,509,1.563,
9403,http://mashable.com/2013/07/04/app-diagnose-dementia/,success,direct,750,0.931,
19792,http://mashable.com/2014/02/03/facebook-popular-trends-2004/,success,direct,621,1.488,
19959,http://mashable.com/2014/02/05/winter-olympics-opening-ceremony/,success,direct,2502,1.49,
22892,http://mashable.com/2014/04/03/chomping-piranha-plants-and-4-other-new-surprises-from-mario-kart-8/,success,direct,2532,1.401,
22900,http://mashable.com/2014/04/03/facebook-messenger-phone-calls/,success,direct,1258,1.418,
28510,http://mashable.com/2014/07/08/usa-soccer-after-world-cup/,success,direct,6396,1.575,
25157,http://mashable.com/2014/05/13/solange-knowles-beyonce-instagram/,success,direct,1529,1.72,
33229,http://mashable.com/2014/09/22/most-popular-time-for-porn-infographic/,success,direct,606,1.542,
2081,http://mashable.com/2013/02/12/belgium-chocolate-stamps/,success,direct,904,1.498,
34749,http://mashable.com/2014/10/15/90s-halloween-costumes/,success,direct,688,1.526,
17683,http://mashable.com/2013/12/17/obama-house-of-cards/,success,direct,1826,1.476,
29135,http://mashable.com/2014/07/17/masked-marvel-cover-artist/,success,direct,928,1.475,
33083,http://mashable.com/2014/09/19/funny-haunted-house-reactions-2014/,success,direct,848,1.498,
8504,http://mashable.com/2013/06/17/cynthia-rowley-eyewear/,success,direct,2937,1.549,
30565,http://mashable.com/2014/08/09/female-engineers-lean-in/,success,direct,6792,1.482,
37470,http://mashable.com/2014/11/21/public-poop-san-francisco/,success,direct,1742,1.55,
4657,http://mashable.com/2013/04/01/april-fools-day-roundup/,success,direct,6066,1.591,
16242,http://mashable.com/2013/11/17/tornadoes-midwest-storm-photos/,success,direct,819,1.451,
36895,http://mashable.com/2014/11/13/needle-haystack-paris/,success,direct,691,1.452,
31180,http://mashable.com/2014/08/20/sgs-global-meetups/,success,direct,2610,1.492,
5034,http://mashable.com/2013/04/08/job-listings-tumblr-disney/,success,direct,6261,1.518,
2531,http://mashable.com/2013/02/20/carry-on-bags-will-charge-your-devices/,success,direct,2011,1.546,
12179,http://mashable.com/2013/08/28/concerning-childhood-toys/,success,direct,339,1.376,
16953,http://mashable.com/2013/12/03/motorola-apologizes-for-cyber-monday-mess-adds-two-more-days-of-deals/,success,direct,838,1.468,
21588,http://mashable.com/2014/03/09/lyft-funding/,success,direct,777,1.566,
6663,http://mashable.com/2013/05/10/butt-shaking-dog/,success,direct,655,1.525,
17723,http://mashable.com/2013/12/18/bazaart-mobile/,success,direct,1772,1.425,
15978,http://mashable.com/2013/11/12/gmail-google-drive-attachments/,success,direct,1311,1.465,
15097,http://mashable.com/2013/10/24/seinfeld-laugh-track/,success,direct,515,1.462,
4850,http://mashable.com/2013/04/04/best-buy-samsung-experience-shop/,success,direct,6816,1.675,
4325,http://mashable.com/2013/03/25/google-glass-driving/,success,direct,2538,1.476,
19916,http://mashable.com/2014/02/05/facebook-ny-office-2nd-birthday/,success,direct,3129,1.557,
13462,http://mashable.com/2013/09/23/nfl-brian-holloway-house/,success,direct,3689,1.628,
2348,http://mashable.com/2013/02/15/malware-los-angeles-times/,success,direct,2666,1.405,
6267,http://mashable.com/2013/05/02/intel-ceo-brian-krzanich/,success,direct,1102,1.42,
19393,http://mashable.com/2014/01/26/spotify-beats-music/,success,direct,2352,1.412,
29868,http://mashable.com/2014/07/29/photo-montages-australian-life-1914-2014/,success,direct,1811,1.469,
3519,http://mashable.com/2013/03/09/pitch-shaq-tout-sxsw/,success,direct,2247,1.568,
30498,http://mashable.com/2014/08/08/apparently-kid-autotuned/,success,direct,320,1.595,
19140,http://mashable.com/2014/01/21/polar-vortex-history/,success,direct,863,1.576,
27795,http://mashable.com/2014/06/26/human-names-for-machines/,success,direct,3791,1.462,
9595,http://mashable.com/2013/07/09/breaking-bad-name-app/,success,direct,2504,1.476,
25469,http://mashable.com/2014/05/19/startup-technical-test/,success,direct,4340,1.555,
5533,http://mashable.com/2013/04/17/twitter-keyword-ads/,success,direct,1277,1.482,
28832,http://mashable.com/2014/07/14/airbus-airplane-seats-smaller-standing/,success,direct,3300,1.479,
33258,http://mashable.com/2014/09/23/airport-parking-death/,success,direct,1458,1.668,
36094,http://mashable.com/2014/11/03/first-day-one-world-trade/,success,direct,1313,1.483,
17742,http://mashable.com/2013/12/18/google-glass-wink-photo-hands-on/,success,direct,4725,1.576,
32222,http://mashable.com/2014/09/06/hands-on-samsung-gear-s/,success,direct,1926,1.459,
38015,http://mashable.com/2014/12/02/app-store-apple-australia/,success,direct,1706,1.678,
35181,http://mashable.com/2014/10/21/indian-tech-startups/,success,direct,4947,1.577,
1396,http://mashable.com/2013/01/30/rim-stock-tanks-blackberry-10/,success,direct,913,1.563,
21165,http://mashable.com/2014/02/28/apple-tv-one-billion/,success,direct,2579,1.884,
28912,http://mashable.com/2014/07/14/world-cup-germany-psa/,success,direct,1252,1.873,
23,http://mashable.com/2013/01/07/hillary-clinton-helmet/,success,direct,646,1.407,
30731,http://mashable.com/2014/08/12/russell-peters-twitter/,success,direct,218,1.447,
9640,http://mashable.com/2013/07/09/square-stand-apple/,success,direct,857,1.468,
940,http://mashable.com/2013/01/23/national-handwriting-day/,success,direct,1573,1.393,
35601,http://mashable.com/2014/10/27/neil-patrick-harris-variety-show/,success,direct,1605,1.504,
10490,http://mashable.com/2013/07/25/cheap-textbooks-online/,success,direct,817,1.52,
8426,http://mashable.com/2013/06/14/how-to-make-video-application/,success,direct,4272,1.579,
3510,http://mashable.com/2013/03/09/elon-musk/,success,direct,3231,1.665,
25871,http://mashable.com/2014/05/27/greenpeace-oil-rig-norwegian-arctic/,success,direct,3752,1.467,
1188,http://mashable.com/2013/01/28/facebook-privacy-questions/,success,direct,2188,1.473,
4449,http://mashable.com/2013/03/27/gadget-says-about-personality/,success,direct,6758,1.465,
12909,http://mashable.com/2013/09/12/mac-malware-tibet-c/,success,direct,1680,1.578,
23735,http://mashable.com/2014/04/18/28-confirmed-dead-south-korean-ferry/,success,direct,2970,1.58,
21141,http://mashable.com/2014/02/27/samsung-ad-paralytic-athletes/,success,direct,863,1.482,
4146,http://mashable.com/2013/03/21/apple-patent-iphone-case/,success,direct,1449,1.655,
11890,http://mashable.com/2013/08/22/cambridge-soundworks-oontz-xl-review/,success,direct,2650,1.365,
26354,http://mashable.com/2014/06/04/e3-2014-what-to-expect/,success,direct,6767,1.473,
1788,http://mashable.com/2013/02/06/kai-the-hitchhiker/,success,direct,5879,1.464,
9619,http://mashable.com/2013/07/09/kidnapping-cleveland-youtube/,success,direct,1205,1.576,
39187,http://mashable.com/2014/12/18/marcel-the-shell-landslide/,success,direct,470,1.534,
39157,http://mashable.com/2014/12/17/uber-map/,success,direct,2762,1.5,
20832,http://mashable.com/2014/02/21/underground-cities/,success,direct,5848,1.485,
33151,http://mashable.com/2014/09/20/nasa-sending-3d-printer-to-space/,success,direct,1475,1.553,
1623,http://mashable.com/2013/02/04/gamestop-zynga-indie-fund/,success,direct,1385,1.57,
5954,http://mashable.com/2013/04/25/sunil-tripathi-dead/,success,direct,2128,1.502,
18217,http://mashable.com/2014/01/01/social-media-trends/,success,direct,3895,1.47,
17319,http://mashable.com/2013/12/10/open-source-internet-is-everything/,success,direct,2799,1.561,
11636,http://mashable.com/2013/08/16/teens-social-media-chart/,success,direct,815,1.572,
7745,http://mashable.com/2013/06/01/noor-volkswagen-art/,success,direct,1850,1.375,
22158,http://mashable.com/2014/03/20/muzzy-dothraki-parody/,success,direct,826,1.488,
30528,http://mashable.com/2014/08/08/kickin-it-wit-daddy/,success,direct,261,1.469,
8324,http://mashable.com/2013/06/12/russia-reacts-to-prism/,success,direct,3764,1.892,
6603,http://mashable.com/2013/05/09/curator/,success,direct,5286,1.567,
20347,http://mashable.com/2014/02/12/sony-bottles-its-walkman-to-show-how-waterproof-it-really-is/,success,direct,1058,1.57,
29653,http://mashable.com/2014/07/25/medal-of-honor-nyse-gavel/,success,direct,698,1.379,
35830,http://mashable.com/2014/10/29/white-house-hack/,success,direct,2842,1.942,
14273,http://mashable.com/2013/10/09/hangouts-gchat-update/,success,direct,3770,1.603,
22154,http://mashable.com/2014/03/20/march-madness-2014-live-updates/,success,direct,675,1.68,
16701,http://mashable.com/2013/11/26/xbox-live-profanity-bans/,success,direct,1556,1.574,
14851,http://mashable.com/2013/10/21/celia-cruz-google-doodle/,success,direct,1180,1.475,
18126,http://mashable.com/2013/12/29/japanese-pickled-turnip-flu/,success,direct,1112,1.569,
5882,http://mashable.com/2013/04/24/travel-tumblrs/,success,direct,5153,1.481,
14528,http://mashable.com/2013/10/14/sonos-play-1/,success,direct,3349,1.455,
39441,http://mashable.com/2014/12/23/fifth-avenue-protest/,success,direct,3967,1.351,
34067,http://mashable.com/2014/10/05/reza-baluchi-bermuda-triangle-bubble/,success,direct,2714,1.414,
308,http://mashable.com/2013/01/11/vizio-tegra-4-tablet/,success,direct,1995,1.327,
6911,http://mashable.com/2013/05/15/google-plus-redesign-pinteres/,success,direct,2402,1.417,
2247,http://mashable.com/2013/02/14/dropbox-ipo/,success,direct,1901,1.398,
20835,http://mashable.com/2014/02/21/venezuela-cnn/,success,direct,1714,1.173,
22405,http://mashable.com/2014/03/25/snowden-obama-nsa-reform-statement/,success,direct,1704,1.507,
39567,http://mashable.com/2014/12/25/jerk-face-typewriter/,success,direct,868,2.092,
24646,http://mashable.com/2014/05/04/topless-woman-bees/,success,direct,442,1.533,
4455,http://mashable.com/2013/03/27/google-keep-video/,success,direct,411,1.433,
27403,http://mashable.com/2014/06/20/drone-san-diego-yacht-fire/,success,direct,846,1.5,
14344,http://mashable.com/2013/10/10/ipad-cripples-pc-growth/,success,direct,627,1.384,
4756,http://mashable.com/2013/04/02/new-york-times-prudential-ad/,success,direct,846,1.473,
10598,http://mashable.com/2013/07/27/royal-baby-top-comments/,success,direct,1777,0.979,
30617,http://mashable.com/2014/08/11/brown-shooting-ferguson-protests/,success,direct,6510,1.382,
5809,http://mashable.com/2013/04/23/voice-to-text-apps/,success,direct,2847,1.523,
21367,http://mashable.com/2014/03/04/rob-ford-jimmy-kimmel/,success,direct,1245,1.48,
14617,http://mashable.com/2013/10/15/xiaomi-mi3-smartphone-presale/,success,direct,895,1.468,
15335,http://mashable.com/2013/10/29/sol-republic-tracks-air/,success,direct,2316,1.589,
29370,http://mashable.com/2014/07/21/worst-online-dating-messages/,success,direct,483,1.449,
2138,http://mashable.com/2013/02/12/tentacle-usb/,success,direct,691,1.391,
12995,http://mashable.com/2013/09/14/nasa-voyager-1-reddit-ama/,success,direct,4027,1.467,
29522,http://mashable.com/2014/07/23/twitter-diversity-data/,success,direct,1667,1.33,
5646,http://mashable.com/2013/04/19/twitter-bbc-america-videos/,success,direct,1797,1.407,
4824,http://mashable.com/2013/04/03/sanook-thailand/,success,direct,6858,1.477,
32533,http://mashable.com/2014/09/10/ukraine-president-russian-left/,success,direct,2652,1.472,
1570,http://mashable.com/2013/02/03/beyonce-gives-mic-to-a-fan/,success,direct,744,1.472,
6244,http://mashable.com/2013/05/01/white-men-wearing-google-glass/,success,direct,1499,1.465,
30491,http://mashable.com/2014/08/07/yazidi-iraq/,success,direct,7835,1.46,
36931,http://mashable.com/2014/11/14/annoying-interview-habits/,success,direct,5302,1.47,
38196,http://mashable.com/2014/12/03/vine-embeds-crash-chrome/,success,direct,1099,1.368,
34269,http://mashable.com/2014/10/08/fitbit-ios-healthkit/,success,direct,3157,1.488,
19437,http://mashable.com/2014/01/27/mr-freeze-disney-frozen-let-it-go/,success,direct,688,1.367,
23375,http://mashable.com/2014/04/11/february-airline-performance/,success,direct,1499,1.557,
13256,http://mashable.com/2013/09/19/burning-man-time-lapse/,success,direct,841,1.359,
16235,http://mashable.com/2013/11/17/kooky-lollipop-flavors/,success,direct,557,1.546,
24793,http://mashable.com/2014/05/07/drunk-cat/,success,direct,627,1.454,
20117,http://mashable.com/2014/02/09/5-pieces-of-career-advice-for-women-tech-entrepreneurs/,success,direct,5652,1.523,
6585,http://mashable.com/2013/05/08/trailer-worlds-end/,success,direct,1004,1.455,
17505,http://mashable.com/2013/12/13/lorde-no-matter-single-itunes/,success,direct,894,1.377,
15214,http://mashable.com/2013/10/28/apple-mac-pro-posters/,success,direct,1737,1.769,
10656,http://mashable.com/2013/07/29/johnny-manziel-twitter/,success,direct,1371,1.363,
30389,http://mashable.com/2014/08/06/rosetta-esa-comet-67p/,success,direct,4233,1.514,
2273,http://mashable.com/2013/02/14/live-chat-bungobox/,success,direct,2079,1.389,
25617,http://mashable.com/2014/05/21/severe-storms-colorado-denver-airport/,success,direct,2353,1.511,
26706,http://mashable.com/2014/06/10/jennifer-lopez-jimmy-fallon-tight-pants/,success,direct,566,1.451,
19992,http://mashable.com/2014/02/06/kids-dressed-themselves/,success,direct,668,1.493,
32624,http://mashable.com/2014/09/12/australias-biggest-wanker/,success,direct,4489,1.395,
22586,http://mashable.com/2014/03/28/rainbow-connection-all-muppets/,success,direct,656,1.463,
36274,http://mashable.com/2014/11/05/ghostbusters-murray/,success,direct,1272,1.452,
14068,http://mashable.com/2013/10/04/poll-instagram-ads/,success,direct,1586,1.398,
26150,http://mashable.com/2014/05/31/prisoner-swap-soldier-freed-taliban/,success,direct,4336,1.575,
3946,http://mashable.com/2013/03/17/kids-apps-17/,success,direct,862,1.466,
37226,http://mashable.com/2014/11/18/uber-is-its-own-worst-enemy/,success,direct,5845,1.582,
19327,http://mashable.com/2014/01/24/match-burning-slow-motion/,success,direct,536,1.756,
28088,http://mashable.com/2014/07/01/james-patterson-zoo-tv-show/,success,direct,1481,1.478,
4630,http://mashable.com/2013/03/31/david-tennant-billie-piper-doctor-who-50th-anniversary/,success,direct,1558,1.572,
29383,http://mashable.com/2014/07/22/chambers-dictionary-totes-amazeballs/,success,direct,944,1.519,
20632,http://mashable.com/2014/02/18/top-moments-olympics-day-eleven/,success,direct,1098,1.503,
5426,http://mashable.com/2013/04/16/fujitsu-paper-touchscreen/,success,direct,1150,1.378,
14223,http://mashable.com/2013/10/08/moment-higgs-particle-found/,success,direct,1161,1.566,
38009,http://mashable.com/2014/12/02/2014-startup-valuations/,success,direct,858,1.62,
14272,http://mashable.com/2013/10/09/guardian-kids-wearable/,success,direct,3431,1.53,
16655,http://mashable.com/2013/11/26/barnes-noble-nook-q2-sales/,success,direct,1731,1.463,
19062,http://mashable.com/2014/01/20/chrome-extensions-spam/,success,direct,984,1.468,
21041,http://mashable.com/2014/02/26/ad-thailand-single-mother/,success,direct,588,1.563,
25407,http://mashable.com/2014/05/18/michael-jackson-hologram-billboard-music-awards/,success,direct,1247,0.757,
2323,http://mashable.com/2013/02/15/apple-solution-shaky-camera-syndrome/,success,direct,1292,1.498,
27625,http://mashable.com/2014/06/24/google-io-2014-liveblog/,success,direct,850,1.525,
10063,http://mashable.com/2013/07/17/marriage-definition/,success,direct,783,1.389,
17411,http://mashable.com/2013/12/12/2013-kisses/,success,direct,681,1.46,
1113,http://mashable.com/2013/01/25/yahoo-marissa-mayer-video-interview/,success,direct,3025,1.483,
6860,http://mashable.com/2013/05/14/nvidia-shield-preorders/,success,direct,1148,1.463,
6650,http://mashable.com/2013/05/09/wayne-rooney-twitter/,success,direct,1565,1.563,
38845,http://mashable.com/2014/12/13/5-cant-miss-apps-minecraft-humin/,success,direct,582,1.878,
29384,http://mashable.com/2014/07/22/chinese-town-on-lock-down-after-bubonic-plague-death/,success,direct,1939,1.41,
14145,http://mashable.com/2013/10/07/gravity-box-office/,success,direct,669,1.535,
12440,http://mashable.com/2013/09/03/microsoft-nokia-acquisition/,success,direct,2296,1.467,
31641,http://mashable.com/2014/08/28/angelina-jolie-brad-pitt-married/,success,direct,2190,1.777,
6482,http://mashable.com/2013/05/07/financial-regulator-considering-rules-bitcoin/,success,direct,2344,1.472,
1576,http://mashable.com/2013/02/03/blackberry-z10-super-bowl-ad/,success,direct,889,1.48,
23339,http://mashable.com/2014/04/10/stephen-colbert-cbs-late-show-keep-name/,success,direct,5261,1.457,
24238,http://mashable.com/2014/04/28/3d-printing-houses-china/,success,direct,2716,1.073,
1603,http://mashable.com/2013/02/04/3-super-bowl-ads-other-ads/,success,direct,462,1.56,
8374,http://mashable.com/2013/06/13/nasa-reusable-spacecraft/,success,direct,4427,1.47,
38935,http://mashable.com/2014/12/15/ibm-watson-ptsd/,success,direct,3050,1.568,
15071,http://mashable.com/2013/10/24/fish-shaming/,success,direct,469,1.465,
585,http://mashable.com/2013/01/17/american-airlines-new-logo/,success,direct,481,1.364,
15566,http://mashable.com/2013/11/03/photos-hybrid-eclipse/,success,direct,460,0.764,
10930,http://mashable.com/2013/08/03/craigslist-party/,success,direct,1991,1.484,
24325,http://mashable.com/2014/04/29/american-idol-keith-urban-grumpy-cat/,success,direct,1359,1.468,
5195,http://mashable.com/2013/04/11/bathroom-monitor/,success,direct,1972,1.378,
18773,http://mashable.com/2014/01/13/snow-activities/,success,direct,509,1.493,
25972,http://mashable.com/2014/05/28/reading-rainbow-kickstarter-funded-1-million-1-day/,success,direct,2874,1.539,
20374,http://mashable.com/2014/02/13/comcast-time-warner-brief/,success,direct,434,1.47,
7028,http://mashable.com/2013/05/17/millennial-questions/,success,direct,2740,1.473,
14652,http://mashable.com/2013/10/16/kids-sing-dayman/,success,direct,512,1.484,
38624,http://mashable.com/2014/12/10/google-hangouts-update-location-sharing/,success,direct,1741,1.475,
3737,http://mashable.com/2013/03/13/monsters-university-trailer/,success,direct,714,1.663,
4400,http://mashable.com/2013/03/26/pee-controlled-urinal-video-game/,success,direct,2088,1.395,
19891,http://mashable.com/2014/02/04/star-wars-rebels-art/,success,direct,1815,1.434,
24067,http://mashable.com/2014/04/23/zuckerberg-facebook-madame-tussauds/,success,direct,2017,1.564,
14668,http://mashable.com/2013/10/16/rock-and-roll-hall-of-fame-nominees-2014/,success,direct,1409,1.476,
35228,http://mashable.com/2014/10/21/using-social-media-events/,success,direct,5001,1.535,
12066,http://mashable.com/2013/08/26/dell-latitude-7000/,success,direct,3442,1.505,
37166,http://mashable.com/2014/11/18/baby-its-cold-outside-idina-menzel-michael-buble/,success,direct,857,1.462,
14146,http://mashable.com/2013/10/07/guardian-app/,success,direct,1886,1.365,
23002,http://mashable.com/2014/04/04/social-network-messaging-vine/,success,direct,5926,1.474,
4237,http://mashable.com/2013/03/22/kit-kat-challenges-oreo/,success,direct,1689,1.558,
16381,http://mashable.com/2013/11/20/dog-facts/,success,direct,681,1.473,
6361,http://mashable.com/2013/05/04/mind-blown-realizations/,success,direct,3055,1.472,
32361,http://mashable.com/2014/09/09/amazon-instant-video-android/,success,direct,1377,1.471,
21406,http://mashable.com/2014/03/05/google-adds-background-refresh-to-gmail-for-ios/,success,direct,1365,1.574,
25747,http://mashable.com/2014/05/23/meteor-shower-radio/,success,direct,5791,1.475,
34137,http://mashable.com/2014/10/06/simpsons-couch-gag-mashup/,success,direct,328,1.557,
34853,http://mashable.com/2014/10/16/batman-catwoman-melbourne/,success,direct,1775,1.586,
15962,http://mashable.com/2013/11/12/airbnb-ios-android-apps/,success,direct,2756,1.567,
22661,http://mashable.com/2014/03/31/expanded-replay-mlb-game/,success,direct,2205,1.563,
34130,http://mashable.com/2014/10/06/professionals-know-html-css/,success,direct,4974,1.472,
32168,http://mashable.com/2014/09/05/jimmy-fallon-all-about-that-bass-classroom-instruments/,success,direct,470,1.563,
25202,http://mashable.com/2014/05/14/funniest-national-weather-service-technical-forecast/,success,direct,2875,1.459,
31227,http://mashable.com/2014/08/21/jake-gyllenhaal-nightcrawler-trailer/,success,direct,699,1.459,
20482,http://mashable.com/2014/02/14/thailand-operation-valentine/,success,direct,1429,1.372,
29818,http://mashable.com/2014/07/29/beer-ice-cream/,success,direct,462,1.563,
24630,http://mashable.com/2014/05/04/centr-camera/,success,direct,3529,1.388,
13053,http://mashable.com/2013/09/16/google-glass-tethering/,success,direct,1427,1.561,
16501,http://mashable.com/2013/11/22/apps-canada-testing-ground/,success,direct,2324,1.49,
12341,http://mashable.com/2013/08/30/space-suit-history/,success,direct,585,1.562,
33500,http://mashable.com/2014/09/26/bill-hader-snl-impressions/,success,direct,475,1.461,
26922,http://mashable.com/2014/06/12/world-cup-opening-ceremony-gifs/,success,direct,935,1.567,
480,http://mashable.com/2013/01/15/mobile-advertising-fourth-quarter-2012/,success,direct,1325,1.681,
4619,http://mashable.com/2013/03/30/nasa-trailer-star-trek/,success,direct,1868,1.452,
2135,http://mashable.com/2013/02/12/sotu-new-girl-twitter/,success,direct,2230,1.483,
22329,http://mashable.com/2014/03/24/netflix-stock-down-apple-comcast/,success,direct,1149,1.464,
36018,http://mashable.com/2014/11/01/national-park-graffiti/,success,direct,4617,1.477,
1165,http://mashable.com/2013/01/28/after-amazon-resume-woman-launches-much-lamer-ebay-resume/,success,direct,843,1.451,
3843,http://mashable.com/2013/03/14/sxsw-2013-hacks/,success,direct,751,1.474,
32382,http://mashable.com/2014/09/09/apple-watch-tools/,success,direct,5486,1.477,
18404,http://mashable.com/2014/01/06/samsung-bendable-tv/,success,direct,1154,1.448,
39194,http://mashable.com/2014/12/18/nick-jonas-tom-hanks-big-piano-jealous/,success,direct,1262,1.495,
26075,http://mashable.com/2014/05/30/9-year-old-skateboarding-girl/,success,direct,797,1.315,
31435,http://mashable.com/2014/08/25/laverne-cox-vmas/,success,direct,378,1.396,
30937,http://mashable.com/2014/08/15/super-phone-mashable-minute/,success,direct,350,1.377,
4047,http://mashable.com/2013/03/19/google-ecpa-reform/,success,direct,3097,1.471,
9701,http://mashable.com/2013/07/10/snowden-china-russia/,success,direct,1539,1.561,
3635,http://mashable.com/2013/03/12/bassem-youssef-sxsw/,success,direct,1019,1.672,
12024,http://mashable.com/2013/08/24/tim-cook-deserves-more-credit/,success,direct,5833,1.373,
1819,http://mashable.com/2013/02/06/xbox-not-play-used-games/,success,direct,2504,1.586,
20816,http://mashable.com/2014/02/21/oscar-winners-academy-awards-google/,success,direct,2452,1.457,
25386,http://mashable.com/2014/05/17/new-york-times-jill-abramson-statement/,success,direct,5309,1.463,
35138,http://mashable.com/2014/10/20/twerking-turtle/,success,direct,312,1.483,
21306,http://mashable.com/2014/03/03/paralympics-russia-ukraine/,success,direct,6343,1.455,
1807,http://mashable.com/2013/02/06/skyrim-tay-zonday/,success,direct,581,1.463,
17008,http://mashable.com/2013/12/04/man-arrested-charging/,success,direct,2281,1.47,
27991,http://mashable.com/2014/06/30/general-career-advice/,success,direct,5013,1.559,
5040,http://mashable.com/2013/04/08/nomad-espresso/,success,direct,1948,1.46,
39478,http://mashable.com/2014/12/23/syria-rubble/,success,direct,5753,1.571,
7569,http://mashable.com/2013/05/29/infragram-near-infrared-camera/,success,direct,1799,1.409,
21807,http://mashable.com/2014/03/13/lebron-james-samsung-phone/,success,direct,1567,1.527,
22471,http://mashable.com/2014/03/26/teardown-reveals-the-new-htc-one-is-very-hard-to-repair/,success,direct,707,1.574,
19223,http://mashable.com/2014/01/22/verizon-first-transparency-report/,success,direct,2862,1.457,
5148,http://mashable.com/2013/04/10/facebooks-partner-categories-expand-ad-targeting-based-on-purchases/,success,direct,1773,1.569,
7579,http://mashable.com/2013/05/29/nasdaq-facebook-ipo/,success,direct,630,1.371,
38923,http://mashable.com/2014/12/15/evolution-tech-brandspeak/,success,direct,904,1.472,
20248,http://mashable.com/2014/02/11/mozilla-firefox-ads/,success,direct,1056,1.36,
34924,http://mashable.com/2014/10/16/skipping-rocks/,success,direct,261,1.509,
29561,http://mashable.com/2014/07/24/facebook-stock-q2-earnings/,success,direct,2043,1.633,
12694,http://mashable.com/2013/09/09/contrast/,success,direct,1966,1.578,
24471,http://mashable.com/2014/04/30/twitter-is-not-doomed/,success,direct,4722,1.478,
28827,http://mashable.com/2014/07/13/world-cup-finals-preview/,success,direct,7507,1.544,
6926,http://mashable.com/2013/05/15/nfl-evan-mathis-instagram-peeing-irs/,success,direct,1040,1.52,
39562,http://mashable.com/2014/12/25/goats-christmas-trees/,success,direct,2593,1.504,
17428,http://mashable.com/2013/12/12/geico-hump-day/,success,direct,5983,1.466,
9235,http://mashable.com/2013/07/01/power-grid-blackouts/,success,direct,2129,1.471,
24697,http://mashable.com/2014/05/05/samsonite-marketing-strategy/,success,direct,6569,1.571,
34669,http://mashable.com/2014/10/14/apple-ipad-event-rumors/,success,direct,6669,1.582,
38626,http://mashable.com/2014/12/10/ice-dancer-ipod-trial/,success,direct,3872,1.659,
11585,http://mashable.com/2013/08/15/quarts-tops-economist-traffic/,success,direct,2085,1.563,
9792,http://mashable.com/2013/07/11/vertical-videos/,success,direct,1279,0.949,
18887,http://mashable.com/2014/01/15/north-korea-ski-resort/,success,direct,1806,1.47,
23158,http://mashable.com/2014/04/08/girl-scout-business-tips/,success,direct,1170,1.411,
28465,http://mashable.com/2014/07/08/dont-waste-flat-beer/,success,direct,220,1.428,
25319,http://mashable.com/2014/05/16/batman-life-advice/,success,direct,856,1.567,
20250,http://mashable.com/2014/02/11/nokia-android-brief/,success,direct,575,1.659,
5455,http://mashable.com/2013/04/16/showrooming-infographic-4-16/,success,direct,1092,1.406,
28580,http://mashable.com/2014/07/09/ryan-gosling-baby/,success,direct,788,1.454,
2741,http://mashable.com/2013/02/23/oscar-nominees/,success,direct,816,1.349,
25352,http://mashable.com/2014/05/16/orange-is-the-new-black-season-2-premiere/,success,direct,2649,1.575,
9273,http://mashable.com/2013/07/02/fictional-characters-tech-curve/,success,direct,4111,1.563,
1590,http://mashable.com/2013/02/03/streamy-awards/,success,direct,2037,1.549,
4672,http://mashable.com/2013/04/01/facebook-timeline-lawsuit/,success,direct,1258,1.481,
15578,http://mashable.com/2013/11/03/youtube-science-experiments/,success,direct,491,1.483,
7665,http://mashable.com/2013/05/30/spun-upgrade/,success,direct,2616,1.465,
24422,http://mashable.com/2014/04/30/gender-wage-gap-reality/,success,direct,6376,1.464,
23942,http://mashable.com/2014/04/22/gm-lawsuits-limit-ignition-recall/,success,direct,1002,1.67,
1240,http://mashable.com/2013/01/28/vine-art/,success,direct,1334,1.416,
25423,http://mashable.com/2014/05/19/avoiding-employee-turnover/,success,direct,3239,1.644,
31300,http://mashable.com/2014/08/22/microsoft-cash-reserves-overseas/,success,direct,2690,1.898,
9238,http://mashable.com/2013/07/01/reddit-google-reader/,success,direct,5060,1.073,
24779,http://mashable.com/2014/05/06/worlds-politest-protest-slams-pinterest-for-using-dirty-amazon/,success,direct,2604,1.779,
33265,http://mashable.com/2014/09/23/best-airport-food/,success,direct,803,1.862,
23034,http://mashable.com/2014/04/05/wtfjeans-protect-iphone/,success,direct,3404,2.247,
9936,http://mashable.com/2013/07/15/microwave-barcode-hack/,success,direct,1680,1.519,
21126,http://mashable.com/2014/02/27/marvel-tv-series-nyc/,success,direct,1960,1.566,
27432,http://mashable.com/2014/06/20/moto-360-concepts/,success,direct,4180,2.074,
12837,http://mashable.com/2013/09/11/iphone-5s-iphone-5c-comparison/,success,direct,3260,1.493,
22881,http://mashable.com/2014/04/03/angkor-wat-street-view/,success,direct,825,1.666,
34298,http://mashable.com/2014/10/08/microbes-central-park/,success,direct,1261,1.518,
12783,http://mashable.com/2013/09/10/iphone-5s-comic/,success,direct,321,1.586,
30790,http://mashable.com/2014/08/13/passive-hashtags/,success,direct,4158,1.557,
7950,http://mashable.com/2013/06/05/windy-soccer-goal/,success,direct,553,1.451,
22016,http://mashable.com/2014/03/18/malaysia-airlines-flight-370-planet-labs-satellites/,success,direct,4758,1.429,
31903,http://mashable.com/2014/09/02/david-hasselhoff-and-kitt-plug-samsungs-smart-home-in-new-ad/,success,direct,847,1.684,
27338,http://mashable.com/2014/06/19/great-barrier-reef-cyclone/,success,direct,3021,2.01,
28086,http://mashable.com/2014/07/01/hype-video-usa-belgium-world-cup/,success,direct,951,2.075,
15871,http://mashable.com/2013/11/09/digital-media-resources-94/,success,direct,4912,5.454,
35606,http://mashable.com/2014/10/27/no-sew-halloween-costumes/,success,direct,595,1.367,
33657,http://mashable.com/2014/09/29/london-tech-eats/,success,direct,6959,1.987,
14290,http://mashable.com/2013/10/09/pinterest-promoted-pins-live/,success,direct,1129,2.374,
11153,http://mashable.com/2013/08/08/coffee-viagra-history/,success,direct,2127,2.414,
2237,http://mashable.com/2013/02/14/apple-promises-a-fix-for-ios-exchange-bug/,success,direct,1184,2.356,
24149,http://mashable.com/2014/04/25/counterfeit-olive-oil-dna-solution/,success,direct,1119,2.281,
36958,http://mashable.com/2014/11/14/k2-clean-cook-stove/,success,direct,5400,2.394,
26067,http://mashable.com/2014/05/29/ukraine-military-helicopter-shot-down/,success,direct,2560,2.191,
15039,http://mashable.com/2013/10/23/nick-offerman-moustache-history/,success,direct,682,1.787,
11470,http://mashable.com/2013/08/14/coach-twitter-fan-boss/,success,direct,1949,2.292,
35624,http://mashable.com/2014/10/27/the-most-interesting-man-in-the-world-is-now-on-oculus-rift/,success,direct,2130,2.381,
18519,http://mashable.com/2014/01/08/cats-girls-parody/,success,direct,701,1.881,
37679,http://mashable.com/2014/11/25/hannibal-buress-bill-cosby/,success,direct,4622,2.299,
29627,http://mashable.com/2014/07/25/fights-harassment/,success,direct,4082,1.453,
26576,http://mashable.com/2014/06/08/angel-blocks-smart-home/,success,direct,3332,1.356,
35615,http://mashable.com/2014/10/27/south-korea-ferry-captain-death-penalty/,success,direct,3577,1.48,
5843,http://mashable.com/2013/04/24/how-to-work-remotely/,success,direct,5919,1.541,
21154,http://mashable.com/2014/02/27/tetris-fights-cravings/,success,direct,1564,2.351,
4740,http://mashable.com/2013/04/02/game-of-thrones-season-4/,success,direct,2010,1.528,
23879,http://mashable.com/2014/04/21/nasa-hinders-asteroid-study/,success,direct,5706,1.486,
10917,http://mashable.com/2013/08/02/social-media-increase-roi/,success,direct,4065,1.414,
37659,http://mashable.com/2014/11/25/creative-parents-2014/,success,direct,468,1.476,
8919,http://mashable.com/2013/06/25/exploding-actresses/,success,direct,565,1.824,
38287,http://mashable.com/2014/12/04/verizon-is-shutting-down-3g/,success,direct,1467,1.443,
430,http://mashable.com/2013/01/14/twitter-pentagon-future/,success,direct,3436,1.495,
38856,http://mashable.com/2014/12/13/facebook-drops-bing/,success,direct,1480,1.468,
12848,http://mashable.com/2013/09/11/moto-x-shipments/,success,direct,1034,1.469,
26653,http://mashable.com/2014/06/09/phone-battery-blues/,success,direct,4246,1.461,
9420,http://mashable.com/2013/07/04/nokia-68-mobile-phones-internet-access/,success,direct,1447,2.263,
32996,http://mashable.com/2014/09/18/apps-for-ios-8/,success,direct,970,1.385,
12701,http://mashable.com/2013/09/09/google-petitions-transparency/,success,direct,3269,1.48,
24542,http://mashable.com/2014/05/01/wine-facts/,success,direct,2035,1.453,
12503,http://mashable.com/2013/09/04/samsung-galaxy-gear-watch-icona-pop-2/,success,direct,1160,1.571,
9469,http://mashable.com/2013/07/05/summer-dreadful-comics/,success,direct,414,1.473,
17277,http://mashable.com/2013/12/10/best-mashable-longreads/,success,direct,13520,1.48,
34333,http://mashable.com/2014/10/08/vivian-schiller-resignation/,success,direct,1635,1.468,
75,http://mashable.com/2013/01/07/traffic-signals-bugs/,success,direct,1906,1.568,
13166,http://mashable.com/2013/09/18/adobe-launches-photoshop-photography-program-with-special-offer/,success,direct,1268,1.337,
36651,http://mashable.com/2014/11/10/threatened-sharks/,success,direct,1795,1.684,
11797,http://mashable.com/2013/08/20/religion-technology/,success,direct,8416,1.476,
3488,http://mashable.com/2013/03/08/sleep-pranks/,success,direct,681,1.572,
18679,http://mashable.com/2014/01/11/elephant-shark-genome/,success,direct,1776,1.568,
9284,http://mashable.com/2013/07/02/homemade-star-wars/,success,direct,879,1.396,
10595,http://mashable.com/2013/07/27/news-report-videobombs/,success,direct,519,1.118,
11749,http://mashable.com/2013/08/20/apple-nike-fuelband-jay-blahnik/,success,direct,747,1.569,
37061,http://mashable.com/2014/11/17/airbnb-pineapple-magazine/,success,direct,1140,1.785,
15695,http://mashable.com/2013/11/06/blockbuster-is-closing-its-last-remaining-stores-in-the-u-s/,success,direct,1151,1.458,
708,http://mashable.com/2013/01/19/assassination-attempt-bulgarian/,success,direct,476,1.564,
26650,http://mashable.com/2014/06/09/pakistan-taliban-airport-attack/,success,direct,5384,1.481,
13549,http://mashable.com/2013/09/24/texting-demographics/,success,direct,665,1.544,
35075,http://mashable.com/2014/10/20/downton-abbey-season-5-episode-5-recap/,success,direct,6115,1.467,
18282,http://mashable.com/2014/01/03/executive-order-buy-gun/,success,direct,2492,1.403,
10210,http://mashable.com/2013/07/19/tennis-star-agnieszka-radwanska-body-issue/,success,direct,3219,0.976,
22638,http://mashable.com/2014/03/30/subway-reviews/,success,direct,922,1.546,
36462,http://mashable.com/2014/11/07/parody-amazon-echo/,success,direct,534,1.455,
29724,http://mashable.com/2014/07/27/no-poo/,success,direct,536,1.514,
7729,http://mashable.com/2013/06/01/6-apps-4/,success,direct,729,1.52,
34250,http://mashable.com/2014/10/08/apple-tv-homekit-hub/,success,direct,1187,1.574,
21073,http://mashable.com/2014/02/26/offshore-wind-weaken-hurricanes/,success,direct,6538,1.399,
29330,http://mashable.com/2014/07/21/kardashian-hollywood-game/,success,direct,695,1.41,
17703,http://mashable.com/2013/12/17/things-to-understand-2013/,success,direct,841,1.581,
35955,http://mashable.com/2014/10/31/google-halloween-doodles/,success,direct,1129,1.489,
10012,http://mashable.com/2013/07/16/robot-gymnast-backflip/,success,direct,670,1.378,
2982,http://mashable.com/2013/02/27/netflix-debuts-flixies-awards/,success,direct,1719,1.373,
26881,http://mashable.com/2014/06/12/nba-social-media-awards-2014/,success,direct,1956,1.662,
12736,http://mashable.com/2013/09/09/twerking-girl-jimmy-kimmel/,success,direct,1109,1.656,
16721,http://mashable.com/2013/11/27/hand-turkeys/,success,direct,640,1.47,
16377,http://mashable.com/2013/11/20/christmas-cards-social-media/,success,direct,3685,1.362,
32586,http://mashable.com/2014/09/11/obama-isis-speech-ratings/,success,direct,1171,1.388,
24772,http://mashable.com/2014/05/06/twitter-stock-lockup-expires/,success,direct,1840,1.453,
11327,http://mashable.com/2013/08/12/breaking-bad-theme/,success,direct,710,1.466,
1412,http://mashable.com/2013/01/31/8th-grader-breakup/,success,direct,958,1.464,
725,http://mashable.com/2013/01/20/gangnam-style-baby/,success,direct,613,1.574,
30017,http://mashable.com/2014/07/31/marketing-mistakes/,success,direct,7041,1.357,
23830,http://mashable.com/2014/04/20/openings-it-web-design-job/,success,direct,5304,1.471,
25399,http://mashable.com/2014/05/18/comedian-graduation-advice/,success,direct,661,1.569,
3548,http://mashable.com/2013/03/10/not-it-labs/,success,direct,2137,1.457,
16483,http://mashable.com/2013/11/21/simple-finance/,success,direct,5639,1.478,
9381,http://mashable.com/2013/07/03/smurfs-facebook-game/,success,direct,1027,1.467,
18408,http://mashable.com/2014/01/06/selfie-wired/,success,direct,764,1.561,
24499,http://mashable.com/2014/05/01/google-launches-standalone-docs-and-sheets-apps-for-ios-and-android/,success,direct,1083,1.388,
39126,http://mashable.com/2014/12/17/medium-2014-breakout-ev-williams/,success,direct,9005,1.438,
17639,http://mashable.com/2013/12/16/tuls/,success,direct,2609,1.383,
33194,http://mashable.com/2014/09/22/air-france-transavia/,success,direct,2161,2.048,
776,http://mashable.com/2013/01/21/joe-biden-bible/,success,direct,1088,1.389,
4548,http://mashable.com/2013/03/28/time-magazine-marriage-equality-cover/,success,direct,893,1.443,
14525,http://mashable.com/2013/10/14/sloth-whitney-houston/,success,direct,575,1.566,
37008,http://mashable.com/2014/11/15/hong-kong-activists-denied-beijing/,success,direct,3586,1.584,
1,http://mashable.com/2013/01/07/ap-samsung-sponsored-tweets/,success,direct,1504,1.467,
1876,http://mashable.com/2013/02/07/seth-macfarlane-host-oscars-academy-awards-erection/,success,direct,582,1.421,
22389,http://mashable.com/2014/03/25/malaysia-star-flight-370-victims/,success,direct,1636,1.412,
28773,http://mashable.com/2014/07/12/5-cant-miss-athla-velocity/,success,direct,599,1.48,
6542,http://mashable.com/2013/05/08/eye-tracking-technology-privacy/,success,direct,1766,1.457,
36790,http://mashable.com/2014/11/12/kim-kardashian-christmas-ornament/,success,direct,535,1.339,
37565,http://mashable.com/2014/11/23/surviving-thanksgiving-travel/,success,direct,8266,2.095,
28292,http://mashable.com/2014/07/03/youtube-beats-tv/,success,direct,519,1.524,
34147,http://mashable.com/2014/10/06/tony-hawk-instagram/,success,direct,5789,1.469,
20606,http://mashable.com/2014/02/18/great-lakes-ice/,success,direct,3851,1.363,
61,http://mashable.com/2013/01/07/samsung-mulit-view-tv/,success,direct,1246,1.471,
10982,http://mashable.com/2013/08/05/google-glass-hearing-impaired/,success,direct,5118,1.474,
31284,http://mashable.com/2014/08/22/emoji-tattoos/,success,direct,633,1.652,
35416,http://mashable.com/2014/10/23/yusuf-cat-stevens-tell-em-im-gone-album-interview/,success,direct,4918,1.482,
30170,http://mashable.com/2014/08/03/michigan-attendance-record-soccer/,success,direct,2496,1.538,
29498,http://mashable.com/2014/07/23/obama-apollo-11-astronauts/,success,direct,1366,1.509,
31464,http://mashable.com/2014/08/25/the-australian-workplace-of-the-future-is-here-and-its-a-bit-blurry/,success,direct,6563,1.387,
18872,http://mashable.com/2014/01/15/her-singularity/,success,direct,10175,1.493,
17609,http://mashable.com/2013/12/16/family-guy-brian-griffin-not-dead/,success,direct,1806,1.402,
11973,http://mashable.com/2013/08/23/hearst-digital-web-strategy-troy-young/,success,direct,3848,1.395,
35017,http://mashable.com/2014/10/18/flickr-ipad-app/,success,direct,1810,1.427,
37596,http://mashable.com/2014/11/24/food-vines/,success,wayback,530,27.949,
4351,http://mashable.com/2013/03/25/viral-video-recap-26/,success,direct,358,1.535,
32145,http://mashable.com/2014/09/05/beyonce-blue-ivy-backstage-vine/,success,direct,683,1.548,
35277,http://mashable.com/2014/10/22/job-seekers-dislike-online-apps/,success,direct,4102,1.557,
27635,http://mashable.com/2014/06/24/japans-new-robots-are-scary/,success,direct,3457,1.406,
26317,http://mashable.com/2014/06/03/ryan-lewis-jimmy-fallon/,success,direct,592,1.531,
4750,http://mashable.com/2013/04/02/kids-retell-star-wars/,success,direct,888,1.445,
26152,http://mashable.com/2014/05/31/uber-air-conditioner-delivery/,success,direct,1013,1.331,
20363,http://mashable.com/2014/02/12/yahoo-contextual-search/,success,direct,4132,1.51,
9672,http://mashable.com/2013/07/10/cats-and-bacon-how-they-rule-the-internet/,success,direct,1271,1.468,
13557,http://mashable.com/2013/09/24/usain-bolt-wedding/,success,direct,1013,1.459,
18396,http://mashable.com/2014/01/06/pinterest-acquires-visualgraph/,success,direct,1325,1.504,
4974,http://mashable.com/2013/04/06/facebook-home-disabled/,success,direct,1075,1.441,
7330,http://mashable.com/2013/05/23/life-before-smartphones/,success,direct,380,1.357,
10065,http://mashable.com/2013/07/17/microsoft-imagine-cup-blood-type-test-device/,success,direct,2209,1.358,
15406,http://mashable.com/2013/10/30/r-l-stine-goosebumps-twitter-facebook-chat/,success,direct,2941,1.469,
21934,http://mashable.com/2014/03/17/airbnb-freak-fest/,success,direct,3492,1.37,
13307,http://mashable.com/2013/09/19/web-say-ylvis-parody/,success,direct,745,1.443,
19860,http://mashable.com/2014/02/04/facebook-too-big-to-fail/,success,direct,5532,1.444,
31020,http://mashable.com/2014/08/18/moto-360-best-buy-leak/,success,direct,1079,1.39,
23491,http://mashable.com/2014/04/14/kids-reacting-walkman/,success,direct,668,1.469,
18553,http://mashable.com/2014/01/08/nyt-website-redesign/,success,direct,7823,1.468,
438,http://mashable.com/2013/01/15/boil-the-frog/,success,direct,5158,1.408,
17222,http://mashable.com/2013/12/09/food-crazes-2013/,success,direct,578,1.415,
564,http://mashable.com/2013/01/16/reddit-most-beautiful-songs/,success,direct,988,1.451,
31920,http://mashable.com/2014/09/02/islamic-state-war-crimes/,success,direct,2414,1.463,
29859,http://mashable.com/2014/07/29/microsoft-onenote-updates-mac-ios/,success,direct,1873,1.448,
23811,http://mashable.com/2014/04/19/national-record-store-day/,success,direct,2452,1.477,
25508,http://mashable.com/2014/05/20/google-plus-stories/,success,direct,2044,1.353,
39621,http://mashable.com/2014/12/26/ukraine-prisoner-swap/,success,direct,3049,1.366,
9548,http://mashable.com/2013/07/08/garmin-portable-hud/,success,direct,1258,1.458,
22395,http://mashable.com/2014/03/25/most-expensive-average-airfares/,success,direct,2385,1.561,
8492,http://mashable.com/2013/06/17/ad-blocker-helps-ad-industry/,success,direct,4495,1.365,
7402,http://mashable.com/2013/05/24/sony-srs-btv5-review/,success,direct,2740,1.424,
3619,http://mashable.com/2013/03/11/sxsw-social-buzz-3/,success,direct,766,1.384,
5732,http://mashable.com/2013/04/22/nest-thermostat-energy/,success,direct,4231,1.562,
20233,http://mashable.com/2014/02/11/google-nasa-moffett/,success,direct,2769,1.468,
3705,http://mashable.com/2013/03/13/automatic-link/,success,direct,1380,1.635,
2525,http://mashable.com/2013/02/20/anti-bullying-animated-poem/,success,direct,949,2.003,
20057,http://mashable.com/2014/02/07/microsoft-paint-super-bowl/,success,direct,3773,1.57,
10359,http://mashable.com/2013/07/23/citi-bike-exposes-customers-credit-card-information-by-mistake/,success,direct,1446,1.366,
23784,http://mashable.com/2014/04/18/one-direction-you-and-i-music-video/,success,direct,1392,1.472,
34590,http://mashable.com/2014/10/13/billy-eichner-burger-king/,success,direct,1036,1.44,
5199,http://mashable.com/2013/04/11/bradley-manning-bin-laden-raid-testify/,success,direct,2485,1.481,
16141,http://mashable.com/2013/11/14/wikipedia-articles-iran-block/,success,direct,4896,1.454,
6334,http://mashable.com/2013/05/03/nasa-obscure-sites/,success,direct,3514,1.365,
10838,http://mashable.com/2013/08/01/google-climate-change/,success,direct,4152,1.464,
29870,http://mashable.com/2014/07/29/reality-illusion-photo-challenge/,success,direct,1489,1.449,
36738,http://mashable.com/2014/11/11/this-is-kind-of-cute-i-guess/,success,direct,911,1.697,
31267,http://mashable.com/2014/08/21/wisdom-teeth-ice-bucket-challenge/,success,direct,696,1.476,
3318,http://mashable.com/2013/03/06/digital-royalty-live-chat-announcer/,success,direct,2801,1.431,
14869,http://mashable.com/2013/10/21/google-project-shield/,success,direct,2851,1.467,
8735,http://mashable.com/2013/06/20/skip-summer/,success,direct,1998,1.439,
15731,http://mashable.com/2013/11/06/mobli-carlos-slim/,success,direct,1804,1.662,
25756,http://mashable.com/2014/05/23/roald-dahl-book-quotes/,success,direct,576,1.55,
34985,http://mashable.com/2014/10/17/models-quarantine-ebola/,success,direct,3519,1.965,
35511,http://mashable.com/2014/10/25/startup-hire-traits/,success,direct,3969,1.569,
28944,http://mashable.com/2014/07/15/google-novartis-contact-lenses/,success,direct,2323,1.395,
17825,http://mashable.com/2013/12/19/skyscraper-evolution/,success,direct,2763,1.453,
15617,http://mashable.com/2013/11/04/tablet-productivity/,success,direct,3833,1.454,
24728,http://mashable.com/2014/05/06/floyd-mayweather-salary/,success,direct,1758,1.449,
911,http://mashable.com/2013/01/23/customix/,success,direct,3859,1.48,
25542,http://mashable.com/2014/05/20/selfie-capital-of-the-world/,success,direct,1066,1.457,
33308,http://mashable.com/2014/09/23/packed-lunches-nutrition/,success,direct,2718,1.465,
15771,http://mashable.com/2013/11/07/falling-for-you/,success,direct,838,1.583,
34160,http://mashable.com/2014/10/07/american-crime-story-ryan-murphy-fx/,success,direct,1430,1.553,
36313,http://mashable.com/2014/11/05/spooky-halloween-vine-challenge-roundup/,success,direct,1283,2.291,
11717,http://mashable.com/2013/08/19/lastpass-password-bug/,success,direct,2453,1.57,
20846,http://mashable.com/2014/02/22/entrepreneurs-mentor-relationships/,success,direct,3542,1.571,
19564,http://mashable.com/2014/01/29/linkedin-kevin-bacon/,success,direct,1722,1.562,
21394,http://mashable.com/2014/03/05/cyberpoaching/,success,direct,5431,1.365,
29874,http://mashable.com/2014/07/29/smart-shoes-directions/,success,direct,1866,1.369,
5262,http://mashable.com/2013/04/12/clumsy-dogs/,success,direct,509,1.565,
17644,http://mashable.com/2013/12/16/yahoo-couric-6-milliion/,success,direct,995,1.359,
23910,http://mashable.com/2014/04/22/aereo-court-case-what-it-means/,success,direct,11206,5.265,
251,http://mashable.com/2013/01/10/watch-oscars-nominations-live-online-video/,success,direct,491,2.574,
19647,http://mashable.com/2014/01/30/red-hot-chili-pipers-cover-aviciis-wake-me-up/,success,direct,870,1.478,
22498,http://mashable.com/2014/03/27/dear-pilots-please-stop-landing-at-the-wrong-airport/,success,direct,1371,1.449,
9311,http://mashable.com/2013/07/02/smoke-alarm-iphone-dock-prototype/,success,direct,2418,1.413,
31451,http://mashable.com/2014/08/25/radicals-syria-iraq-jets-air-force/,success,direct,3608,1.555,
12619,http://mashable.com/2013/09/06/london-mini-billboards/,success,direct,1256,1.438,
1045,http://mashable.com/2013/01/24/warner-music-nashville-website-social-design/,success,direct,2001,1.467,
22683,http://mashable.com/2014/03/31/michael-jackson-xscape-album/,success,direct,1788,1.33,
14163,http://mashable.com/2013/10/07/nfl-broncos-jaguars-twitter/,success,direct,1734,1.6,
1704,http://mashable.com/2013/02/05/grand-central-light-show/,success,direct,671,1.394,
21846,http://mashable.com/2014/03/14/handstands-edge-of-buildings/,success,direct,1376,1.533,
37238,http://mashable.com/2014/11/19/alcohol-beer-gifts/,success,direct,581,1.458,
15546,http://mashable.com/2013/11/02/photobucket-tops-flickr/,success,direct,3407,1.675,
28871,http://mashable.com/2014/07/14/john-oliver-wealth-gap/,success,wayback,328,55.21,
24418,http://mashable.com/2014/04/30/facebook-mobile-ad-network-3/,success,direct,1111,1.416,
681,http://mashable.com/2013/01/18/kim-dotcoms-mega-rolls-out-for-early-access-users/,success,direct,1265,1.428,
35447,http://mashable.com/2014/10/24/holderness-halloween-snoop-dogg-parody/,success,direct,723,1.383,
13278,http://mashable.com/2013/09/19/hiroshi-yamauchi-dies-dead-tributes/,success,direct,1727,1.554,
14508,http://mashable.com/2013/10/14/legend-of-zelda-aonuma/,success,direct,9833,1.529,
30501,http://mashable.com/2014/08/08/cbs-netflix-shows-money/,success,direct,3362,1.395,
21055,http://mashable.com/2014/02/26/facebook-sxsw-efron-rogen/,success,direct,1948,1.358,
23068,http://mashable.com/2014/04/07/aritsts-protest-pakistan-drone-strikes/,success,direct,3316,1.571,
31894,http://mashable.com/2014/09/02/cats-that-cant-even/,success,direct,488,1.554,
17419,http://mashable.com/2013/12/12/blue-goji/,success,direct,595,1.559,
28025,http://mashable.com/2014/06/30/seaworld-ride-stuck/,success,direct,977,1.361,
35420,http://mashable.com/2014/10/24/australian-political-rap-battle/,success,direct,1460,1.482,
354,http://mashable.com/2013/01/13/warcraft-theme-park/,success,direct,1151,1.408,
35047,http://mashable.com/2014/10/19/malaysia-i-want-to-touch-a-dog-muslims/,success,direct,4421,1.51,
25853,http://mashable.com/2014/05/27/50-cent-pitch/,success,direct,1257,2.084,
35726,http://mashable.com/2014/10/28/tim-cook-apple-ceo-wsjd/,success,direct,2969,1.474,
6188,http://mashable.com/2013/05/01/boston-marathon-text/,success,direct,2462,1.46,
9351,http://mashable.com/2013/07/03/dog-goldberg-machine/,success,direct,490,1.434,
4990,http://mashable.com/2013/04/07/ebooks-for-children/,success,direct,723,1.653,
2561,http://mashable.com/2013/02/20/michelle-obama-looks-bangin-in-new-official-portrait/,success,direct,995,1.353,
8807,http://mashable.com/2013/06/21/video-game-propaganda/,success,direct,8442,1.771,
28954,http://mashable.com/2014/07/15/janet-yellen-social-media-stocks/,success,direct,1515,2.076,
36512,http://mashable.com/2014/11/08/kremlin-drone-photo/,success,direct,1383,1.463,
23204,http://mashable.com/2014/04/08/weather-channel-directv-deal/,success,direct,1937,1.551,
14206,http://mashable.com/2013/10/08/google-hp-chromebook-11/,success,direct,2171,1.391,
16169,http://mashable.com/2013/11/15/must-reads-11-15-13/,success,direct,3300,1.544,
34846,http://mashable.com/2014/10/16/apple-pay-available-starting-date-here/,success,direct,1212,1.448,
7375,http://mashable.com/2013/05/24/crowdsourced-road-trip/,success,direct,5151,1.466,
23734,http://mashable.com/2014/04/17/x-men-director-bryan-singer-accused-of-sexually-assaulting-teen-boy/,success,direct,2459,1.553,
2229,http://mashable.com/2013/02/13/vw-ski-mask-ad/,success,direct,963,1.454,
7487,http://mashable.com/2013/05/28/apple-13-million-apple-tv/,success,direct,934,1.793,
18841,http://mashable.com/2014/01/14/text-message-theater-shooting/,success,direct,2659,1.573,
14914,http://mashable.com/2013/10/22/apple-ipad-air-event-analysis/,success,direct,5028,1.466,
6835,http://mashable.com/2013/05/14/glass-apps/,success,direct,1320,1.26,
15742,http://mashable.com/2013/11/06/pinterest-hires-joanne-bradford/,success,direct,2158,1.48,
86,http://mashable.com/2013/01/08/snow-dogs/,success,direct,648,1.948,
13630,http://mashable.com/2013/09/26/breaking-bad-emotional-moments/,success,direct,758,1.561,
20525,http://mashable.com/2014/02/16/8-parenting-books/,success,direct,8303,1.572,
34781,http://mashable.com/2014/10/15/fight-club-familiar-faces/,success,direct,637,1.51,
30514,http://mashable.com/2014/08/08/fur-elise-airport-video/,success,direct,413,1.669,
35621,http://mashable.com/2014/10/27/taylor-swift-1989-pop-album-release-reviews/,success,direct,10574,1.574,
23229,http://mashable.com/2014/04/09/condoleezza-rice-dropbox/,success,direct,1477,1.54,
3931,http://mashable.com/2013/03/16/techpet/,success,direct,1402,1.433,
15341,http://mashable.com/2013/10/29/travel-quotes/,success,direct,554,1.358,
39170,http://mashable.com/2014/12/18/carbon-dioxide-from-space-nasa/,success,direct,5301,1.455,
12374,http://mashable.com/2013/09/01/mars-landslides-double-layered-craters/,success,direct,2650,1.471,
19048,http://mashable.com/2014/01/19/nba-players-stats/,success,direct,4888,1.568,
34949,http://mashable.com/2014/10/17/dust-bowl-drought/,success,direct,4858,1.56,
37547,http://mashable.com/2014/11/23/holy-week-seville/,success,direct,3586,1.574,
6481,http://mashable.com/2013/05/07/facebook-graph-search-marketing/,success,direct,2637,1.568,
6868,http://mashable.com/2013/05/14/twitch-xbox/,success,direct,1354,1.449,
10926,http://mashable.com/2013/08/03/apple-samsung-ban/,success,direct,2823,1.463,
12893,http://mashable.com/2013/09/12/google-street-view-galapagos-tour/,success,direct,1814,1.406,
19735,http://mashable.com/2014/02/01/nike-cleats-super-bowl/,success,direct,1735,1.416,
5215,http://mashable.com/2013/04/11/hacker-hijack-plane-android-app/,success,direct,4714,1.454,
18035,http://mashable.com/2013/12/25/ukranian-journalist-beaten-on-christmas-morning-as-protests-continue/,success,direct,3420,1.469,
25332,http://mashable.com/2014/05/16/halo-5-coming-to-xbox-one-in-2015/,success,direct,1156,1.446,
35699,http://mashable.com/2014/10/28/michael-jackson-thriller-cover/,success,wayback,336,52.018,
28115,http://mashable.com/2014/07/01/siri-getting-smarter/,success,direct,1285,1.509,
6206,http://mashable.com/2013/05/01/happy-faces-pareidolia/,success,direct,2698,1.761,
19535,http://mashable.com/2014/01/29/budweiser-puppy-love-super-bowl/,success,direct,1054,1.437,
22269,http://mashable.com/2014/03/22/the-black-keys-turn-blue/,success,direct,1452,1.356,
10854,http://mashable.com/2013/08/01/moto-x-hands-on/,success,direct,5351,1.518,
9986,http://mashable.com/2013/07/16/google-street-view-eiffel-tower/,success,direct,860,1.523,
26994,http://mashable.com/2014/06/14/connected-driving-app-study/,success,direct,5806,1.369,
20361,http://mashable.com/2014/02/12/winter-olympics-news-feb-12/,success,direct,4244,1.446,
4810,http://mashable.com/2013/04/03/google-nexus-7/,success,direct,778,1.455,
31249,http://mashable.com/2014/08/21/simpsons-facts/,success,direct,1465,1.545,
21970,http://mashable.com/2014/03/17/netspeak-infographic/,success,direct,663,1.407,
20177,http://mashable.com/2014/02/10/ken-burns-ipad-app/,success,direct,1483,1.529,
29261,http://mashable.com/2014/07/19/nyc-mayor-investigation-man-died-chokehold/,success,direct,2507,1.556,
19387,http://mashable.com/2014/01/26/music-video-shows-singer-getting-photoshopped-in-real-time/,success,direct,952,1.46,
304,http://mashable.com/2013/01/11/tim-hortons-sing-along/,success,direct,553,1.427,
14299,http://mashable.com/2013/10/09/son-dad-nfl-tickets-feelz/,success,direct,1130,1.478,
21010,http://mashable.com/2014/02/25/lena-dunham-snl/,success,direct,1354,1.291,
10369,http://mashable.com/2013/07/23/icona-pop-all-night/,success,direct,1008,1.35,
19543,http://mashable.com/2014/01/29/facebook-dead-products/,success,direct,582,1.551,
20628,http://mashable.com/2014/02/18/sony-5-3-million-playstation-4/,success,direct,658,1.404,
21758,http://mashable.com/2014/03/12/seinfeld-nothing-video/,success,direct,668,1.396,
6225,http://mashable.com/2013/05/01/remote-desktop-apps-ipad/,success,direct,4868,1.468,
35599,http://mashable.com/2014/10/27/national-anthem-fails-2/,success,direct,499,1.551,
18421,http://mashable.com/2014/01/06/sony-nex-alpha/,success,direct,1311,1.573,
11904,http://mashable.com/2013/08/22/gold-silver-black-iphone-5s/,success,direct,790,1.462,
2115,http://mashable.com/2013/02/12/north-korea-nuclear-test-maps/,success,direct,1329,1.453,
8692,http://mashable.com/2013/06/20/coffee-gadgets/,success,direct,509,1.46,
4217,http://mashable.com/2013/03/22/facebook-improves-self-esteem/,success,direct,2313,1.482,
35541,http://mashable.com/2014/10/26/saudi-women-drivers-protest-anniversary/,success,direct,1942,1.567,
16591,http://mashable.com/2013/11/24/london-time-lapse/,success,direct,560,1.447,
34168,http://mashable.com/2014/10/07/boxing-kangaroo-australia/,success,direct,765,1.456,
16620,http://mashable.com/2013/11/25/james-franco-seth-rogen-kanye-west-video/,success,direct,1122,1.476,
26323,http://mashable.com/2014/06/03/sunburn-questions-yahoo/,success,direct,506,1.362,
28534,http://mashable.com/2014/07/09/brazil-germany-world-cup-sweet-moment/,success,direct,2999,1.455,
12865,http://mashable.com/2013/09/11/startup-day-job/,success,direct,3974,1.46,
37693,http://mashable.com/2014/11/25/marijuana-shops-black-friday/,success,direct,2865,1.346,
12001,http://mashable.com/2013/08/24/5-games-8-24/,success,direct,462,1.47,
37059,http://mashable.com/2014/11/16/vice-hires-former-obama-staffer/,success,direct,980,1.392,
9997,http://mashable.com/2013/07/16/man-of-steel-alternate-ending/,success,direct,642,1.418,
20638,http://mashable.com/2014/02/18/zte-to-launch-6-inch-grand-memo-ii-lte-at-the-mwc/,success,direct,802,1.455,
22227,http://mashable.com/2014/03/21/okcupid-lawsuit/,success,direct,2403,1.455,
6946,http://mashable.com/2013/05/15/youtube-tresemme-shoppable-video/,success,direct,1906,1.369,
35521,http://mashable.com/2014/10/26/chris-christie-ebola-quarantine/,success,direct,2525,1.356,
3077,http://mashable.com/2013/03/01/andrew-mason-228-million/,success,direct,690,1.47,
18143,http://mashable.com/2013/12/30/etch-a-sketch-tribute/,success,direct,826,2.48,
29403,http://mashable.com/2014/07/22/ibm-watson-veterans-usaa/,success,direct,1618,1.365,
14576,http://mashable.com/2013/10/15/gollum-channels-miley-cyrus-in-wrecking-ball-cover/,success,direct,644,2.074,
11644,http://mashable.com/2013/08/17/5-games-8-17/,success,direct,591,1.46,
35816,http://mashable.com/2014/10/29/surfing-1000-frames-per-second/,success,direct,417,1.349,
3277,http://mashable.com/2013/03/05/newborn-lamb/,success,direct,456,1.476,
17495,http://mashable.com/2013/12/13/house-of-cards-season-2-trailer/,success,direct,1360,1.452,
24199,http://mashable.com/2014/04/26/cant-miss-apps-opera-coast/,success,direct,684,1.499,
25107,http://mashable.com/2014/05/13/bitpay-funding-bitcoin/,success,direct,3143,1.387,
7679,http://mashable.com/2013/05/30/windows-8-1-start-button/,success,direct,2779,1.399,
32235,http://mashable.com/2014/09/06/philosophical-bears/,success,direct,615,0.948,
8726,http://mashable.com/2013/06/20/nvidia-drops-shield-price/,success,direct,1205,1.441,
24807,http://mashable.com/2014/05/07/kevin-spacey-now-film-house-of-cards/,success,direct,4921,1.459,
800,http://mashable.com/2013/01/21/speed-up-your-pc/,success,direct,3751,1.386,
3230,http://mashable.com/2013/03/04/wacom-tablet/,success,direct,1588,1.426,
21888,http://mashable.com/2014/03/14/womens-history-month/,success,direct,728,1.347,
17538,http://mashable.com/2013/12/14/fisher-price-apptivity-seat/,success,direct,3625,1.704,
39461,http://mashable.com/2014/12/23/microsoft-2015-windows-10/,success,direct,9769,1.354,
4955,http://mashable.com/2013/04/05/pantyhose-dog-photo-meme/,success,direct,1013,1.353,
5115,http://mashable.com/2013/04/09/shorty-awards-winners-video/,success,direct,7592,1.465,
29710,http://mashable.com/2014/07/27/baby-shower-gifts/,success,direct,552,1.392,
33390,http://mashable.com/2014/09/24/lifebeforeabbott-australians-reminisce-days-before-prime-minister/,success,direct,3064,1.356,
30896,http://mashable.com/2014/08/15/batteries-wearables/,success,direct,3385,1.41,
11348,http://mashable.com/2013/08/12/ipad-design-ipad-mini/,success,direct,1045,1.47,
29292,http://mashable.com/2014/07/20/this-smartwatch-wants-to-project-notifications-directly-onto-your-hand/,success,direct,2229,1.489,
30788,http://mashable.com/2014/08/13/mashable-minute-shampoo/,success,direct,394,1.63,
15902,http://mashable.com/2013/11/10/schottenfreude-made-up-words/,success,direct,3732,1.554,
37236,http://mashable.com/2014/11/18/whoops-snoopy-leaks-first-official-peanuts-movie-trailer/,success,direct,5245,1.482,
12058,http://mashable.com/2013/08/26/13-things-for-college/,success,direct,1106,1.565,
36415,http://mashable.com/2014/11/06/whatsapp-blue-checks/,success,direct,1169,1.54,
19388,http://mashable.com/2014/01/26/nasa-telescope/,success,direct,1405,1.454,
3643,http://mashable.com/2013/03/12/digital-diplomacy-alec-ross/,success,direct,5433,1.777,
20554,http://mashable.com/2014/02/16/wikileaf-marijuana-discounts/,success,direct,6058,1.48,
38217,http://mashable.com/2014/12/04/christopher-walken-peter-pan-live/,success,direct,478,1.447,
17512,http://mashable.com/2013/12/13/must-reads-12-13-13/,success,direct,3763,1.449,
28061,http://mashable.com/2014/07/01/cats-explain-us-belgium-world-cup/,success,direct,520,1.61,
21481,http://mashable.com/2014/03/06/new-york-san-francisco-tweets/,success,direct,2179,1.399,
1864,http://mashable.com/2013/02/07/new-assassins-creed/,success,direct,1112,1.473,
34907,http://mashable.com/2014/10/16/lorde-ya-ya-ya-south-park-full-song/,success,direct,1022,1.557,
26985,http://mashable.com/2014/06/13/world-cup-day-2-the-rain-spain-pain-and-solid-game/,success,direct,3563,1.435,
7336,http://mashable.com/2013/05/23/morgan-freeman-falls-asleep/,success,direct,899,1.46,
10732,http://mashable.com/2013/07/30/olapic-5-milion-series-a-retail/,success,direct,3956,1.46,
32380,http://mashable.com/2014/09/09/apple-watch-moto-360-gear-2-pebble-steel/,success,direct,2896,1.578,
30609,http://mashable.com/2014/08/11/amazon-disney/,success,direct,1133,1.405,
36360,http://mashable.com/2014/11/06/employee-trust/,success,direct,2425,1.513,
37995,http://mashable.com/2014/12/01/soccer-flop-worst-of-all-time/,success,direct,612,1.417,
83,http://mashable.com/2013/01/08/personal-for-education/,success,direct,3011,1.458,
979,http://mashable.com/2013/01/24/ashton-kutcher-steve-jobs-video-scene/,success,direct,1766,1.487,
27263,http://mashable.com/2014/06/18/isil-by-the-numbers/,success,direct,1645,1.458,
28487,http://mashable.com/2014/07/08/potato-salad-kickstarter-copycats/,success,direct,2251,1.552,
13325,http://mashable.com/2013/09/20/facebook-fall-tv-likes/,success,direct,835,1.457,
31423,http://mashable.com/2014/08/25/firefox-os-cloud-fx-india/,success,direct,1748,1.861,
1599,http://mashable.com/2013/02/03/superb-owl/,success,direct,937,1.466,
27102,http://mashable.com/2014/06/16/oklahoma-earthquake/,success,direct,2457,1.358,
17876,http://mashable.com/2013/12/20/obama-nsa-snooping/,success,direct,2822,1.448,
13126,http://mashable.com/2013/09/17/linkedin-data-requests-challenge/,success,direct,2432,1.405,
24020,http://mashable.com/2014/04/23/gm-brand-recalls/,success,direct,955,1.513,
5511,http://mashable.com/2013/04/17/marissa-mayer-job-applicants-yahoo/,success,direct,2805,2.068,
7752,http://mashable.com/2013/06/02/baby-gadgets/,success,direct,577,0.966,
22213,http://mashable.com/2014/03/21/instagram-promposals/,success,direct,929,1.475,
10217,http://mashable.com/2013/07/19/vin-diesel-riddick/,success,direct,900,1.448,
27054,http://mashable.com/2014/06/16/build-influence-at-work/,success,direct,5197,1.56,
6134,http://mashable.com/2013/04/30/facebook-social-music-game-gig-it-concerts/,success,direct,2588,1.395,
14121,http://mashable.com/2013/10/06/spotify-music-economy/,success,direct,37525,1.755,
10075,http://mashable.com/2013/07/17/ocean-quigley-leaves-ea/,success,direct,2897,1.446,
31917,http://mashable.com/2014/09/02/home-depot-credit-card-breach-report/,success,direct,2852,2.163,
29887,http://mashable.com/2014/07/29/web-fonts-globalization/,success,direct,8378,2.359,
18701,http://mashable.com/2014/01/12/everyday-items-high-tech/,success,direct,840,1.374,
26269,http://mashable.com/2014/06/03/batman-arkham-knight-delayed/,success,direct,1069,1.866,
11368,http://mashable.com/2013/08/12/real-mona-lisa-dna/,success,direct,307,1.56,
14084,http://mashable.com/2013/10/05/3d-thanksgivukkah-centerpiece/,success,direct,2676,0.955,
32549,http://mashable.com/2014/09/11/apple-watch-star-wars/,success,direct,3725,1.904,
28248,http://mashable.com/2014/07/03/goats-national-anthem/,success,direct,557,1.515,
15484,http://mashable.com/2013/10/31/welcome-to-night-vale/,success,direct,2993,1.36,
14401,http://mashable.com/2013/10/11/lonely-alien-planet-discovered/,success,direct,3421,1.887,
14597,http://mashable.com/2013/10/15/playstation-4s-first-tv-spot/,success,direct,1327,1.426,
12740,http://mashable.com/2013/09/09/yahoo-news-editor-in-chief/,success,direct,1099,1.363,
31347,http://mashable.com/2014/08/23/talib-kweli-ferguson-cnn-media/,success,direct,3188,1.644,
26286,http://mashable.com/2014/06/03/game-of-thrones-red-viper-reactions/,success,direct,1338,1.555,
4152,http://mashable.com/2013/03/21/bill-gates-future-of-food/,success,direct,4617,1.799,
27744,http://mashable.com/2014/06/25/smartwatch-comparison/,success,direct,1916,1.45,
19108,http://mashable.com/2014/01/21/ezra-klein-leaves-washington-post/,success,direct,2666,1.445,
10454,http://mashable.com/2013/07/24/nexus-7-hands-on-2013/,success,direct,2653,1.874,
34389,http://mashable.com/2014/10/09/kim-jong-un-missing/,success,direct,2913,1.974,
8247,http://mashable.com/2013/06/11/mozilla-reddit-nsa-snooping/,success,direct,2809,1.655,
9061,http://mashable.com/2013/06/27/google-videogames-console-android/,success,direct,1496,2.275,
20563,http://mashable.com/2014/02/17/google-glass-perils/,success,direct,521,1.359,
3986,http://mashable.com/2013/03/18/heins-slams-iphone/,success,direct,1935,1.461,
14686,http://mashable.com/2013/10/17/11-easy-tech-costumes-for-halloween/,success,direct,501,2.362,
3929,http://mashable.com/2013/03/16/st-patricks-day-gifs/,success,direct,3060,1.452,
1282,http://mashable.com/2013/01/29/irs-tumblr-social/,success,direct,890,1.569,
16749,http://mashable.com/2013/11/27/thanksgivukkah-anthem-perfectly-captures-historys-greatest-holiday/,success,direct,655,1.569,
30250,http://mashable.com/2014/08/04/tiny-houses/,success,direct,621,2.494,
7431,http://mashable.com/2013/05/25/top-10-tech-this-week-46/,success,direct,1125,1.565,
9057,http://mashable.com/2013/06/27/foursquare-windows-8/,success,direct,726,1.467,
20635,http://mashable.com/2014/02/18/u-s-navy-laser-weapon/,success,direct,2565,1.448,
8225,http://mashable.com/2013/06/11/faces-of-the-future/,success,direct,4136,1.431,
27925,http://mashable.com/2014/06/28/aereo-shutting-down-offers-refunds/,success,direct,1667,1.484,
12335,http://mashable.com/2013/08/30/ouya-game-console-fail/,success,direct,4450,1.345,
18027,http://mashable.com/2013/12/25/iphone-apps-2013/,success,direct,585,1.485,
25661,http://mashable.com/2014/05/22/edward-snowden-meme/,success,direct,819,1.424,
23828,http://mashable.com/2014/04/20/must-reads-4-20-14/,success,direct,4756,1.505,
19557,http://mashable.com/2014/01/29/joe-biden-finger-gun/,success,direct,729,1.463,
34619,http://mashable.com/2014/10/13/himalayas-glaciers-expanding/,success,direct,4588,1.651,
36493,http://mashable.com/2014/11/07/vine-comedy-justin-bieber/,success,direct,8727,1.52,
34143,http://mashable.com/2014/10/06/supreme-court-gay-marriage/,success,direct,4341,1.489,
14335,http://mashable.com/2013/10/10/gecko-tag/,success,direct,2129,1.366,
30420,http://mashable.com/2014/08/07/agents-of-s-h-i-e-l-d-kyle-maclachlan/,success,direct,1298,1.432,
25123,http://mashable.com/2014/05/13/google-glass-available-to-all/,success,direct,1741,1.563,
11645,http://mashable.com/2013/08/17/apps-you-dont-want-to-miss-2-3/,success,direct,731,1.564,
22234,http://mashable.com/2014/03/21/sellotape/,success,direct,591,1.538,
12022,http://mashable.com/2013/08/24/school-uniforms-around-the-world/,success,direct,647,1.494,
30258,http://mashable.com/2014/08/05/5-year-old-mayor-minnesota/,success,direct,1651,1.453,
5921,http://mashable.com/2013/04/25/hubble-1946-paper/,success,direct,2973,1.862,
36099,http://mashable.com/2014/11/03/google-nexus-9-review/,success,direct,13505,1.581,
4500,http://mashable.com/2013/03/28/attack-spamhaus-brief/,success,direct,712,1.471,
16971,http://mashable.com/2013/12/03/teen-gift-guide/,success,direct,557,1.576,
21993,http://mashable.com/2014/03/18/3d-printing-surgery/,success,direct,2346,1.331,
31777,http://mashable.com/2014/08/29/shinola-detroit-video/,success,direct,2894,1.473,
17822,http://mashable.com/2013/12/19/santa-parkour/,success,direct,575,1.647,
2791,http://mashable.com/2013/02/25/asus-padfone-infinity/,success,direct,1155,1.466,
27617,http://mashable.com/2014/06/24/faa-amazon-drones-2/,success,direct,2374,1.463,
30867,http://mashable.com/2014/08/14/shark-sex-facts/,success,direct,674,1.66,
10821,http://mashable.com/2013/08/01/cellphone-peripheral-vision/,success,direct,1725,1.457,
28787,http://mashable.com/2014/07/12/plane-diverted-island/,success,direct,1978,1.575,
23494,http://mashable.com/2014/04/14/maker-disney/,success,direct,1770,1.566,
27029,http://mashable.com/2014/06/15/diy-vinegar-uses/,success,direct,363,1.579,
8161,http://mashable.com/2013/06/10/mac-pro-looks-like/,success,direct,3466,1.551,
33404,http://mashable.com/2014/09/24/thanko-phone-fake-thumb/,success,direct,1054,1.563,
24410,http://mashable.com/2014/04/30/extreme-weather-florida-flood/,success,direct,3734,1.456,
11275,http://mashable.com/2013/08/10/childhood-drinking-games/,success,direct,713,1.558,
12223,http://mashable.com/2013/08/28/shape-shifting-mirror-space-images/,success,direct,1184,1.468,
19463,http://mashable.com/2014/01/28/5-things-obama-state-of-the-union/,success,direct,4355,1.363,
34024,http://mashable.com/2014/10/04/diy-costumes/,success,direct,546,1.406,
609,http://mashable.com/2013/01/17/instagram-monthly-active-users/,success,direct,1541,1.418,
330,http://mashable.com/2013/01/12/unu-iphone-5-battery-case/,success,direct,1061,1.417,
39432,http://mashable.com/2014/12/23/arizona-officials-cleared-in-2-hour-execution-but-lethal-drugs-will-change/,success,direct,4502,1.378,
9349,http://mashable.com/2013/07/03/disney-lone-ranger-game/,success,direct,1033,1.551,
37980,http://mashable.com/2014/12/01/most-popular-names/,success,direct,1548,1.561,
10859,http://mashable.com/2013/08/01/mta-subway-circle/,success,direct,1506,1.473,
18808,http://mashable.com/2014/01/14/friends-theme-song-cover/,success,direct,742,1.457,
4859,http://mashable.com/2013/04/04/conan-chelsea-handler-naked-slap-fight/,success,direct,633,1.465,
2649,http://mashable.com/2013/02/21/nikon-d7100/,success,direct,1758,1.445,
19779,http://mashable.com/2014/02/03/apple-iprank-will-leave-you-questioning-their-genius/,success,direct,791,1.469,
25895,http://mashable.com/2014/05/27/orange-is-the-new-black-seinfeld-gifs/,success,direct,492,1.352,
29907,http://mashable.com/2014/07/30/fcc-to-verizon-wireless-do-you-really-need-to-throttle-unlimited-data-customers/,success,direct,4117,1.565,
7049,http://mashable.com/2013/05/18/anchorman-2-trailer/,success,direct,713,1.437,
3922,http://mashable.com/2013/03/16/lego-robot-paper-planes/,success,direct,643,1.329,
27293,http://mashable.com/2014/06/18/unradio-t-mobile-rhapsody/,success,direct,2129,1.51,
7685,http://mashable.com/2013/05/31/bt-6-million-yahoo-mail/,success,direct,1014,1.451,
2692,http://mashable.com/2013/02/22/gollum-les-mis/,success,direct,698,1.46,
316,http://mashable.com/2013/01/12/digital-media-resources-68/,success,direct,8632,1.57,
4009,http://mashable.com/2013/03/18/soccer-player-banned-nazi-salute/,success,direct,1855,1.542,
39205,http://mashable.com/2014/12/18/putin-stroke-survivor-gaffe/,success,direct,2210,1.577,
27686,http://mashable.com/2014/06/24/youtube-features-twitch/,success,direct,608,1.443,
14443,http://mashable.com/2013/10/12/pokemon-friendship-gifs/,success,direct,882,1.463,
32118,http://mashable.com/2014/09/04/rdio-free-streaming-overhaul/,success,direct,2359,1.508,
7678,http://mashable.com/2013/05/30/windows-8-1-features/,success,direct,7649,1.553,
21986,http://mashable.com/2014/03/17/ukraine-protests-on-youtube/,success,direct,1815,1.333,
39595,http://mashable.com/2014/12/26/exodus-wont-play-egypt/,success,direct,1456,1.474,
38547,http://mashable.com/2014/12/09/nyc-porn-film-festival/,success,direct,5001,1.568,
5975,http://mashable.com/2013/04/26/blendoku/,success,direct,2334,1.352,
9830,http://mashable.com/2013/07/12/league-of-legends-visa/,success,direct,2379,1.372,
16426,http://mashable.com/2013/11/20/trent-reznor-facetime-cancer/,success,direct,1324,1.46,
9448,http://mashable.com/2013/07/05/google-field-trip-july-free/,success,direct,2426,1.465,
1243,http://mashable.com/2013/01/28/vw-super-bowl-ad-jamaican/,success,direct,889,2.273,
35942,http://mashable.com/2014/10/31/chelsea-handler-nude-photo/,success,direct,1818,1.445,
15394,http://mashable.com/2013/10/30/kickstarter-ceo-steps-down/,success,direct,2573,1.568,
38395,http://mashable.com/2014/12/07/gadgets-single-people/,success,direct,450,1.408,
18684,http://mashable.com/2014/01/11/instagram-comments/,success,direct,861,1.45,
16010,http://mashable.com/2013/11/12/russian-subway-squats/,success,direct,665,1.413,
24284,http://mashable.com/2014/04/28/nokia-ad-kinks/,success,direct,1196,1.408,
985,http://mashable.com/2013/01/24/creative-vines-on-twitter/,success,direct,1531,1.531,
38809,http://mashable.com/2014/12/12/kobe-pass-jordan-scoring/,success,direct,2923,1.386,
38010,http://mashable.com/2014/12/02/80s-shopping-malls/,success,direct,275,1.482,
26827,http://mashable.com/2014/06/11/types-of-snapchat-users/,success,direct,363,2.065,
1430,http://mashable.com/2013/01/31/fleksy-keyboard-text-without-looking/,success,direct,2176,1.551,
7586,http://mashable.com/2013/05/29/pro-golfer-club-tricks/,success,direct,675,2.273,
32617,http://mashable.com/2014/09/11/yahoo-news-digest-ipad/,success,direct,2630,1.871,
29640,http://mashable.com/2014/07/25/hamas-unmasked-who-are-the-militants-fighting-israel/,success,direct,5297,2.358,
13373,http://mashable.com/2013/09/21/marching-band-routines/,success,direct,587,1.799,
21210,http://mashable.com/2014/02/28/when-google-glass-haters-attack/,success,direct,5920,1.477,
36556,http://mashable.com/2014/11/09/passive-aggressive-gifts/,success,direct,415,1.387,
32238,http://mashable.com/2014/09/06/sierra-leone-ebola-lockdown/,success,direct,2853,1.454,
32946,http://mashable.com/2014/09/17/ios-8-update-twitter-reactions/,success,direct,521,1.418,
709,http://mashable.com/2013/01/19/boeing-787-dreamliner-battery/,success,direct,3702,1.366,
20433,http://mashable.com/2014/02/13/wearable-device-shipments/,success,direct,2069,1.485,
39572,http://mashable.com/2014/12/25/president-obama-tiara/,success,direct,1023,1.455,
5219,http://mashable.com/2013/04/11/iron-man-3-featurette/,success,direct,915,1.445,
15864,http://mashable.com/2013/11/08/youtube-comments-crisis/,success,direct,3148,1.363,
34938,http://mashable.com/2014/10/17/apple-homekit-launch-2015/,success,direct,2110,1.419,
8617,http://mashable.com/2013/06/19/catchiest-song-5-facts/,success,direct,519,1.415,
341,http://mashable.com/2013/01/13/java-exploit/,success,direct,2269,1.564,
3056,http://mashable.com/2013/02/28/penalties-for-violating-new-piracy-program/,success,direct,560,2.078,
9162,http://mashable.com/2013/06/29/flipboard-instagram-video/,success,direct,1255,1.552,
23390,http://mashable.com/2014/04/11/nirvana-rock-hall-of-fame-photos/,success,direct,770,1.513,
11416,http://mashable.com/2013/08/13/jetpack-flight-permit/,success,direct,2752,2.044,
12831,http://mashable.com/2013/09/11/grand-theft-auto-v-map-leak/,success,direct,1249,1.432,
25312,http://mashable.com/2014/05/16/ad-agency-malala-yousafzai-mattresses/,success,direct,2052,1.576,
7738,http://mashable.com/2013/06/01/google-search-app-ios/,success,direct,2203,1.523,
27259,http://mashable.com/2014/06/18/hank-bulldog-stair-lift/,success,direct,561,1.37,
32054,http://mashable.com/2014/09/04/angry-ram-drone-video/,success,wayback,251,23.166,
38899,http://mashable.com/2014/12/14/snl-charlie-rose-torture/,success,direct,566,1.579,
1594,http://mashable.com/2013/02/03/super-bowl-lone-ranger-trailer/,success,direct,447,1.47,
28945,http://mashable.com/2014/07/15/google-profile-name/,success,direct,2207,1.567,
16505,http://mashable.com/2013/11/22/bounce-rate-metrics/,success,direct,5658,1.469,
33031,http://mashable.com/2014/09/18/justin-long-tusk/,success,direct,382,1.473,
25729,http://mashable.com/2014/05/23/funny-yearbook-quotes/,success,direct,774,1.413,
11965,http://mashable.com/2013/08/23/emerging-cooking-solutions/,success,direct,4397,1.49,
24670,http://mashable.com/2014/05/05/godzilla-flying-monster/,success,direct,668,1.544,
37092,http://mashable.com/2014/11/17/frozen-breaking-bad-song/,success,direct,472,1.463,
32618,http://mashable.com/2014/09/11/youth-vote-scotland/,success,direct,4735,1.367,
24739,http://mashable.com/2014/05/06/ios-7-email-encryption-bug/,success,direct,2563,1.424,
26367,http://mashable.com/2014/06/04/heathrow-terminal-2-opens/,success,direct,1809,1.518,
22679,http://mashable.com/2014/03/31/kitchensurfing/,success,direct,2797,1.563,
8231,http://mashable.com/2013/06/11/google-trends-visualization/,success,direct,924,1.54,
6354,http://mashable.com/2013/05/04/freelancing-tips/,success,direct,3858,1.694,
25273,http://mashable.com/2014/05/15/holograms-on-chocolate/,success,direct,850,1.465,
5795,http://mashable.com/2013/04/23/nfl-scott-fujita-retirement-twitter-pic/,success,direct,1323,1.433,
10612,http://mashable.com/2013/07/28/jobs-movie-website/,success,direct,1644,1.388,
6433,http://mashable.com/2013/05/06/mask-superhuman/,success,direct,1784,1.439,
7112,http://mashable.com/2013/05/20/flickr-pro-changes/,success,direct,4988,1.31,
24498,http://mashable.com/2014/05/01/glamping-essentials/,success,direct,815,1.509,
11922,http://mashable.com/2013/08/22/mashies-award-ceremony/,success,direct,924,1.457,
33812,http://mashable.com/2014/10/01/ebola-case-concerns/,success,direct,5189,1.559,
6275,http://mashable.com/2013/05/02/linkedin-falls-q1-earnings/,success,direct,907,1.481,
29456,http://mashable.com/2014/07/23/cnn-eating-dogs-reactions/,success,direct,1101,1.556,
36472,http://mashable.com/2014/11/07/sleepy-puppy/,success,direct,280,1.371,
25666,http://mashable.com/2014/05/22/facebook-shareholder-meeting-2014/,success,direct,1715,1.492,
26428,http://mashable.com/2014/06/05/boko-haram-revenge-attack/,success,direct,2050,1.416,
1638,http://mashable.com/2013/02/04/nasa-curiosity-rover-mars-rock/,success,direct,1963,1.41,
8718,http://mashable.com/2013/06/20/instagrams-stop-motion-video/,success,direct,1259,1.407,
26599,http://mashable.com/2014/06/09/american-express-uber/,success,direct,1693,1.567,
23875,http://mashable.com/2014/04/21/mad-men-episode-2-recap-don-date/,success,direct,5964,1.461,
3628,http://mashable.com/2013/03/12/3d-printed-record-plays/,success,direct,1803,1.36,
12080,http://mashable.com/2013/08/26/miley-cyrus-vmas-twitter/,success,direct,1477,1.365,
26789,http://mashable.com/2014/06/11/jim-carrey-jeff-daniels-jimmy-fallon-fake-arms/,success,direct,809,1.483,
32628,http://mashable.com/2014/09/12/biracial-woman-photoshop-experiment/,success,direct,2871,1.569,
843,http://mashable.com/2013/01/22/internet-reaction-beyonce-lip-syncing/,success,direct,3017,1.544,
23075,http://mashable.com/2014/04/07/coldplay-magic-music-video/,success,direct,641,1.528,
38070,http://mashable.com/2014/12/02/nintendo-game-boy-emulator/,success,direct,2294,1.461,
23280,http://mashable.com/2014/04/09/veet-ad-controversy/,success,direct,1962,1.542,
27415,http://mashable.com/2014/06/20/google-made-with-code/,success,direct,3046,1.464,
16221,http://mashable.com/2013/11/17/12-12-12-film-hurrican-sandy-victims/,success,direct,1872,1.357,
5598,http://mashable.com/2013/04/18/texas-fertilizer-plant-explosion/,success,direct,1206,1.36,
36350,http://mashable.com/2014/11/06/crack-down-on-uberx/,success,direct,2763,1.464,
11607,http://mashable.com/2013/08/16/facebook-breakpoint/,success,direct,7640,1.372,
35539,http://mashable.com/2014/10/26/pro-halloween-makeup-tutorial/,success,direct,539,1.473,
30141,http://mashable.com/2014/08/02/human-remains-mh17/,success,direct,3663,1.55,
1549,http://mashable.com/2013/02/02/groundhog-day-gifts/,success,direct,480,1.431,
28213,http://mashable.com/2014/07/02/walking-bio-bots/,success,direct,1229,1.572,
7306,http://mashable.com/2013/05/23/boy-scouts-lift-ban-twitter/,success,direct,2457,1.313,
6072,http://mashable.com/2013/04/29/evernote-food-android/,success,direct,989,1.459,
1703,http://mashable.com/2013/02/05/grammys-winners-predictions-spotify/,success,direct,1742,1.515,
17003,http://mashable.com/2013/12/04/killer-gingerbread-houses/,success,direct,784,1.553,
2245,http://mashable.com/2013/02/14/criterion-hulu-free-weekend/,success,direct,1718,1.356,
12760,http://mashable.com/2013/09/10/camera-domino-line/,success,direct,480,1.325,
19040,http://mashable.com/2014/01/19/dennis-rodman-rehab/,success,direct,1549,1.503,
25770,http://mashable.com/2014/05/24/5-cant-miss-apps-next-music/,success,direct,590,1.858,
7932,http://mashable.com/2013/06/05/springfield-universal-studios/,success,direct,1113,1.35,
38610,http://mashable.com/2014/12/10/david-hicks-torture/,success,direct,2199,1.463,
20589,http://mashable.com/2014/02/18/bioshock-irrational-games-shuts-down/,success,direct,4927,1.566,
14159,http://mashable.com/2013/10/07/neil-degrasse-tyson-gravity/,success,direct,3394,1.46,
13857,http://mashable.com/2013/10/01/facebook-david-lawenda/,success,direct,1477,1.46,
12600,http://mashable.com/2013/09/06/cloud-save-money/,success,direct,3922,1.555,
1078,http://mashable.com/2013/01/25/huawei-no-3-smartphone-maker/,success,direct,1726,1.367,
11812,http://mashable.com/2013/08/20/vine-40-million-registered-users/,success,direct,949,1.337,
33387,http://mashable.com/2014/09/24/jurassic-world-plot/,success,direct,1451,1.461,
10453,http://mashable.com/2013/07/24/nexus-7-ad-2/,success,direct,805,1.545,
33001,http://mashable.com/2014/09/18/bull-terrier-instagram-sketches/,success,direct,1532,1.988,
21434,http://mashable.com/2014/03/05/united-nations-kidnapped-envoy-crimea/,success,direct,3574,1.465,
37959,http://mashable.com/2014/12/01/ferguson-st-louis-rams-nfl/,success,direct,4970,1.56,
4530,http://mashable.com/2013/03/28/klout-instagram-bing/,success,direct,1090,1.444,
25998,http://mashable.com/2014/05/29/amazon-prime-streaming-music/,success,direct,1229,1.454,
21840,http://mashable.com/2014/03/13/zuckerberg-obama-internet-security/,success,direct,2141,1.661,
31257,http://mashable.com/2014/08/21/tbt-true-blood/,success,direct,590,1.419,
22363,http://mashable.com/2014/03/25/emoji-slippers/,success,direct,1123,1.392,
8821,http://mashable.com/2013/06/22/land-a-better-job/,success,direct,4545,1.453,
35237,http://mashable.com/2014/10/22/american-veteran-fighting-isis-syria/,success,direct,5643,1.393,
33015,http://mashable.com/2014/09/18/founder-business-stories/,success,direct,12163,1.463,
2189,http://mashable.com/2013/02/13/japanese-robot-theater-project/,success,direct,3230,1.362,
27113,http://mashable.com/2014/06/16/thunderstorm-twin-tornadoes-outbreak/,success,direct,3584,1.492,
25727,http://mashable.com/2014/05/23/fitbit-wearables-sales/,success,direct,2232,1.447,
38699,http://mashable.com/2014/12/11/congress-debates-gluten/,success,direct,306,1.43,
25483,http://mashable.com/2014/05/19/whisper-rolls-out-redesign/,success,direct,4494,0.871,
18611,http://mashable.com/2014/01/09/orbital-sciences-antares-iss/,success,direct,3702,1.444,
25811,http://mashable.com/2014/05/25/photos-ukraine-election/,success,direct,645,2.071,
18097,http://mashable.com/2013/12/27/space-station-earth-cameras/,success,direct,1489,1.659,
35022,http://mashable.com/2014/10/18/i-am-liberian-not-a-virus-ebola-video/,success,direct,1626,1.437,
17987,http://mashable.com/2013/12/24/grow-social-audience/,success,direct,12696,1.471,
6633,http://mashable.com/2013/05/09/popular-instagram-hashtags/,success,direct,560,1.455,
12383,http://mashable.com/2013/09/02/20-most-shared-ads-august/,success,direct,719,1.466,
2277,http://mashable.com/2013/02/14/nba-stats-data/,success,direct,3206,1.561,
19045,http://mashable.com/2014/01/19/ice-skating-gifs/,success,direct,670,1.558,
34235,http://mashable.com/2014/10/07/uk-ebola-screenings/,success,direct,1680,1.504,
19161,http://mashable.com/2014/01/21/warren-bufffett-1-billion/,success,direct,1096,1.505,
1888,http://mashable.com/2013/02/07/vine-tips/,success,direct,673,1.451,
516,http://mashable.com/2013/01/16/app-virtual-urgent-care-center/,success,direct,1596,1.355,
19408,http://mashable.com/2014/01/27/aurora-colorado-mental-health/,success,direct,3094,1.84,
36718,http://mashable.com/2014/11/11/polish-parade-turns-riot/,success,direct,2239,1.96,
27341,http://mashable.com/2014/06/19/halt-and-catch-fire-sneak-peek/,success,direct,609,2.384,
10370,http://mashable.com/2013/07/23/internet-activists-call-for-defunding-the-nsa-ahead-of-congress-vote/,success,direct,3955,1.562,
32269,http://mashable.com/2014/09/07/sharing-economy-job-search/,success,direct,6713,2.477,
27277,http://mashable.com/2014/06/18/phone-charging-myths/,success,direct,4123,1.559,
36520,http://mashable.com/2014/11/08/saudi-driving-ban-women/,success,direct,4144,1.658,
23534,http://mashable.com/2014/04/15/boston-bombing-newlyweds/,success,direct,1093,1.93,
10393,http://mashable.com/2013/07/23/twitter-tv-ads/,success,direct,903,1.45,
15662,http://mashable.com/2013/11/05/nfl-mascot-apologizes-tweet/,success,direct,1622,1.484,
33947,http://mashable.com/2014/10/02/st-lucia/,success,direct,6524,1.472,
38151,http://mashable.com/2014/12/03/google-recaptcha/,success,direct,2316,1.861,
4903,http://mashable.com/2013/04/04/lg-optimus-g-pro-japan/,success,direct,754,2.286,
8760,http://mashable.com/2013/06/21/disney-channel-original-movies/,success,direct,3847,2.275,
14049,http://mashable.com/2013/10/04/google-wireless-photo-frame/,success,direct,1329,1.551,
37569,http://mashable.com/2014/11/23/urbanspoon-athletes-favorite-restaraunts/,success,direct,748,2.17,
37050,http://mashable.com/2014/11/16/mh17-video/,success,direct,2374,1.46,
7251,http://mashable.com/2013/05/22/ip-commission-cispa/,success,direct,3393,2.28,
1418,http://mashable.com/2013/01/31/beyonce-super-bowl-halftime-show-video-rehearsal/,success,direct,1204,1.946,
8713,http://mashable.com/2013/06/20/instagram-video-dont-make-me-love-you/,success,direct,8170,1.582,
6314,http://mashable.com/2013/05/03/diet-coke-skinny-vending-machine/,success,direct,484,1.452,
17203,http://mashable.com/2013/12/08/smarty-ring/,success,direct,1182,1.444,
31101,http://mashable.com/2014/08/19/nomiku-kickstarter/,success,direct,2554,1.571,
6725,http://mashable.com/2013/05/11/top-10-tech-28/,success,direct,1081,1.564,
35429,http://mashable.com/2014/10/24/danny-devito-one-direction-steal-my-girl/,success,direct,839,1.347,
35744,http://mashable.com/2014/10/29/agent-carter-trailer-marvel/,success,direct,839,1.657,
12654,http://mashable.com/2013/09/07/klipsch-status-headphones/,success,direct,1332,2.375,
2207,http://mashable.com/2013/02/13/opera-is-moving-to-webkit/,success,direct,3345,1.379,
2554,http://mashable.com/2013/02/20/live-tweeted-c-section/,success,direct,1489,1.431,
9211,http://mashable.com/2013/07/01/egypt-protestors-laser-pointers/,success,direct,1536,1.462,
29082,http://mashable.com/2014/07/16/washington-city-paper-marijuana-fine/,success,direct,1358,1.442,
16507,http://mashable.com/2013/11/22/cloudboard-kickstarter/,success,direct,2603,1.489,
3441,http://mashable.com/2013/03/08/6-questions-kimberly-ovitz/,success,direct,2913,1.626,
32893,http://mashable.com/2014/09/16/ray-rice-appeal/,success,direct,2060,1.463,
24043,http://mashable.com/2014/04/23/russia-lavrov-ukraine-selfie/,success,direct,2397,1.562,
18794,http://mashable.com/2014/01/14/biathlete-sacrifice-twin-sister/,success,direct,2308,1.455,
35536,http://mashable.com/2014/10/26/old-sweater-diy/,success,direct,519,1.477,
24121,http://mashable.com/2014/04/24/satya-nadella-talks-about-his-vision-for-microsoft-on-earnings-call/,success,direct,2054,1.482,
26002,http://mashable.com/2014/05/29/beats-deal-we/,success,direct,3552,1.554,
14050,http://mashable.com/2013/10/04/got-talent-x-factor-youtube/,success,direct,1053,1.545,
7908,http://mashable.com/2013/06/05/girl-americas-talent/,success,direct,577,1.471,
3780,http://mashable.com/2013/03/14/aaron-swartz-freedom-of-information-award/,success,direct,1246,1.364,
33081,http://mashable.com/2014/09/19/fashion-police-continuing-without-joan-rivers/,success,direct,1117,1.446,
14763,http://mashable.com/2013/10/18/entrepreneurs-linkedin/,success,direct,7208,1.466,
31807,http://mashable.com/2014/08/30/marine-corps-chesty-bulldog-promoted/,success,direct,1402,1.536,
20467,http://mashable.com/2014/02/14/olympics-photo-day-seven/,success,direct,1379,1.463,
10320,http://mashable.com/2013/07/22/ron-burgundy-kevin-love/,success,direct,883,1.562,
21362,http://mashable.com/2014/03/04/oscars-by-the-numbers-ellen/,success,direct,1951,1.548,
19299,http://mashable.com/2014/01/24/canada-pleads-keep-bieber/,success,direct,977,1.453,
6524,http://mashable.com/2013/05/07/youtube-map-trends/,success,direct,921,1.861,
8739,http://mashable.com/2013/06/20/this-poster-makes-music/,success,direct,795,1.447,
18068,http://mashable.com/2013/12/27/10-year-treasury-bond/,success,direct,2400,1.047,
13826,http://mashable.com/2013/09/30/tina-fey-girls-snl/,success,direct,1584,1.538,
2342,http://mashable.com/2013/02/15/iron-man-blasts-bad-guys-in-free-ipad-app/,success,direct,1107,1.437,
30652,http://mashable.com/2014/08/11/reddit-ama-sean-bean-macklemore/,success,direct,2457,1.509,
11852,http://mashable.com/2013/08/21/mobile-malware-growing/,success,direct,3825,1.529,
6496,http://mashable.com/2013/05/07/mlb-matt-kemp-fan-video/,success,direct,674,1.517,
24371,http://mashable.com/2014/04/29/square-pre-orders-pickup/,success,direct,3111,1.496,
13902,http://mashable.com/2013/10/01/twitter-allen-co-ipo/,success,direct,1114,1.364,
30235,http://mashable.com/2014/08/04/robotic-fingers/,success,direct,2885,1.53,
19746,http://mashable.com/2014/02/02/bubbles-understanding-storms/,success,direct,1666,1.455,
23371,http://mashable.com/2014/04/11/earthquake-papua-new-guinea/,success,direct,830,1.453,
25348,http://mashable.com/2014/05/16/new-york-city-flash-flood/,success,direct,1753,1.36,
14469,http://mashable.com/2013/10/13/leafpeeping-fall-foliage/,success,direct,490,1.438,
18609,http://mashable.com/2014/01/09/minimalist-disneyland-posters/,success,direct,753,1.864,
5018,http://mashable.com/2013/04/08/elon-musk-sarah-palin/,success,direct,1535,1.427,
2949,http://mashable.com/2013/02/27/dennis-rodman-psy-twitter/,success,direct,1420,1.433,
20459,http://mashable.com/2014/02/14/ikea-valentines-day-chairs/,success,direct,717,1.506,
25600,http://mashable.com/2014/05/21/millions-of-bees-swarm-highway/,success,direct,1802,1.579,
11076,http://mashable.com/2013/08/07/3d-printed-shells-hermit-crabs/,success,direct,1886,1.485,
31355,http://mashable.com/2014/08/24/10-jobs-tech-digital/,success,direct,6848,1.397,
8568,http://mashable.com/2013/06/18/giant-snake-opens-door/,success,direct,849,1.543,
21771,http://mashable.com/2014/03/12/weather-whiplash-east-coast-storm/,success,direct,5234,1.452,
4165,http://mashable.com/2013/03/21/google-fiber-expanding/,success,direct,1269,1.56,
20679,http://mashable.com/2014/02/19/oculus-rift-documentary/,success,direct,1093,1.577,
5321,http://mashable.com/2013/04/13/linkedin-profile-tips/,success,direct,3399,1.561,
6742,http://mashable.com/2013/05/12/mom-and-kitty-pics/,success,direct,338,1.456,
30743,http://mashable.com/2014/08/12/wall-art-photo-challenge-roundup/,success,direct,740,1.556,
39333,http://mashable.com/2014/12/21/cristiano-ronaldo-statue/,success,direct,1801,1.311,
29916,http://mashable.com/2014/07/30/harry-potter-book-jackets/,success,direct,499,1.382,
25253,http://mashable.com/2014/05/15/beyonce-jay-z-solange-statement/,success,direct,1682,1.449,
312,http://mashable.com/2013/01/12/apple-considering-cheap-iphone/,success,direct,1928,1.551,
7070,http://mashable.com/2013/05/19/baby-bachelor/,success,direct,755,1.407,
15538,http://mashable.com/2013/11/02/instagram-tbt-celebrities/,success,direct,1711,1.333,
38148,http://mashable.com/2014/12/03/google-drive-office-files/,success,direct,1701,1.51,
15205,http://mashable.com/2013/10/27/skybluepink-brian-curtis/,success,direct,11336,1.049,
15519,http://mashable.com/2013/11/01/national-novel-writing-month-advice/,success,direct,541,1.451,
13004,http://mashable.com/2013/09/15/bose-qc20i-review/,success,direct,2962,1.554,
33929,http://mashable.com/2014/10/02/microsoft-universal-mobile-keyboard-review/,success,direct,5707,1.769,
23330,http://mashable.com/2014/04/10/real-stephen-colbert/,success,direct,1081,1.566,
35766,http://mashable.com/2014/10/29/ebola-on-airplanes/,success,direct,8376,1.556,
13433,http://mashable.com/2013/09/23/flipboard-raises-50-million/,success,direct,1080,1.591,
22762,http://mashable.com/2014/04/01/magnitude-8-0-earthquake-strikes-off-the-coast-of-chile/,success,direct,3500,1.424,
33103,http://mashable.com/2014/09/19/joan-rivers-iphone-6/,success,direct,577,1.618,
28359,http://mashable.com/2014/07/06/pink-floyd-new-album-endless-river-20-years-october/,success,direct,2832,1.476,
20722,http://mashable.com/2014/02/20/candy-crush-saga-addicts/,success,direct,5661,1.447,
12240,http://mashable.com/2013/08/29/childrens-book-quotes/,success,direct,527,1.449,
5536,http://mashable.com/2013/04/17/what-will-google-glass-do-to-our-brains/,success,direct,17453,1.556,
12481,http://mashable.com/2013/09/04/google-max-mosley-free-speech/,success,direct,2415,1.44,
14032,http://mashable.com/2013/10/03/washington-state-popcorn-fan/,success,direct,951,1.46,
5128,http://mashable.com/2013/04/09/wooly-mammoth/,success,wayback,287,20.246,
37394,http://mashable.com/2014/11/20/peter-pan-trailer-allison-williams/,success,direct,2968,1.425,
7706,http://mashable.com/2013/05/31/microsoft-exec-marijuana/,success,direct,1332,1.43,
16530,http://mashable.com/2013/11/22/navy-stealth-destroyer/,success,direct,4714,1.429,
15411,http://mashable.com/2013/10/30/spider-facts/,success,direct,947,1.475,
29288,http://mashable.com/2014/07/20/neil-patrick-harriss-heineken/,success,direct,1719,1.454,
31979,http://mashable.com/2014/09/03/daniel-ashley-pierce-teen-gay/,success,direct,1853,1.547,
11963,http://mashable.com/2013/08/23/dutch-designer-follows-the-postal-trail/,success,direct,1039,1.499,
38798,http://mashable.com/2014/12/12/cia-torture-report-people-where-are-they/,success,direct,1279,1.503,
5356,http://mashable.com/2013/04/15/astronauts-sleep-in-space/,success,direct,559,6.505,
21780,http://mashable.com/2014/03/13/apple-purchase-warning/,success,direct,1875,1.368,
19813,http://mashable.com/2014/02/03/real-time-marketings-epic-fail/,success,direct,3612,1.321,
20633,http://mashable.com/2014/02/18/trump-fires-aide-buzzfeed/,success,direct,2415,1.4,
15885,http://mashable.com/2013/11/09/velodyne-vquiet-review/,success,direct,4220,1.404,
14169,http://mashable.com/2013/10/07/obama-apple-store/,success,direct,992,1.48,
36759,http://mashable.com/2014/11/12/beats-solo-2-wireless-headphones/,success,direct,1768,1.345,
4032,http://mashable.com/2013/03/19/data-object-security/,success,direct,5166,1.474,
116,http://mashable.com/2013/01/09/facebook-stock-30/,success,direct,2618,1.413,
12340,http://mashable.com/2013/08/30/social-experiment-video/,success,direct,2289,1.476,
8171,http://mashable.com/2013/06/10/pandora-itunes-radio/,success,direct,2063,1.394,
6014,http://mashable.com/2013/04/26/the-bureau-xcom/,success,direct,2791,1.432,
28167,http://mashable.com/2014/07/02/gliese-832c-super-earth-venus/,success,direct,3228,1.431,
399,http://mashable.com/2013/01/14/justin-timberlake-suit-and-tie-jay-z/,success,direct,2431,1.457,
16954,http://mashable.com/2013/12/03/netflix-turbo-fast-premieres-december-24/,success,direct,2501,1.512,
12629,http://mashable.com/2013/09/06/syria-timeline-tweets/,success,direct,1382,1.38,
24482,http://mashable.com/2014/05/01/apple-earpods-iwatch/,success,direct,3427,1.393,
5697,http://mashable.com/2013/04/21/star-wars-60-seconds/,success,direct,888,1.435,
37853,http://mashable.com/2014/11/28/black-friday-protests-2014/,success,direct,12348,1.435,
16332,http://mashable.com/2013/11/19/lexus-vine/,success,direct,974,1.44,
25654,http://mashable.com/2014/05/22/codecademy-international/,success,direct,3664,1.441,
29160,http://mashable.com/2014/07/17/united-states-game-of-thrones-houses/,success,direct,656,1.404,
23651,http://mashable.com/2014/04/16/spider-man-x-men-movie/,success,direct,1756,1.401,
35401,http://mashable.com/2014/10/23/sony-xperia-z3v-review/,success,direct,9456,1.428,
2858,http://mashable.com/2013/02/25/volkswagen-hybrid-261-mpg/,success,direct,1229,1.424,
3785,http://mashable.com/2013/03/14/calculate-pi-real-pies/,success,direct,987,1.423,
23234,http://mashable.com/2014/04/09/facebook-right-rail-ads/,success,direct,1666,1.437,
16511,http://mashable.com/2013/11/22/dropbox-update-brief/,success,direct,628,1.371,
4615,http://mashable.com/2013/03/30/harlem-shake-corporations/,success,direct,12372,1.461,
20564,http://mashable.com/2014/02/17/groupon-presidents-day/,success,direct,1982,1.471,
27478,http://mashable.com/2014/06/21/how-to-organize-ideas/,success,direct,3300,1.422,
36881,http://mashable.com/2014/11/13/john-cook-intercept-gawker/,success,direct,1648,1.434,
37479,http://mashable.com/2014/11/21/spaceport-authority-future/,success,direct,2991,1.471,
5742,http://mashable.com/2013/04/22/seventh-woods-14-year-old/,success,direct,855,1.35,
37076,http://mashable.com/2014/11/17/commute-productivity-apps/,success,direct,6071,1.447,
39072,http://mashable.com/2014/12/17/7th-heaven-stephen-collins-child-molestation/,success,direct,2157,1.546,
12064,http://mashable.com/2013/08/26/assange-wikileaks-rap-video/,success,direct,2294,1.382,
20068,http://mashable.com/2014/02/07/russia-outlaws-bitcoin/,success,direct,927,1.434,
9056,http://mashable.com/2013/06/27/first-person-pac-man/,success,direct,984,1.762,
22719,http://mashable.com/2014/03/31/weirdest-chrome-extensions/,success,direct,537,1.379,
21331,http://mashable.com/2014/03/04/beyonce-drunk-love-emoji-video/,success,direct,594,1.644,
3593,http://mashable.com/2013/03/11/kids-harlem-shake/,success,direct,719,1.546,
36617,http://mashable.com/2014/11/10/kim-kardashians-hollywood-43-million/,success,direct,965,1.45,
8622,http://mashable.com/2013/06/19/entrepreneurs-america/,success,direct,2707,1.469,
12085,http://mashable.com/2013/08/26/no-more-microsoft-points/,success,direct,1043,1.446,
8042,http://mashable.com/2013/06/07/makerbot-factory-brooklyn/,success,direct,2425,1.447,
34275,http://mashable.com/2014/10/08/ghostbusters-reboot-female-cast/,success,direct,1708,1.438,
30305,http://mashable.com/2014/08/05/peter-dinklage-mullet-bazooka/,success,direct,870,1.472,
2828,http://mashable.com/2013/02/25/luxi/,success,direct,1328,1.472,
22531,http://mashable.com/2014/03/27/social-media-apps/,success,direct,5242,1.56,
24898,http://mashable.com/2014/05/08/nfl-draft-memories/,success,direct,1146,1.452,
25153,http://mashable.com/2014/05/13/santa-maria-columbus-found/,success,direct,2301,1.459,
18207,http://mashable.com/2014/01/01/diy-fears/,success,direct,425,1.354,
791,http://mashable.com/2013/01/21/online-coupons-business/,success,direct,1499,1.458,
9444,http://mashable.com/2013/07/05/fluorescent-polymer-prints/,success,direct,4438,1.436,
1270,http://mashable.com/2013/01/29/flip-book-gangnam-style/,success,direct,685,1.507,
17989,http://mashable.com/2013/12/24/inappropriate-elf-on-the-shelf/,success,direct,593,1.431,
39191,http://mashable.com/2014/12/18/misheard-lyrics-2014/,success,direct,326,1.427,
39103,http://mashable.com/2014/12/17/famous-cats-before-internet/,success,direct,362,1.358,
7565,http://mashable.com/2013/05/29/google-calendar-android/,success,direct,890,1.371,
26546,http://mashable.com/2014/06/06/vodafones-transparency-report-missing/,success,direct,4213,1.435,
39134,http://mashable.com/2014/12/17/obama-black-man-valet-people-magazine/,success,direct,786,1.461,
738,http://mashable.com/2013/01/20/resume-killers/,success,direct,5084,1.459,
2761,http://mashable.com/2013/02/24/learn-to-use-photoshop-free/,success,direct,2347,1.365,
35886,http://mashable.com/2014/10/30/maine-nurse-bike/,success,direct,3869,1.661,
27619,http://mashable.com/2014/06/24/facebook-teens-forrester/,success,direct,2112,1.437,
27948,http://mashable.com/2014/06/29/anger-facebook-emotion-manipulation-study/,success,direct,4054,0.779,
22271,http://mashable.com/2014/03/22/world-water-day-organizations/,success,direct,2565,1.491,
20887,http://mashable.com/2014/02/23/lg-unveils-g-pro-2-phablet-alongside-g2-mini-smartphone/,success,direct,2826,2.328,
7592,http://mashable.com/2013/05/29/sir-patrick-stewart-pizza/,success,direct,816,1.555,
17292,http://mashable.com/2013/12/10/electric-car-racing/,success,direct,1875,1.453,
19237,http://mashable.com/2014/01/23/conference-call-in-real-life/,success,direct,1352,1.677,
13610,http://mashable.com/2013/09/25/syria-conflict-refugees-citizen-voice/,success,direct,3823,1.526,
39264,http://mashable.com/2014/12/19/interview-posters-ebay/,success,direct,3486,1.408,
9389,http://mashable.com/2013/07/03/tiktakto/,success,direct,2911,1.978,
26168,http://mashable.com/2014/06/01/must-reads-5-31-14/,success,direct,4471,1.418,
37493,http://mashable.com/2014/11/22/11-stories-man-fell/,success,direct,1360,1.454,
13831,http://mashable.com/2013/09/30/vitamilk-dead-batteries/,success,direct,868,1.915,
39569,http://mashable.com/2014/12/25/nsa-surveillance-documents/,success,direct,3372,2.373,
24372,http://mashable.com/2014/04/29/star-spangled-banner-minor-key/,success,direct,564,1.448,
3568,http://mashable.com/2013/03/11/augment-app/,success,direct,1285,1.447,
5595,http://mashable.com/2013/04/18/stephen-colbert-accidental-racist/,success,direct,962,1.352,
24461,http://mashable.com/2014/04/30/spacex-falcon-9-reusable-landing/,success,direct,1933,1.461,
5836,http://mashable.com/2013/04/24/dummy-cities-to-test-drones/,success,direct,4234,1.394,
24640,http://mashable.com/2014/05/04/personality-types-promotions-work/,success,direct,3112,1.505,
6847,http://mashable.com/2013/05/14/larry-page-voice/,success,direct,5054,1.79,
9620,http://mashable.com/2013/07/09/la-domains/,success,direct,1148,0.812,
7411,http://mashable.com/2013/05/24/volkswagen-app-stops-video/,success,direct,774,1.508,
2448,http://mashable.com/2013/02/18/winter-free-runner/,success,direct,632,2.108,
8147,http://mashable.com/2013/06/10/google-waze-brief-2/,success,direct,562,1.447,
15875,http://mashable.com/2013/11/09/grenoble-tech/,success,direct,5979,1.985,
32281,http://mashable.com/2014/09/08/antonio-brown-karate-kid/,success,direct,954,1.446,
36988,http://mashable.com/2014/11/14/tiger-paris-france/,success,direct,3168,1.593,
29108,http://mashable.com/2014/07/17/first-amazon-fire-phone-ad/,success,direct,763,1.43,
32434,http://mashable.com/2014/09/09/small-batch-america-video/,success,direct,2752,1.662,
18169,http://mashable.com/2013/12/31/archos-activity-tracker/,success,direct,1296,1.515,
24095,http://mashable.com/2014/04/24/google-maps-street-view-time/,success,direct,239,1.404,
9606,http://mashable.com/2013/07/09/facebook-privacy-how-to/,success,direct,13772,1.769,
24505,http://mashable.com/2014/05/01/justin-bieber-rob-ford-crack/,success,direct,1382,1.454,
21821,http://mashable.com/2014/03/13/samsung-galaxy-note-pro-review/,success,direct,13317,1.404,
8786,http://mashable.com/2013/06/21/phones-takoff-landing/,success,direct,1890,1.384,
30145,http://mashable.com/2014/08/02/paul-george-injury/,success,direct,4975,1.501,
4884,http://mashable.com/2013/04/04/game-of-thrones-social-media-fandom-as-big-as-westeros/,success,direct,1653,2.31,
23010,http://mashable.com/2014/04/04/twitter-major-ad-push/,success,direct,1901,1.566,
10812,http://mashable.com/2013/08/01/back-to-school-past/,success,direct,1185,1.452,
5183,http://mashable.com/2013/04/10/storyworth/,success,direct,2333,1.478,
29811,http://mashable.com/2014/07/29/amazon-price-ebook/,success,direct,2412,1.413,
24956,http://mashable.com/2014/05/09/mariupol-eastern-ukraine-victory-day/,success,direct,8168,2.039,
35833,http://mashable.com/2014/10/29/world-series-champs/,success,direct,3359,1.405,
39087,http://mashable.com/2014/12/17/church-of-england-female-bishop/,success,direct,3213,1.555,
8409,http://mashable.com/2013/06/14/candy-crush-movie-trailer/,success,direct,439,1.544,
25357,http://mashable.com/2014/05/16/real-life-wolverine/,success,direct,905,1.551,
9577,http://mashable.com/2013/07/08/toddler-pinterest-style/,success,direct,2573,1.442,
3378,http://mashable.com/2013/03/07/customer-service-twitter-handles/,success,direct,1650,1.376,
15550,http://mashable.com/2013/11/02/virgin-america-electronic-devices/,success,direct,1703,1.36,
27831,http://mashable.com/2014/06/26/throwback-tunesday-chromeo/,success,direct,8809,1.689,
28550,http://mashable.com/2014/07/09/gadget-free-alone-time/,success,direct,4068,1.424,
5231,http://mashable.com/2013/04/11/pc-sales-brief/,success,direct,573,1.307,
9464,http://mashable.com/2013/07/05/simcity-survey-offline-mode/,success,direct,2026,1.416,
37033,http://mashable.com/2014/11/16/best-selfie-2014/,success,direct,1615,1.897,
28254,http://mashable.com/2014/07/03/hurricane-arthur-instagram/,success,direct,648,1.483,
2043,http://mashable.com/2013/02/11/kobe-bryant-twitter-fans-gay/,success,direct,2090,1.402,
4093,http://mashable.com/2013/03/20/email-scam-red-flags/,success,direct,4318,1.38,
11893,http://mashable.com/2013/08/22/crowdsourced-tourism/,success,direct,7035,1.513,
35524,http://mashable.com/2014/10/26/ebola-quarantine-health-care-workers-volunteer/,success,direct,4049,1.497,
11733,http://mashable.com/2013/08/19/sex-online-teens/,success,direct,4034,1.62,
34577,http://mashable.com/2014/10/12/spooky-books/,success,direct,549,1.351,
26082,http://mashable.com/2014/05/30/bipedal-robot-velociraptor/,success,direct,867,1.549,
39290,http://mashable.com/2014/12/19/st-louis-prosecuter-witness-lied/,success,direct,5716,1.429,
1681,http://mashable.com/2013/02/05/att-ad-targeting-commercials/,success,direct,4267,1.408,
28856,http://mashable.com/2014/07/14/germany-world-cup-brands/,success,direct,2735,1.369,
38221,http://mashable.com/2014/12/04/de-blasio-eric-garner-radio/,success,direct,1860,1.394,
31974,http://mashable.com/2014/09/03/cma-awards-nominations-albums-music-videos/,success,direct,3213,1.4,
8763,http://mashable.com/2013/06/21/france-amazon-books/,success,direct,1752,1.537,
12263,http://mashable.com/2013/08/29/man-of-steel-sequal-michigan/,success,direct,2021,1.455,
24925,http://mashable.com/2014/05/09/9-mini-video-games/,success,direct,446,1.567,
5780,http://mashable.com/2013/04/23/cycles-of-life-comic/,success,direct,455,1.551,
28728,http://mashable.com/2014/07/11/inspiring-selfie-time-lapse/,success,direct,1971,1.352,
28140,http://mashable.com/2014/07/02/100-dates-of-summer/,success,direct,2587,1.534,
16614,http://mashable.com/2013/11/25/cyberattack-leads-to-heist-of-1-million-in-bitcoin/,success,direct,3513,1.517,
32750,http://mashable.com/2014/09/14/senior-year-career-prep/,success,direct,14258,1.44,
15020,http://mashable.com/2013/10/23/halloween-digital-makeover/,success,direct,833,1.493,
15306,http://mashable.com/2013/10/29/halloween-mashups/,success,direct,676,1.664,
18457,http://mashable.com/2014/01/07/china-lifts-ban-game-consoles/,success,direct,2079,1.452,
38841,http://mashable.com/2014/12/12/universal-pre-k-early-education/,success,direct,8989,1.412,
17867,http://mashable.com/2013/12/20/marketing-resolutions-brandspeak/,success,direct,3402,1.709,
14471,http://mashable.com/2013/10/13/new-york-comic-con-breaks/,success,direct,504,1.407,
27641,http://mashable.com/2014/06/24/luis-suarez/,success,direct,671,1.379,
3245,http://mashable.com/2013/03/05/dryer-sheet-dog/,success,direct,805,1.52,
