id,score,popularity_class
0,12914,3
1,5879,3
2,5357,3
3,5305,3
4,4947,3
5,4613,3
6,4189,3
7,4096,3
8,4000,3
9,3991,3
10,3912,3
11,3778,3
12,3758,3
13,3685,3
14,3662,3
15,3559,3
16,3535,3
17,3482,3
18,3469,3
19,3448,3
20,3443,3
21,3435,3
22,3408,3
23,3405,3
24,3405,3
25,3369,3
26,3369,3
27,3319,3
28,3301,3
29,3279,3
30,3242,3
31,3197,3
32,3204,3
33,3181,3
34,3147,3
35,3125,3
36,3121,3
37,3057,3
38,3051,3
39,3041,3
40,3041,3
41,3035,3
42,3042,3
43,3014,3
44,3014,3
45,2973,3
46,2937,3
47,2937,3
48,2929,3
49,2897,3
50,2887,3
51,2888,3
52,2871,3
53,2850,3
54,2849,3
55,2848,3
56,2853,3
57,2845,3
58,2845,3
59,2820,3
60,2826,3
61,2814,3
62,2792,3
63,2781,3
64,2785,3
65,2779,3
66,2768,3
67,2763,3
68,2760,3
69,2756,3
70,2743,3
71,2738,3
72,2746,3
73,2738,3
74,2720,3
75,2716,3
76,2719,3
77,2711,3
78,2714,3
79,2714,3
80,2708,3
81,2688,3
82,2687,3
83,2676,3
84,2668,3
85,2668,3
86,2666,3
87,2661,3
88,2649,3
89,2648,3
90,2631,3
91,2631,3
92,2623,3
93,2627,3
94,2625,3
95,2628,3
96,2617,3
97,2615,3
98,2609,3
99,2600,3
100,2605,3
101,2603,3
102,2604,3
103,2595,3
104,2590,3
105,2578,3
106,2572,3
107,2565,3
108,2572,3
109,2568,3
110,2559,3
111,2562,3
112,2561,3
113,2544,3
114,2549,3
115,2547,3
116,2537,3
117,2541,3
118,2534,3
119,2539,3
120,2536,3
121,2532,3
122,2528,3
123,2532,3
124,2523,3
125,2523,3
126,2504,3
127,2511,3
128,2503,3
129,2504,3
130,2499,3
131,2494,3
132,2496,3
133,2491,3
134,2493,3
135,2489,3
136,2497,3
137,2488,3
138,2493,3
139,2481,3
140,2482,3
141,2480,3
142,2477,3
143,2467,3
144,2463,3
145,2464,3
146,2469,3
147,2464,3
148,2460,3
149,2453,3
150,2453,3
151,2457,3
152,2459,3
153,2449,3
154,2443,3
155,2444,3
156,2450,3
157,2441,3
158,2432,3
159,2436,3
160,2439,3
161,2435,3
162,2434,3
163,2428,3
164,2427,3
165,2431,3
166,2424,3
167,2425,3
168,2425,3
169,2423,3
170,2423,3
171,2420,3
172,2416,3
173,2418,3
174,2416,3
175,2408,3
176,2405,3
177,2410,3
178,2406,3
179,2405,3
180,2397,3
181,2406,3
182,2404,3
183,2398,3
184,2397,3
185,2393,3
186,2389,3
187,2386,3
188,2393,3
189,2386,3
190,2383,3
191,2384,3
192,2385,3
193,2383,3
194,2388,3
195,2375,3
196,2383,3
197,2369,3
198,2371,3
199,2371,3
200,2369,3
201,2363,3
202,2361,3
203,2359,3
204,2359,3
205,2360,3
206,2357,3
207,2353,3
208,2357,3
209,2354,3
210,2351,3
211,2347,3
212,2349,3
213,2344,3
214,2347,3
215,2341,3
216,2345,3
217,2336,3
218,2333,3
219,2336,3
220,2337,3
221,2334,3
222,2329,3
223,2330,3
224,2331,3
225,2332,3
226,2323,3
227,2322,3
228,2327,3
229,2318,3
230,2322,3
231,2327,3
232,2320,3
233,2314,3
234,2312,3
235,2318,3
236,2309,3
237,2311,3
238,2309,3
239,2307,3
240,2314,3
241,2310,3
242,2308,3
243,2308,3
244,2299,2
245,2304,3
246,2302,3
247,2310,3
248,2305,3
249,2303,3
250,2302,3
251,2305,3
252,2295,2
253,2294,2
254,2291,2
255,2294,2
256,2286,2
257,2291,2
258,2292,2
259,2288,2
260,2287,2
261,2285,2
262,2283,2
263,2280,2
264,2269,2
265,2279,2
266,2276,2
267,2268,2
268,2275,2
269,2271,2
270,2269,2
271,2274,2
272,2264,2
273,2274,2
274,2269,2
275,2267,2
276,2266,2
277,2263,2
278,2265,2
279,2262,2
280,2263,2
281,2261,2
282,2261,2
283,2256,2
284,2255,2
285,2250,2
286,2248,2
287,2250,2
288,2250,2
289,2244,2
290,2249,2
291,2246,2
292,2243,2
293,2247,2
294,2236,2
295,2241,2
296,2238,2
297,2236,2
298,2242,2
299,2236,2
300,2239,2
301,2236,2
302,2239,2
303,2239,2
304,2241,2
305,2238,2
306,2229,2
307,2229,2
308,2239,2
309,2231,2
310,2234,2
311,2229,2
312,2230,2
313,2221,2
314,2228,2
315,2227,2
316,2218,2
317,2226,2
318,2225,2
319,2221,2
320,2223,2
321,2216,2
322,2224,2
323,2217,2
324,2222,2
325,2215,2
326,2213,2
327,2213,2
328,2211,2
329,2216,2
330,2210,2
331,2203,2
332,2210,2
333,2202,2
334,2197,2
335,2198,2
336,2207,2
337,2195,2
338,2199,2
339,2197,2
340,2202,2
341,2199,2
342,2190,2
343,2195,2
344,2191,2
345,2190,2
346,2192,2
347,2193,2
348,2189,2
349,2186,2
350,2180,2
351,2185,2
352,2179,2
353,2184,2
354,2184,2
355,2176,2
356,2179,2
357,2180,2
358,2179,2
359,2176,2
360,2173,2
361,2173,2
362,2170,2
363,2168,2
364,2167,2
365,2166,2
366,2166,2
367,2165,2
368,2161,2
369,2165,2
370,2169,2
371,2161,2
372,2159,2
373,2156,2
374,2162,2
375,2154,2
376,2154,2
377,2149,2
378,2154,2
379,2157,2
380,2153,2
381,2149,2
382,2153,2
383,2143,2
384,2142,2
385,2146,2
386,2145,2
387,2145,2
388,2142,2
389,2145,2
390,2137,2
391,2141,2
392,2139,2
393,2133,2
394,2133,2
395,2135,2
396,2130,2
397,2136,2
398,2134,2
399,2132,2
400,2129,2
401,2137,2
402,2134,2
403,2132,2
404,2129,2
405,2130,2
406,2125,2
407,2131,2
408,2129,2
409,2127,2
410,2128,2
411,2123,2
412,2125,2
413,2122,2
414,2126,2
415,2125,2
416,2127,2
417,2121,2
418,2120,2
419,2116,2
420,2125,2
421,2118,2
422,2120,2
423,2119,2
424,2123,2
425,2118,2
426,2117,2
427,2114,2
428,2117,2
429,2115,2
430,2117,2
431,2113,2
432,2115,2
433,2114,2
434,2117,2
435,2109,2
436,2108,2
437,2108,2
438,2106,2
439,2113,2
440,2110,2
441,2109,2
442,2109,2
443,2111,2
444,2105,2
445,2106,2
446,2108,2
447,2105,2
448,2100,2
449,2105,2
450,2103,2
451,2100,2
452,2101,2
453,2098,2
454,2105,2
455,2099,2
456,2097,2
457,2098,2
458,2100,2
459,2090,2
460,2096,2
461,2098,2
462,2093,2
463,2099,2
464,2099,2
465,2091,2
466,2093,2
467,2090,2
468,2090,2
469,2094,2
470,2089,2
471,2092,2
472,2089,2
473,2087,2
474,2083,2
475,2085,2
476,2083,2
477,2081,2
478,2082,2
479,2083,2
480,2086,2
481,2075,2
482,2084,2
483,2084,2
484,2082,2
485,2079,2
486,2073,2
487,2072,2
488,2076,2
489,2079,2
490,2080,2
491,2072,2
492,2068,1
493,2067,1
494,2076,2
495,2076,2
496,2069,2
497,2077,2
498,2074,2
499,2066,1
500,2068,1
501,2069,2
502,2069,2
503,2069,2
504,2064,1
505,2066,1
506,2069,2
507,2061,1
508,2064,1
509,2064,1
510,2058,1
511,2058,1
512,2060,1
513,2059,1
514,2058,1
515,2056,1
516,2056,1
517,2053,1
518,2053,1
519,2051,1
520,2054,1
521,2052,1
522,2050,1
523,2050,1
524,2056,1
525,2053,1
526,2048,1
527,2052,1
528,2050,1
529,2051,1
530,2052,1
531,2056,1
532,2053,1
533,2043,1
534,2052,1
535,2046,1
536,2048,1
537,2042,1
538,2046,1
539,2046,1
540,2048,1
541,2042,1
542,2040,1
543,2047,1
544,2043,1
545,2042,1
546,2042,1
547,2039,1
548,2041,1
549,2043,1
550,2032,1
551,2036,1
552,2041,1
553,2035,1
554,2038,1
555,2031,1
556,2028,1
557,2033,1
558,2038,1
559,2036,1
560,2027,1
561,2037,1
562,2034,1
563,2030,1
564,2030,1
565,2032,1
566,2023,1
567,2021,1
568,2026,1
569,2027,1
570,2022,1
571,2025,1
572,2023,1
573,2024,1
574,2017,1
575,2024,1
576,2021,1
577,2020,1
578,2026,1
579,2020,1
580,2022,1
581,2024,1
582,2022,1
583,2025,1
584,2016,1
585,2021,1
586,2016,1
587,2017,1
588,2014,1
589,2015,1
590,2013,1
591,2022,1
592,2016,1
593,2018,1
594,2017,1
595,2015,1
596,2016,1
597,2012,1
598,2009,1
599,2013,1
600,2009,1
601,2016,1
602,2005,1
603,2013,1
604,2013,1
605,2008,1
606,2005,1
607,2012,1
608,2007,1
609,2009,1
610,2004,1
611,2006,1
612,2000,1
613,2004,1
614,2005,1
615,2000,1
616,1997,1
617,2002,1
618,1997,1
619,1996,1
620,2000,1
621,1996,1
622,1995,1
623,2001,1
624,1997,1
625,1996,1
626,1994,1
627,1995,1
628,1992,1
629,1993,1
630,1987,1
631,1986,1
632,1995,1
633,1993,1
634,1996,1
635,1987,1
636,1993,1
637,1992,1
638,1984,1
639,1981,1
640,1984,1
641,1986,1
642,1986,1
643,1984,1
644,1986,1
645,1987,1
646,1989,1
647,1989,1
648,1987,1
649,1983,1
650,1981,1
651,1989,1
652,1985,1
653,1979,1
654,1987,1
655,1980,1
656,1981,1
657,1981,1
658,1981,1
659,1977,1
660,1982,1
661,1978,1
662,1978,1
663,1978,1
664,1973,1
665,1974,1
666,1980,1
667,1979,1
668,1973,1
669,1973,1
670,1976,1
671,1972,1
672,1971,1
673,1970,1
674,1971,1
675,1975,1
676,1964,1
677,1972,1
678,1972,1
679,1973,1
680,1970,1
681,1975,1
682,1970,1
683,1966,1
684,1967,1
685,1968,1
686,1970,1
687,1972,1
688,1966,1
689,1969,1
690,1966,1
691,1970,1
692,1964,1
693,1969,1
694,1966,1
695,1962,1
696,1959,1
697,1958,1
698,1960,1
699,1958,1
700,1962,1
701,1960,1
702,1959,1
703,1956,1
704,1960,1
705,1955,1
706,1954,1
707,1955,1
708,1956,1
709,1960,1
710,1952,1
711,1952,1
712,1958,1
713,1951,1
714,1951,1
715,1954,1
716,1951,1
717,1955,1
718,1958,1
719,1951,1
720,1952,1
721,1947,1
722,1952,1
723,1951,1
724,1948,1
725,1941,1
726,1946,1
727,1948,1
728,1944,1
729,1942,1
730,1943,1
731,1941,1
732,1939,1
733,1945,1
734,1942,1
735,1941,1
736,1939,1
737,1939,1
738,1936,1
739,1936,1
740,1942,1
741,1938,1
742,1935,1
743,1939,1
744,1944,1
745,1936,1
746,1937,1
747,1934,0
748,1931,0
749,1934,0
750,1937,1
751,1932,0
752,1936,1
753,1936,1
754,1930,0
755,1931,0
756,1930,0
757,1927,0
758,1931,0
759,1925,0
760,1929,0
761,1930,0
762,1929,0
763,1926,0
764,1932,0
765,1931,0
766,1930,0
767,1925,0
768,1925,0
769,1931,0
770,1924,0
771,1927,0
772,1928,0
773,1921,0
774,1924,0
775,1920,0
776,1919,0
777,1926,0
778,1924,0
779,1918,0
780,1921,0
781,1916,0
782,1920,0
783,1915,0
784,1917,0
785,1916,0
786,1915,0
787,1917,0
788,1920,0
789,1917,0
790,1916,0
791,1917,0
792,1912,0
793,1913,0
794,1912,0
795,1915,0
796,1912,0
797,1913,0
798,1914,0
799,1911,0
800,1907,0
801,1903,0
802,1903,0
803,1910,0
804,1905,0
805,1911,0
806,1906,0
807,1906,0
808,1907,0
809,1907,0
810,1902,0
811,1902,0
812,1905,0
813,1905,0
814,1902,0
815,1901,0
816,1902,0
817,1898,0
818,1898,0
819,1899,0
820,1899,0
821,1898,0
822,1901,0
823,1896,0
824,1892,0
825,1899,0
826,1897,0
827,1900,0
828,1899,0
829,1897,0
830,1895,0
831,1894,0
832,1893,0
833,1894,0
834,1895,0
835,1893,0
836,1891,0
837,1894,0
838,1891,0
839,1892,0
840,1888,0
841,1897,0
842,1890,0
843,1893,0
844,1890,0
845,1893,0
846,1896,0
847,1885,0
848,1892,0
849,1888,0
850,1890,0
851,1884,0
852,1886,0
853,1890,0
854,1890,0
855,1887,0
856,1885,0
857,1886,0
858,1880,0
859,1885,0
860,1882,0
861,1882,0
862,1885,0
863,1885,0
864,1880,0
865,1882,0
866,1882,0
867,1880,0
868,1878,0
869,1877,0
870,1881,0
871,1883,0
872,1880,0
873,1877,0
874,1880,0
875,1872,0
876,1879,0
877,1879,0
878,1880,0
879,1875,0
880,1875,0
881,1872,0
882,1876,0
883,1873,0
884,1875,0
885,1876,0
886,1871,0
887,1871,0
888,1867,0
889,1869,0
890,1868,0
891,1866,0
892,1870,0
893,1869,0
894,1872,0
895,1868,0
896,1870,0
897,1871,0
898,1868,0
899,1867,0
900,1868,0
901,1866,0
902,1861,0
903,1863,0
904,1868,0
905,1866,0
906,1863,0
907,1865,0
908,1871,0
909,1870,0
910,1864,0
911,1858,0
912,1862,0
913,1866,0
914,1863,0
915,1863,0
916,1866,0
917,1862,0
918,1859,0
919,1866,0
920,1861,0
921,1863,0
922,1858,0
923,1862,0
924,1857,0
925,1859,0
926,1854,0
927,1854,0
928,1855,0
929,1859,0
930,1859,0
931,1858,0
932,1857,0
933,1852,0
934,1852,0
935,1855,0
936,1851,0
937,1856,0
938,1857,0
939,1854,0
940,1848,0
941,1852,0
942,1853,0
943,1850,0
944,1845,0
945,1844,0
946,1850,0
947,1851,0
948,1845,0
949,1852,0
950,1851,0
951,1847,0
952,1846,0
953,1852,0
954,1849,0
955,1849,0
956,1846,0
957,1844,0
958,1845,0
959,1845,0
960,1849,0
961,1845,0
962,1849,0
963,1847,0
964,1848,0
965,1842,0
966,1843,0
967,1847,0
968,1849,0
969,1843,0
970,1842,0
971,1848,0
972,1843,0
973,1847,0
974,1840,0
975,1840,0
976,1848,0
977,1842,0
978,1841,0
979,1838,0
980,1834,0
981,1840,0
982,1840,0
983,1841,0
984,1836,0
985,1843,0
986,1842,0
987,1836,0
988,1838,0
989,1837,0
990,1838,0
991,1835,0
992,1837,0
993,1840,0
994,1837,0
995,1840,0
996,1832,0
997,1835,0
998,1831,0
999,1825,0
1000,3073,3
1001,2748,3
1002,2665,3
1003,1896,3
1004,1384,3
1005,1353,3
1006,1246,3
1007,1236,3
1008,1189,3
1009,1124,3
1010,1113,3
1011,1073,3
1012,1012,3
1013,984,3
1014,946,3
1015,911,3
1016,882,3
1017,870,3
1018,861,3
1019,861,3
1020,856,3
1021,843,3
1022,835,3
1023,822,3
1024,822,3
1025,801,3
1026,781,3
1027,777,3
1028,761,3
1029,766,3
1030,750,3
1031,736,3
1032,738,3
1033,716,3
1034,706,3
1035,695,3
1036,696,3
1037,682,3
1038,681,3
1039,663,3
1040,655,3
1041,650,3
1042,652,3
1043,644,3
1044,636,3
1045,627,3
1046,630,3
1047,625,3
1048,607,3
1049,604,3
1050,599,3
1051,597,3
1052,589,3
1053,586,3
1054,580,3
1055,576,3
1056,569,3
1057,563,3
1058,556,3
1059,556,3
1060,554,3
1061,545,3
1062,548,3
1063,536,3
1064,525,3
1065,525,3
1066,528,3
1067,523,3
1068,525,3
1069,522,3
1070,525,3
1071,525,3
1072,519,3
1073,512,3
1074,514,3
1075,511,3
1076,511,3
1077,506,3
1078,500,3
1079,497,3
1080,496,3
1081,501,3
1082,498,3
1083,498,3
1084,490,3
1085,495,3
1086,488,3
1087,491,3
1088,488,3
1089,483,3
1090,481,3
1091,474,3
1092,474,3
1093,476,3
1094,479,3
1095,468,3
1096,469,3
1097,468,3
1098,458,3
1099,462,3
1100,463,3
1101,461,3
1102,451,3
1103,449,3
1104,445,3
1105,448,3
1106,444,3
1107,436,3
1108,436,3
1109,428,3
1110,428,3
1111,420,3
1112,422,3
1113,416,3
1114,415,3
1115,412,3
1116,414,3
1117,407,3
1118,409,3
1119,400,3
1120,405,3
1121,407,3
1122,401,3
1123,392,3
1124,395,3
1125,395,3
1126,388,3
1127,396,3
1128,391,3
1129,389,3
1130,390,3
1131,381,3
1132,388,3
1133,383,3
1134,378,3
1135,376,3
1136,383,3
1137,371,3
1138,372,3
1139,374,3
1140,373,3
1141,370,3
1142,368,3
1143,373,3
1144,368,3
1145,361,3
1146,360,3
1147,360,3
1148,360,3
1149,362,3
1150,363,3
1151,352,3
1152,358,3
1153,354,3
1154,348,3
1155,352,3
1156,343,3
1157,340,3
1158,344,3
1159,342,3
1160,345,3
1161,345,3
1162,342,3
1163,345,3
1164,340,3
1165,343,3
1166,335,3
1167,333,3
1168,332,3
1169,336,3
1170,333,3
1171,333,3
1172,333,3
1173,327,3
1174,327,3
1175,331,3
1176,329,3
1177,329,3
1178,327,3
1179,327,3
1180,327,3
1181,326,3
1182,322,3
1183,321,3
1184,322,3
1185,324,3
1186,318,3
1187,316,3
1188,320,3
1189,315,3
1190,318,3
1191,321,3
1192,316,3
1193,317,3
1194,317,3
1195,309,3
1196,314,3
1197,311,3
1198,307,3
1199,308,3
1200,304,3
1201,305,3
1202,301,3
1203,306,3
1204,302,3
1205,304,3
1206,298,3
1207,295,3
1208,299,3
1209,297,3
1210,296,3
1211,296,3
1212,293,3
1213,290,3
1214,295,3
1215,293,3
1216,293,3
1217,290,3
1218,289,3
1219,287,3
1220,285,3
1221,288,3
1222,290,3
1223,286,3
1224,286,3
1225,286,3
1226,283,3
1227,282,3
1228,282,3
1229,283,3
1230,282,3
1231,281,3
1232,276,3
1233,274,3
1234,272,3
1235,270,3
1236,278,3
1237,276,3
1238,272,3
1239,270,3
1240,272,3
1241,274,3
1242,274,3
1243,269,3
1244,268,3
1245,269,3
1246,265,2
1247,269,3
1248,268,3
1249,266,2
1250,268,3
1251,266,2
1252,268,3
1253,263,2
1254,264,2
1255,266,2
1256,267,2
1257,263,2
1258,260,2
1259,260,2
1260,259,2
1261,263,2
1262,262,2
1263,258,2
1264,254,2
1265,259,2
1266,258,2
1267,257,2
1268,260,2
1269,254,2
1270,252,2
1271,250,2
1272,255,2
1273,252,2
1274,255,2
1275,254,2
1276,248,2
1277,250,2
1278,254,2
1279,246,2
1280,251,2
1281,247,2
1282,247,2
1283,249,2
1284,246,2
1285,245,2
1286,247,2
1287,245,2
1288,247,2
1289,247,2
1290,243,2
1291,244,2
1292,245,2
1293,242,2
1294,238,2
1295,239,2
1296,242,2
1297,243,2
1298,239,2
1299,240,2
1300,240,2
1301,238,2
1302,237,2
1303,235,2
1304,232,2
1305,237,2
1306,231,2
1307,238,2
1308,232,2
1309,233,2
1310,236,2
1311,234,2
1312,229,2
1313,233,2
1314,234,2
1315,231,2
1316,234,2
1317,232,2
1318,229,2
1319,229,2
1320,227,2
1321,224,2
1322,225,2
1323,230,2
1324,226,2
1325,224,2
1326,223,2
1327,223,2
1328,223,2
1329,225,2
1330,225,2
1331,227,2
1332,222,2
1333,225,2
1334,222,2
1335,221,2
1336,223,2
1337,224,2
1338,220,2
1339,220,2
1340,217,2
1341,220,2
1342,215,2
1343,218,2
1344,221,2
1345,243,2
1346,218,2
1347,220,2
1348,219,2
1349,217,2
1350,213,2
1351,217,2
1352,214,2
1353,212,2
1354,212,2
1355,213,2
1356,210,2
1357,207,2
1358,212,2
1359,208,2
1360,208,2
1361,207,2
1362,207,2
1363,209,2
1364,207,2
1365,209,2
1366,205,2
1367,207,2
1368,206,2
1369,209,2
1370,204,2
1371,205,2
1372,201,2
1373,198,2
1374,204,2
1375,201,2
1376,200,2
1377,202,2
1378,203,2
1379,196,2
1380,198,2
1381,203,2
1382,198,2
1383,197,2
1384,200,2
1385,198,2
1386,196,2
1387,198,2
1388,194,2
1389,200,2
1390,199,2
1391,194,2
1392,198,2
1393,192,2
1394,193,2
1395,192,2
1396,191,2
1397,192,2
1398,193,2
1399,193,2
1400,189,2
1401,191,2
1402,192,2
1403,190,2
1404,191,2
1405,189,2
1406,189,2
1407,186,2
1408,189,2
1409,188,2
1410,186,2
1411,190,2
1412,184,2
1413,182,2
1414,185,2
1415,181,2
1416,185,2
1417,183,2
1418,182,2
1419,182,2
1420,184,2
1421,182,2
1422,186,2
1423,180,2
1424,180,2
1425,183,2
1426,182,2
1427,183,2
1428,182,2
1429,178,2
1430,180,2
1431,181,2
1432,176,2
1433,176,2
1434,180,2
1435,180,2
1436,179,2
1437,179,2
1438,178,2
1439,180,2
1440,180,2
1441,176,2
1442,174,2
1443,178,2
1444,178,2
1445,176,2
1446,175,2
1447,179,2
1448,173,2
1449,174,2
1450,180,2
1451,172,2
1452,172,2
1453,175,2
1454,173,2
1455,173,2
1456,175,2
1457,174,2
1458,171,2
1459,173,2
1460,176,2
1461,177,2
1462,175,2
1463,173,2
1464,172,2
1465,175,2
1466,171,2
1467,168,2
1468,176,2
1469,172,2
1470,172,2
1471,170,2
1472,172,2
1473,172,2
1474,168,2
1475,169,2
1476,168,2
1477,169,2
1478,167,2
1479,170,2
1480,169,2
1481,170,2
1482,168,2
1483,165,2
1484,168,2
1485,168,2
1486,167,2
1487,169,2
1488,168,2
1489,169,2
1490,165,2
1491,170,2
1492,165,2
1493,170,2
1494,168,2
1495,166,2
1496,161,1
1497,165,2
1498,166,2
1499,164,1
1500,165,2
1501,164,1
1502,165,2
1503,163,1
1504,166,2
1505,164,1
1506,164,1
1507,164,1
1508,165,2
1509,164,1
1510,162,1
1511,162,1
1512,165,2
1513,163,1
1514,159,1
1515,162,1
1516,164,1
1517,160,1
1518,161,1
1519,158,1
1520,161,1
1521,162,1
1522,165,2
1523,163,1
1524,160,1
1525,160,1
1526,164,1
1527,159,1
1528,159,1
1529,160,1
1530,161,1
1531,159,1
1532,163,1
1533,160,1
1534,162,1
1535,158,1
1536,159,1
1537,159,1
1538,154,1
1539,159,1
1540,160,1
1541,157,1
1542,156,1
1543,157,1
1544,157,1
1545,158,1
1546,154,1
1547,155,1
1548,157,1
1549,152,1
1550,154,1
1551,157,1
1552,158,1
1553,159,1
1554,156,1
1555,158,1
1556,156,1
1557,158,1
1558,157,1
1559,155,1
1560,156,1
1561,154,1
1562,154,1
1563,151,1
1564,154,1
1565,156,1
1566,153,1
1567,150,1
1568,153,1
1569,152,1
1570,153,1
1571,154,1
1572,151,1
1573,151,1
1574,150,1
1575,155,1
1576,150,1
1577,153,1
1578,150,1
1579,151,1
1580,155,1
1581,151,1
1582,153,1
1583,152,1
1584,150,1
1585,150,1
1586,148,1
1587,149,1
1588,150,1
1589,150,1
1590,152,1
1591,152,1
1592,148,1
1593,149,1
1594,150,1
1595,148,1
1596,149,1
1597,147,1
1598,144,1
1599,149,1
1600,150,1
1601,146,1
1602,149,1
1603,149,1
1604,152,1
1605,147,1
1606,147,1
1607,148,1
1608,148,1
1609,147,1
1610,144,1
1611,149,1
1612,146,1
1613,145,1
1614,144,1
1615,149,1
1616,145,1
1617,143,1
1618,143,1
1619,143,1
1620,144,1
1621,145,1
1622,143,1
1623,143,1
1624,145,1
1625,142,1
1626,145,1
1627,143,1
1628,144,1
1629,141,1
1630,142,1
1631,142,1
1632,141,1
1633,143,1
1634,139,1
1635,142,1
1636,142,1
1637,144,1
1638,143,1
1639,142,1
1640,140,1
1641,141,1
1642,143,1
1643,145,1
1644,142,1
1645,141,1
1646,141,1
1647,140,1
1648,139,1
1649,140,1
1650,136,1
1651,142,1
1652,137,1
1653,136,1
1654,137,1
1655,137,1
1656,140,1
1657,137,1
1658,140,1
1659,136,1
1660,138,1
1661,139,1
1662,135,1
1663,134,1
1664,134,1
1665,135,1
1666,135,1
1667,131,1
1668,138,1
1669,138,1
1670,135,1
1671,138,1
1672,136,1
1673,134,1
1674,135,1
1675,134,1
1676,136,1
1677,135,1
1678,136,1
1679,132,1
1680,135,1
1681,131,1
1682,133,1
1683,130,1
1684,130,1
1685,134,1
1686,131,1
1687,131,1
1688,132,1
1689,131,1
1690,129,1
1691,127,1
1692,132,1
1693,130,1
1694,131,1
1695,134,1
1696,134,1
1697,134,1
1698,130,1
1699,131,1
1700,128,1
1701,129,1
1702,131,1
1703,127,1
1704,132,1
1705,129,1
1706,134,1
1707,127,1
1708,132,1
1709,131,1
1710,129,1
1711,131,1
1712,130,1
1713,129,1
1714,133,1
1715,127,1
1716,130,1
1717,130,1
1718,125,1
1719,124,0
1720,129,1
1721,129,1
1722,126,1
1723,126,1
1724,128,1
1725,125,1
1726,129,1
1727,130,1
1728,128,1
1729,130,1
1730,126,1
1731,127,1
1732,125,1
1733,126,1
1734,127,1
1735,127,1
1736,125,1
1737,124,0
1738,123,0
1739,125,1
1740,124,0
1741,123,0
1742,121,0
1743,124,0
1744,124,0
1745,124,0
1746,123,0
1747,127,1
1748,122,0
1749,121,0
1750,126,1
1751,123,0
1752,126,1
1753,123,0
1754,124,0
1755,125,1
1756,119,0
1757,126,1
1758,124,0
1759,120,0
1760,119,0
1761,124,0
1762,123,0
1763,125,1
1764,123,0
1765,122,0
1766,120,0
1767,121,0
1768,120,0
1769,125,1
1770,121,0
1771,121,0
1772,118,0
1773,119,0
1774,117,0
1775,118,0
1776,120,0
1777,118,0
1778,122,0
1779,121,0
1780,117,0
1781,119,0
1782,133,1
1783,119,0
1784,119,0
1785,119,0
1786,117,0
1787,119,0
1788,119,0
1789,118,0
1790,118,0
1791,120,0
1792,118,0
1793,117,0
1794,119,0
1795,118,0
1796,119,0
1797,118,0
1798,117,0
1799,119,0
1800,116,0
1801,119,0
1802,116,0
1803,116,0
1804,120,0
1805,116,0
1806,121,0
1807,118,0
1808,114,0
1809,115,0
1810,117,0
1811,117,0
1812,117,0
1813,113,0
1814,115,0
1815,114,0
1816,115,0
1817,118,0
1818,118,0
1819,118,0
1820,117,0
1821,114,0
1822,119,0
1823,115,0
1824,117,0
1825,116,0
1826,113,0
1827,112,0
1828,117,0
1829,113,0
1830,116,0
1831,113,0
1832,115,0
1833,116,0
1834,115,0
1835,110,0
1836,113,0
1837,112,0
1838,117,0
1839,115,0
1840,115,0
1841,113,0
1842,113,0
1843,112,0
1844,114,0
1845,111,0
1846,115,0
1847,109,0
1848,113,0
1849,109,0
1850,112,0
1851,112,0
1852,112,0
1853,113,0
1854,109,0
1855,112,0
1856,110,0
1857,112,0
1858,111,0
1859,107,0
1860,109,0
1861,108,0
1862,111,0
1863,114,0
1864,110,0
1865,114,0
1866,108,0
1867,111,0
1868,114,0
1869,107,0
1870,110,0
1871,112,0
1872,111,0
1873,110,0
1874,108,0
1875,109,0
1876,113,0
1877,106,0
1878,109,0
1879,112,0
1880,112,0
1881,110,0
1882,108,0
1883,107,0
1884,110,0
1885,109,0
1886,107,0
1887,109,0
1888,105,0
1889,107,0
1890,109,0
1891,111,0
1892,110,0
1893,107,0
1894,109,0
1895,104,0
1896,110,0
1897,106,0
1898,109,0
1899,108,0
1900,107,0
1901,110,0
1902,106,0
1903,105,0
1904,110,0
1905,108,0
1906,108,0
1907,106,0
1908,106,0
1909,106,0
1910,104,0
1911,105,0
1912,107,0
1913,109,0
1914,106,0
1915,103,0
1916,107,0
1917,104,0
1918,108,0
1919,103,0
1920,102,0
1921,106,0
1922,104,0
1923,101,0
1924,103,0
1925,104,0
1926,104,0
1927,101,0
1928,107,0
1929,101,0
1930,102,0
1931,106,0
1932,105,0
1933,108,0
1934,108,0
1935,103,0
1936,105,0
1937,99,0
1938,103,0
1939,103,0
1940,105,0
1941,105,0
1942,103,0
1943,101,0
1944,103,0
1945,106,0
1946,99,0
1947,100,0
1948,99,0
1949,102,0
1950,105,0
1951,103,0
1952,101,0
1953,101,0
1954,100,0
1955,104,0
1956,101,0
1957,100,0
1958,101,0
1959,100,0
1960,99,0
1961,101,0
1962,101,0
1963,100,0
1964,103,0
1965,100,0
1966,103,0
1967,102,0
1968,98,0
1969,102,0
1970,99,0
1971,102,0
1972,101,0
1973,100,0
1974,104,0
1975,98,0
1976,98,0
1977,100,0
1978,98,0
1979,102,0
1980,96,0
1981,99,0
1982,98,0
1983,100,0
1984,102,0
1985,101,0
1986,101,0
1987,99,0
1988,101,0
1989,97,0
1990,99,0
1991,100,0
1992,96,0
1993,96,0
1994,102,0
1995,99,0
1996,101,0
1997,101,0
1998,98,0
1999,4757,3
2000,4399,3
2001,3949,3
2002,3939,3
2003,3940,3
2004,3627,3
2005,3602,3
2006,3444,3
2007,3441,3
2008,3384,3
2009,3195,3
2010,3203,3
2011,3085,3
2012,2964,3
2013,2935,3
2014,2927,3
2015,2927,3
2016,2842,3
2017,2774,3
2018,2722,3
2019,2723,3
2020,2711,3
2021,2699,3
2022,2685,3
2023,2674,3
2024,2644,3
2025,2604,3
2026,2598,3
2027,2589,3
2028,2576,3
2029,2576,3
2030,2571,3
2031,2569,3
2032,2555,3
2033,2548,3
2034,2532,3
2035,2525,3
2036,2512,3
2037,2487,3
2038,2476,3
2039,2466,3
2040,2445,3
2041,2436,3
2042,2434,3
2043,2426,3
2044,2410,3
2045,2407,3
2046,2369,3
2047,2366,3
2048,2362,3
2049,2338,3
2050,2333,3
2051,2331,3
2052,2308,3
2053,2302,3
2054,2297,3
2055,2296,3
2056,2296,3
2057,2288,3
2058,2286,3
2059,2280,3
2060,2271,3
2061,2266,3
2062,2263,3
2063,2264,3
2064,2239,3
2065,2224,3
2066,2211,3
2067,2211,3
2068,2199,3
2069,2192,3
2070,2173,3
2071,2158,3
2072,2155,3
2073,2140,3
2074,2133,3
2075,2121,3
2076,2122,3
2077,2117,3
2078,2110,3
2079,2108,3
2080,2104,3
2081,2095,3
2082,2091,3
2083,2087,3
2084,2078,3
2085,2074,3
2086,2071,3
2087,2059,3
2088,2064,3
2089,2067,3
2090,2055,3
2091,2042,3
2092,2046,3
2093,2038,3
2094,2027,3
2095,2023,3
2096,2017,3
2097,2015,3
2098,2013,3
2099,2001,3
2100,1991,3
2101,1988,3
2102,1986,3
2103,1979,3
2104,1968,3
2105,1970,3
2106,1961,3
2107,1955,3
2108,1951,3
2109,1950,3
2110,1945,3
2111,1939,3
2112,1947,3
2113,1947,3
2114,1939,3
2115,1943,3
2116,1937,3
2117,1936,3
2118,1937,3
2119,1930,3
2120,1933,3
2121,1926,3
2122,1917,3
2123,1905,3
2124,1902,3
2125,1910,3
2126,1906,3
2127,1905,3
2128,1900,3
2129,1883,3
2130,1889,3
2131,1867,3
2132,1862,3
2133,1864,3
2134,1857,3
2135,1861,3
2136,1848,3
2137,1842,3
2138,1842,3
2139,1845,3
2140,1844,3
2141,1832,3
2142,1824,3
2143,1818,3
2144,1817,3
2145,1811,3
2146,1808,3
2147,1804,3
2148,1808,3
2149,1796,3
2150,1800,3
2151,1797,3
2152,1796,3
2153,1788,3
2154,1786,3
2155,1784,3
2156,1780,3
2157,1786,3
2158,1777,3
2159,1777,3
2160,1772,3
2161,1778,3
2162,1768,3
2163,1761,3
2164,1765,3
2165,1756,3
2166,1750,3
2167,1745,3
2168,1748,3
2169,1748,3
2170,1740,3
2171,1743,3
2172,1743,3
2173,1734,3
2174,1732,3
2175,1733,3
2176,1733,3
2177,1719,3
2178,1719,3
2179,1715,3
2180,1714,3
2181,1707,3
2182,1708,3
2183,1708,3
2184,1708,3
2185,1704,3
2186,1702,3
2187,1700,3
2188,1696,3
2189,1685,3
2190,1688,3
2191,1689,3
2192,1687,3
2193,1681,3
2194,1676,3
2195,1675,3
2196,1673,3
2197,1674,3
2198,1672,3
2199,1666,3
2200,1673,3
2201,1670,3
2202,1667,3
2203,1658,3
2204,1664,3
2205,1655,3
2206,1653,3
2207,1657,3
2208,1652,3
2209,1644,3
2210,1643,3
2211,1646,3
2212,1644,3
2213,1640,3
2214,1640,3
2215,1636,3
2216,1630,3
2217,1634,3
2218,1627,3
2219,1624,3
2220,1619,3
2221,1624,3
2222,1621,3
2223,1617,3
2224,1614,3
2225,1618,3
2226,1616,3
2227,1619,3
2228,1615,3
2229,1609,3
2230,1614,3
2231,1609,3
2232,1608,3
2233,1605,3
2234,1611,3
2235,1608,3
2236,1610,3
2237,1599,3
2238,1601,3
2239,1602,3
2240,1604,3
2241,1596,3
2242,1590,3
2243,1590,3
2244,1587,3
2245,1589,3
2246,1589,3
2247,1587,3
2248,1582,3
2249,1580,2
2250,1578,2
2251,1573,2
2252,1570,2
2253,1573,2
2254,1566,2
2255,1569,2
2256,1565,2
2257,1570,2
2258,1565,2
2259,1563,2
2260,1560,2
2261,1553,2
2262,1553,2
2263,1554,2
2264,1550,2
2265,1551,2
2266,1546,2
2267,1549,2
2268,1544,2
2269,1536,2
2270,1540,2
2271,1534,2
2272,1530,2
2273,1536,2
2274,1531,2
2275,1533,2
2276,1527,2
2277,1528,2
2278,1523,2
2279,1522,2
2280,1523,2
2281,1520,2
2282,1512,2
2283,1512,2
2284,1517,2
2285,1515,2
2286,1510,2
2287,1506,2
2288,1509,2
2289,1501,2
2290,1507,2
2291,1501,2
2292,1499,2
2293,1501,2
2294,1497,2
2295,1495,2
2296,1493,2
2297,1494,2
2298,1496,2
2299,1489,2
2300,1487,2
2301,1490,2
2302,1482,2
2303,1483,2
2304,1480,2
2305,1481,2
2306,1474,2
2307,1480,2
2308,1472,2
2309,1469,2
2310,1477,2
2311,1471,2
2312,1469,2
2313,1464,2
2314,1467,2
2315,1468,2
2316,1463,2
2317,1469,2
2318,1464,2
2319,1457,2
2320,1451,2
2321,1451,2
2322,1451,2
2323,1449,2
2324,1436,2
2325,1441,2
2326,1440,2
2327,1433,2
2328,1436,2
2329,1434,2
2330,1428,2
2331,1431,2
2332,1426,2
2333,1430,2
2334,1425,2
2335,1420,2
2336,1412,2
2337,1419,2
2338,1419,2
2339,1418,2
2340,1414,2
2341,1407,2
2342,1411,2
2343,1408,2
2344,1407,2
2345,1401,2
2346,1409,2
2347,1405,2
2348,1398,2
2349,1401,2
2350,1391,2
2351,1396,2
2352,1396,2
2353,1388,2
2354,1390,2
2355,1388,2
2356,1389,2
2357,1384,2
2358,1381,2
2359,1374,2
2360,1375,2
2361,1371,2
2362,1370,2
2363,1369,2
2364,1365,2
2365,1362,2
2366,1363,2
2367,1359,2
2368,1364,2
2369,1364,2
2370,1361,2
2371,1359,2
2372,1360,2
2373,1357,2
2374,1357,2
2375,1356,2
2376,1353,2
2377,1352,2
2378,1352,2
2379,1353,2
2380,1356,2
2381,1342,2
2382,1347,2
2383,1342,2
2384,1351,2
2385,1342,2
2386,1346,2
2387,1349,2
2388,1340,2
2389,1341,2
2390,1340,2
2391,1341,2
2392,1343,2
2393,1340,2
2394,1333,2
2395,1336,2
2396,1325,2
2397,1334,2
2398,1321,2
2399,1318,2
2400,1314,2
2401,1323,2
2402,1317,2
2403,1317,2
2404,1312,2
2405,1310,2
2406,1320,2
2407,1308,2
2408,1313,2
2409,1308,2
2410,1305,2
2411,1305,2
2412,1306,2
2413,1300,2
2414,1297,2
2415,1302,2
2416,1294,2
2417,1302,2
2418,1295,2
2419,1292,2
2420,1295,2
2421,1292,2
2422,1294,2
2423,1286,2
2424,1284,2
2425,1289,2
2426,1284,2
2427,1287,2
2428,1281,2
2429,1283,2
2430,1283,2
2431,1282,2
2432,1278,2
2433,1278,2
2434,1279,2
2435,1276,2
2436,1278,2
2437,1274,2
2438,1270,2
2439,1270,2
2440,1268,2
2441,1271,2
2442,1264,2
2443,1268,2
2444,1268,2
2445,1270,2
2446,1265,2
2447,1262,2
2448,1262,2
2449,1261,2
2450,1257,2
2451,1260,2
2452,1262,2
2453,1255,2
2454,1261,2
2455,1256,2
2456,1261,2
2457,1254,2
2458,1258,2
2459,1257,2
2460,1256,2
2461,1252,2
2462,1249,2
2463,1243,2
2464,1249,2
2465,1246,2
2466,1239,2
2467,1237,2
2468,1241,2
2469,1240,2
2470,1241,2
2471,1235,2
2472,1237,2
2473,1230,2
2474,1233,2
2475,1228,2
2476,1228,2
2477,1228,2
2478,1229,2
2479,1226,2
2480,1217,2
2481,1225,2
2482,1216,2
2483,1218,2
2484,1218,2
2485,1215,2
2486,1214,2
2487,1216,2
2488,1212,2
2489,1208,2
2490,1205,2
2491,1205,2
2492,1201,2
2493,1203,2
2494,1199,2
2495,1206,2
2496,1196,2
2497,1192,2
2498,1193,2
2499,1186,1
2500,1183,1
2501,1177,1
2502,1177,1
2503,1175,1
2504,1173,1
2505,1174,1
2506,1179,1
2507,1174,1
2508,1171,1
2509,1171,1
2510,1176,1
2511,1172,1
2512,1165,1
2513,1164,1
2514,1162,1
2515,1158,1
2516,1152,1
2517,1153,1
2518,1146,1
2519,1147,1
2520,1147,1
2521,1151,1
2522,1151,1
2523,1145,1
2524,1147,1
2525,1145,1
2526,1140,1
2527,1140,1
2528,1147,1
2529,1137,1
2530,1138,1
2531,1137,1
2532,1140,1
2533,1136,1
2534,1137,1
2535,1130,1
2536,1128,1
2537,1128,1
2538,1121,1
2539,1119,1
2540,1126,1
2541,1119,1
2542,1122,1
2543,1122,1
2544,1124,1
2545,1123,1
2546,1122,1
2547,1112,1
2548,1117,1
2549,1115,1
2550,1111,1
2551,1109,1
2552,1114,1
2553,1110,1
2554,1108,1
2555,1105,1
2556,1106,1
2557,1105,1
2558,1101,1
2559,1098,1
2560,1094,1
2561,1094,1
2562,1097,1
2563,1093,1
2564,1097,1
2565,1093,1
2566,1085,1
2567,1083,1
2568,1083,1
2569,1081,1
2570,1079,1
2571,1082,1
2572,1080,1
2573,1081,1
2574,1077,1
2575,1073,1
2576,1075,1
2577,1079,1
2578,1077,1
2579,1066,1
2580,1070,1
2581,1066,1
2582,1073,1
2583,1072,1
2584,1065,1
2585,1059,1
2586,1059,1
2587,1061,1
2588,1056,1
2589,1053,1
2590,1056,1
2591,1055,1
2592,1053,1
2593,1051,1
2594,1047,1
2595,1040,1
2596,1040,1
2597,1045,1
2598,1039,1
2599,1033,1
2600,1034,1
2601,1035,1
2602,1031,1
2603,1034,1
2604,1032,1
2605,1031,1
2606,1028,1
2607,1025,1
2608,1022,1
2609,1020,1
2610,1023,1
2611,1020,1
2612,1021,1
2613,1017,1
2614,1017,1
2615,1013,1
2616,1012,1
2617,1008,1
2618,1012,1
2619,1004,1
2620,1006,1
2621,1009,1
2622,1010,1
2623,1004,1
2624,1005,1
2625,1001,1
2626,1001,1
2627,998,1
2628,1001,1
2629,1009,1
2630,998,1
2631,1003,1
2632,996,1
2633,1000,1
2634,996,1
2635,991,1
2636,998,1
2637,992,1
2638,990,1
2639,988,1
2640,981,1
2641,984,1
2642,984,1
2643,976,1
2644,977,1
2645,978,1
2646,976,1
2647,972,1
2648,969,1
2649,972,1
2650,971,1
2651,976,1
2652,973,1
2653,974,1
2654,965,1
2655,971,1
2656,970,1
2657,961,1
2658,964,1
2659,965,1
2660,964,1
2661,963,1
2662,959,1
2663,961,1
2664,959,1
2665,966,1
2666,958,1
2667,961,1
2668,957,1
2669,958,1
2670,959,1
2671,954,1
2672,955,1
2673,950,1
2674,952,1
2675,956,1
2676,951,1
2677,946,1
2678,954,1
2679,946,1
2680,949,1
2681,948,1
2682,946,1
2683,943,1
2684,939,1
2685,940,1
2686,943,1
2687,941,1
2688,935,1
2689,939,1
2690,941,1
2691,934,1
2692,940,1
2693,940,1
2694,936,1
2695,931,1
2696,927,1
2697,926,1
2698,927,1
2699,923,1
2700,927,1
2701,931,1
2702,919,1
2703,917,1
2704,918,1
2705,922,1
2706,917,1
2707,914,1
2708,915,1
2709,908,1
2710,911,1
2711,915,1
2712,907,1
2713,907,1
2714,902,1
2715,906,1
2716,905,1
2717,900,1
2718,905,1
2719,907,1
2720,906,1
2721,904,1
2722,904,1
2723,897,1
2724,901,1
2725,898,1
2726,892,1
2727,896,1
2728,895,1
2729,894,1
2730,885,1
2731,887,1
2732,883,1
2733,888,1
2734,881,1
2735,888,1
2736,884,1
2737,883,1
2738,884,1
2739,878,1
2740,880,1
2741,879,1
2742,876,1
2743,878,1
2744,884,1
2745,876,1
2746,877,1
2747,870,0
2748,868,0
2749,870,0
2750,874,1
2751,868,0
2752,868,0
2753,872,0
2754,865,0
2755,873,1
2756,867,0
2757,867,0
2758,864,0
2759,861,0
2760,859,0
2761,851,0
2762,854,0
2763,855,0
2764,851,0
2765,852,0
2766,853,0
2767,851,0
2768,846,0
2769,849,0
2770,845,0
2771,845,0
2772,845,0
2773,843,0
2774,838,0
2775,844,0
2776,838,0
2777,836,0
2778,837,0
2779,835,0
2780,838,0
2781,833,0
2782,832,0
2783,831,0
2784,838,0
2785,832,0
2786,827,0
2787,831,0
2788,832,0
2789,826,0
2790,827,0
2791,828,0
2792,827,0
2793,827,0
2794,819,0
2795,821,0
2796,824,0
2797,827,0
2798,822,0
2799,822,0
2800,816,0
2801,818,0
2802,819,0
2803,819,0
2804,819,0
2805,814,0
2806,816,0
2807,815,0
2808,813,0
2809,810,0
2810,808,0
2811,806,0
2812,805,0
2813,806,0
2814,807,0
2815,802,0
2816,807,0
2817,805,0
2818,806,0
2819,807,0
2820,799,0
2821,799,0
2822,798,0
2823,799,0
2824,801,0
2825,796,0
2826,798,0
2827,797,0
2828,797,0
2829,795,0
2830,797,0
2831,791,0
2832,787,0
2833,793,0
2834,793,0
2835,788,0
2836,792,0
2837,784,0
2838,787,0
2839,784,0
2840,783,0
2841,780,0
2842,781,0
2843,782,0
2844,781,0
2845,774,0
2846,775,0
2847,773,0
2848,766,0
2849,769,0
2850,769,0
2851,766,0
2852,769,0
2853,767,0
2854,767,0
2855,765,0
2856,772,0
2857,763,0
2858,764,0
2859,770,0
2860,758,0
2861,761,0
2862,757,0
2863,751,0
2864,762,0
2865,756,0
2866,759,0
2867,752,0
2868,755,0
2869,755,0
2870,750,0
2871,755,0
2872,746,0
2873,746,0
2874,746,0
2875,742,0
2876,744,0
2877,744,0
2878,744,0
2879,749,0
2880,744,0
2881,743,0
2882,736,0
2883,745,0
2884,740,0
2885,735,0
2886,737,0
2887,744,0
2888,734,0
2889,731,0
2890,734,0
2891,734,0
2892,739,0
2893,739,0
2894,726,0
2895,732,0
2896,738,0
2897,737,0
2898,729,0
2899,726,0
2900,729,0
2901,725,0
2902,726,0
2903,728,0
2904,721,0
2905,718,0
2906,718,0
2907,720,0
2908,719,0
2909,724,0
2910,721,0
2911,719,0
2912,713,0
2913,711,0
2914,710,0
2915,715,0
2916,711,0
2917,711,0
2918,717,0
2919,706,0
2920,705,0
2921,706,0
2922,702,0
2923,707,0
2924,705,0
2925,704,0
2926,701,0
2927,707,0
2928,702,0
2929,703,0
2930,698,0
2931,702,0
2932,700,0
2933,697,0
2934,694,0
2935,690,0
2936,686,0
2937,692,0
2938,693,0
2939,694,0
2940,689,0
2941,694,0
2942,687,0
2943,687,0
2944,687,0
2945,685,0
2946,688,0
2947,683,0
2948,683,0
2949,678,0
2950,681,0
2951,681,0
2952,680,0
2953,681,0
2954,678,0
2955,678,0
2956,673,0
2957,672,0
2958,670,0
2959,680,0
2960,679,0
2961,673,0
2962,671,0
2963,673,0
2964,671,0
2965,676,0
2966,672,0
2967,668,0
2968,666,0
2969,670,0
2970,668,0
2971,669,0
2972,670,0
2973,668,0
2974,663,0
2975,666,0
2976,672,0
2977,664,0
2978,661,0
2979,669,0
2980,668,0
2981,662,0
2982,655,0
2983,655,0
2984,662,0
2985,657,0
2986,654,0
2987,652,0
2988,653,0
2989,654,0
2990,656,0
2991,649,0
2992,650,0
2993,654,0
2994,651,0
2995,649,0
2996,648,0
2997,645,0
2998,648,0
2999,3579,3
3000,3507,3
3001,3056,3
3002,2897,3
3003,2860,3
3004,2850,3
3005,2705,3
3006,2509,3
3007,2489,3
3008,2409,3
3009,2364,3
3010,2309,3
3011,2168,3
3012,2060,3
3013,2033,3
3014,2015,3
3015,1995,3
3016,1982,3
3017,1971,3
3018,1964,3
3019,1943,3
3020,1935,3
3021,1926,3
3022,1888,3
3023,1844,3
3024,1827,3
3025,1813,3
3026,1763,3
3027,1728,3
3028,1725,3
3029,1712,3
3030,1648,3
3031,1640,3
3032,1618,3
3033,1607,3
3034,1589,3
3035,1586,3
3036,1575,3
3037,1528,3
3038,1521,3
3039,1501,3
3040,1492,3
3041,1483,3
3042,1483,3
3043,1480,3
3044,1471,3
3045,1436,3
3046,1408,3
3047,1382,3
3048,1380,3
3049,1372,3
3050,1358,3
3051,1349,3
3052,1313,3
3053,1295,3
3054,1288,3
3055,1282,3
3056,1283,3
3057,1283,3
3058,1276,3
3059,1253,3
3060,1252,3
3061,1252,3
3062,1252,3
3063,1250,3
3064,1248,3
3065,1235,3
3066,1227,3
3067,1218,3
3068,1222,3
3069,1213,3
3070,1219,3
3071,1210,3
3072,1205,3
3073,1201,3
3074,1201,3
3075,1193,3
3076,1191,3
3077,1187,3
3078,1178,3
3079,1171,3
3080,1162,3
3081,1165,3
3082,1164,3
3083,1158,3
3084,1143,3
3085,1134,3
3086,1128,3
3087,1122,3
3088,1114,3
3089,1114,3
3090,1115,3
3091,1106,3
3092,1108,3
3093,1099,3
3094,1098,3
3095,1088,3
3096,1070,3
3097,1069,3
3098,1068,3
3099,1065,3
3100,1053,3
3101,1057,3
3102,1052,3
3103,1052,3
3104,1047,3
3105,1045,3
3106,1047,3
3107,1039,3
3108,1036,3
3109,1033,3
3110,1016,3
3111,1003,3
3112,996,3
3113,999,3
3114,990,3
3115,990,3
3116,987,3
3117,988,3
3118,983,3
3119,979,3
3120,978,3
3121,971,3
3122,967,3
3123,965,3
3124,952,3
3125,951,3
3126,936,3
3127,937,3
3128,934,3
3129,938,3
3130,928,3
3131,931,3
3132,921,3
3133,918,3
3134,914,3
3135,913,3
3136,914,3
3137,916,3
3138,907,3
3139,908,3
3140,902,3
3141,905,3
3142,907,3
3143,898,3
3144,896,3
3145,890,3
3146,891,3
3147,888,3
3148,886,3
3149,887,3
3150,869,3
3151,873,3
3152,864,3
3153,866,3
3154,865,3
3155,859,3
3156,855,3
3157,853,3
3158,859,3
3159,856,3
3160,854,3
3161,843,3
3162,842,3
3163,840,3
3164,835,3
3165,826,3
3166,828,3
3167,829,3
3168,826,3
3169,825,3
3170,819,3
3171,813,3
3172,814,3
3173,815,3
3174,810,3
3175,808,3
3176,810,3
3177,809,3
3178,801,3
3179,800,3
3180,789,3
3181,798,3
3182,795,3
3183,787,3
3184,790,3
3185,782,3
3186,784,3
3187,778,3
3188,779,3
3189,776,3
3190,767,3
3191,772,3
3192,771,3
3193,766,3
3194,762,3
3195,758,3
3196,755,3
3197,751,3
3198,749,3
3199,748,3
3200,746,3
3201,741,3
3202,740,3
3203,747,3
3204,738,3
3205,746,3
3206,744,3
3207,740,3
3208,742,3
3209,735,3
3210,739,3
3211,733,3
3212,732,3
3213,734,3
3214,727,3
3215,725,3
3216,731,3
3217,720,3
3218,721,3
3219,722,3
3220,718,3
3221,717,3
3222,714,3
3223,713,3
3224,717,3
3225,715,3
3226,710,3
3227,708,3
3228,705,3
3229,707,3
3230,711,3
3231,703,3
3232,704,3
3233,703,3
3234,704,3
3235,697,3
3236,688,3
3237,690,3
3238,685,3
3239,680,3
3240,674,3
3241,676,3
3242,668,3
3243,673,3
3244,673,3
3245,673,3
3246,667,3
3247,670,3
3248,666,3
3249,660,2
3250,664,2
3251,658,2
3252,651,2
3253,652,2
3254,646,2
3255,647,2
3256,638,2
3257,643,2
3258,638,2
3259,635,2
3260,632,2
3261,635,2
3262,631,2
3263,632,2
3264,623,2
3265,623,2
3266,617,2
3267,623,2
3268,616,2
3269,609,2
3270,612,2
3271,610,2
3272,612,2
3273,610,2
3274,601,2
3275,601,2
3276,607,2
3277,605,2
3278,599,2
3279,590,2
3280,594,2
3281,599,2
3282,594,2
3283,594,2
3284,592,2
3285,584,2
3286,588,2
3287,590,2
3288,585,2
3289,581,2
3290,581,2
3291,583,2
3292,579,2
3293,582,2
3294,574,2
3295,576,2
3296,573,2
3297,580,2
3298,577,2
3299,572,2
3300,569,2
3301,571,2
3302,568,2
3303,566,2
3304,562,2
3305,560,2
3306,560,2
3307,558,2
3308,561,2
3309,551,2
3310,561,2
3311,557,2
3312,553,2
3313,556,2
3314,553,2
3315,550,2
3316,549,2
3317,549,2
3318,546,2
3319,548,2
3320,546,2
3321,540,2
3322,544,2
3323,542,2
3324,541,2
3325,542,2
3326,537,2
3327,531,2
3328,540,2
3329,536,2
3330,531,2
3331,532,2
3332,534,2
3333,528,2
3334,533,2
3335,531,2
3336,527,2
3337,533,2
3338,533,2
3339,530,2
3340,531,2
3341,527,2
3342,531,2
3343,522,2
3344,515,2
3345,519,2
3346,515,2
3347,512,2
3348,514,2
3349,513,2
3350,514,2
3351,511,2
3352,513,2
3353,509,2
3354,511,2
3355,509,2
3356,500,2
3357,509,2
3358,503,2
3359,498,2
3360,495,2
3361,494,2
3362,501,2
3363,493,2
3364,494,2
3365,498,2
3366,497,2
3367,491,2
3368,492,2
3369,491,2
3370,493,2
3371,496,2
3372,490,2
3373,489,2
3374,485,2
3375,483,2
3376,481,2
3377,487,2
3378,485,2
3379,484,2
3380,479,2
3381,480,2
3382,480,2
3383,476,2
3384,480,2
3385,473,2
3386,470,2
3387,469,2
3388,469,2
3389,468,2
3390,469,2
3391,471,2
3392,472,2
3393,474,2
3394,469,2
3395,467,2
3396,466,2
3397,466,2
3398,468,2
3399,466,2
3400,463,2
3401,458,2
3402,463,2
3403,459,2
3404,457,2
3405,459,2
3406,455,2
3407,453,2
3408,456,2
3409,457,2
3410,456,2
3411,457,2
3412,451,2
3413,450,2
3414,447,2
3415,454,2
3416,441,2
3417,443,2
3418,439,2
3419,437,2
3420,438,2
3421,436,2
3422,442,2
3423,443,2
3424,439,2
3425,438,2
3426,434,2
3427,433,2
3428,430,2
3429,435,2
3430,427,2
3431,426,2
3432,423,2
3433,431,2
3434,423,2
3435,425,2
3436,424,2
3437,425,2
3438,421,2
3439,417,2
3440,424,2
3441,421,2
3442,421,2
3443,416,2
3444,423,2
3445,418,2
3446,416,2
3447,413,2
3448,412,2
3449,414,2
3450,411,2
3451,414,2
3452,413,2
3453,415,2
3454,409,2
3455,414,2
3456,407,2
3457,406,2
3458,408,2
3459,410,2
3460,404,2
3461,408,2
3462,401,2
3463,402,2
3464,407,2
3465,403,2
3466,399,2
3467,399,2
3468,399,2
3469,399,2
3470,399,2
3471,391,2
3472,391,2
3473,388,2
3474,388,2
3475,390,2
3476,386,2
3477,385,2
3478,387,2
3479,387,2
3480,381,2
3481,379,2
3482,386,2
3483,381,2
3484,383,2
3485,384,2
3486,374,2
3487,379,2
3488,381,2
3489,376,2
3490,372,2
3491,370,2
3492,372,2
3493,369,2
3494,366,2
3495,370,2
3496,370,2
3497,364,2
3498,365,2
3499,361,1
3500,361,1
3501,359,1
3502,354,1
3503,353,1
3504,358,1
3505,351,1
3506,351,1
3507,350,1
3508,354,1
3509,347,1
3510,347,1
3511,348,1
3512,349,1
3513,345,1
3514,349,1
3515,347,1
3516,349,1
3517,347,1
3518,339,1
3519,340,1
3520,345,1
3521,341,1
3522,337,1
3523,346,1
3524,334,1
3525,339,1
3526,341,1
3527,334,1
3528,339,1
3529,334,1
3530,340,1
3531,338,1
3532,337,1
3533,334,1
3534,330,1
3535,340,1
3536,332,1
3537,335,1
3538,331,1
3539,330,1
3540,334,1
3541,327,1
3542,327,1
3543,324,1
3544,327,1
3545,325,1
3546,324,1
3547,327,1
3548,320,1
3549,322,1
3550,320,1
3551,318,1
3552,317,1
3553,316,1
3554,314,1
3555,312,1
3556,316,1
3557,309,1
3558,311,1
3559,311,1
3560,310,1
3561,305,1
3562,306,1
3563,305,1
3564,303,1
3565,303,1
3566,292,1
3567,304,1
3568,302,1
3569,302,1
3570,297,1
3571,293,1
3572,298,1
3573,294,1
3574,291,1
3575,289,1
3576,290,1
3577,289,1
3578,289,1
3579,286,1
3580,280,1
3581,287,1
3582,286,1
3583,285,1
3584,287,1
3585,286,1
3586,285,1
3587,283,1
3588,281,1
3589,282,1
3590,283,1
3591,280,1
3592,280,1
3593,277,1
3594,275,1
3595,279,1
3596,281,1
3597,284,1
3598,278,1
3599,276,1
3600,279,1
3601,280,1
3602,280,1
3603,276,1
3604,274,1
3605,277,1
3606,272,1
3607,269,1
3608,270,1
3609,269,1
3610,268,1
3611,273,1
3612,270,1
3613,267,1
3614,268,1
3615,265,1
3616,264,1
3617,264,1
3618,269,1
3619,267,1
3620,262,1
3621,261,1
3622,266,1
3623,262,1
3624,263,1
3625,265,1
3626,259,1
3627,260,1
3628,261,1
3629,258,1
3630,258,1
3631,261,1
3632,259,1
3633,257,1
3634,260,1
3635,260,1
3636,254,1
3637,252,1
3638,250,1
3639,250,1
3640,250,1
3641,250,1
3642,251,1
3643,252,1
3644,252,1
3645,250,1
3646,251,1
3647,252,1
3648,246,1
3649,248,1
3650,246,1
3651,246,1
3652,245,1
3653,247,1
3654,245,1
3655,246,1
3656,246,1
3657,244,1
3658,239,1
3659,241,1
3660,240,1
3661,239,1
3662,243,1
3663,237,1
3664,239,1
3665,239,1
3666,241,1
3667,241,1
3668,237,1
3669,238,1
3670,240,1
3671,239,1
3672,237,1
3673,236,1
3674,234,1
3675,237,1
3676,237,1
3677,233,1
3678,237,1
3679,232,1
3680,235,1
3681,233,1
3682,230,1
3683,232,1
3684,234,1
3685,229,1
3686,230,1
3687,225,1
3688,230,1
3689,230,1
3690,223,1
3691,226,1
3692,228,1
3693,229,1
3694,225,1
3695,225,1
3696,228,1
3697,224,1
3698,224,1
3699,226,1
3700,224,1
3701,224,1
3702,228,1
3703,221,1
3704,224,1
3705,218,1
3706,218,1
3707,220,1
3708,221,1
3709,224,1
3710,219,1
3711,217,1
3712,216,1
3713,218,1
3714,215,1
3715,216,1
3716,217,1
3717,217,1
3718,213,1
3719,216,1
3720,214,1
3721,216,1
3722,213,1
3723,213,1
3724,214,1
3725,209,1
3726,215,1
3727,214,1
3728,208,1
3729,215,1
3730,212,1
3731,209,1
3732,210,1
3733,208,1
3734,212,1
3735,206,1
3736,207,1
3737,208,1
3738,209,1
3739,208,1
3740,208,1
3741,205,1
3742,206,1
3743,203,1
3744,205,1
3745,204,1
3746,203,1
3747,202,0
3748,205,1
3749,202,0
3750,203,1
3751,198,0
3752,202,0
3753,204,1
3754,201,0
3755,201,0
3756,200,0
3757,199,0
3758,200,0
3759,195,0
3760,197,0
3761,200,0
3762,200,0
3763,202,0
3764,199,0
3765,200,0
3766,193,0
3767,193,0
3768,195,0
3769,195,0
3770,196,0
3771,195,0
3772,193,0
3773,193,0
3774,193,0
3775,194,0
3776,195,0
3777,190,0
3778,195,0
3779,195,0
3780,196,0
3781,189,0
3782,194,0
3783,193,0
3784,189,0
3785,191,0
3786,190,0
3787,193,0
3788,188,0
3789,188,0
3790,190,0
3791,187,0
3792,190,0
3793,186,0
3794,189,0
3795,190,0
3796,184,0
3797,187,0
3798,188,0
3799,185,0
3800,186,0
3801,188,0
3802,188,0
3803,186,0
3804,186,0
3805,187,0
3806,182,0
3807,183,0
3808,182,0
3809,182,0
3810,184,0
3811,183,0
3812,184,0
3813,184,0
3814,181,0
3815,184,0
3816,184,0
3817,183,0
3818,179,0
3819,181,0
3820,178,0
3821,183,0
3822,184,0
3823,181,0
3824,181,0
3825,179,0
3826,176,0
3827,181,0
3828,178,0
3829,178,0
3830,176,0
3831,177,0
3832,176,0
3833,177,0
3834,175,0
3835,174,0
3836,175,0
3837,178,0
3838,176,0
3839,173,0
3840,175,0
3841,176,0
3842,173,0
3843,174,0
3844,171,0
3845,171,0
3846,173,0
3847,175,0
3848,172,0
3849,171,0
3850,175,0
3851,172,0
3852,172,0
3853,171,0
3854,171,0
3855,172,0
3856,170,0
3857,171,0
3858,170,0
3859,170,0
3860,167,0
3861,173,0
3862,166,0
3863,169,0
3864,169,0
3865,167,0
3866,168,0
3867,170,0
3868,171,0
3869,169,0
3870,168,0
3871,164,0
3872,167,0
3873,169,0
3874,163,0
3875,168,0
3876,164,0
3877,164,0
3878,163,0
3879,166,0
3880,166,0
3881,167,0
3882,160,0
3883,163,0
3884,163,0
3885,163,0
3886,162,0
3887,160,0
3888,161,0
3889,160,0
3890,162,0
3891,160,0
3892,164,0
3893,161,0
3894,161,0
3895,156,0
3896,158,0
3897,162,0
3898,157,0
3899,156,0
3900,156,0
3901,158,0
3902,154,0
3903,153,0
3904,154,0
3905,153,0
3906,155,0
3907,155,0
3908,154,0
3909,157,0
3910,154,0
3911,151,0
3912,154,0
3913,151,0
3914,154,0
3915,158,0
3916,154,0
3917,151,0
3918,149,0
3919,152,0
3920,149,0
3921,152,0
3922,149,0
3923,150,0
3924,151,0
3925,151,0
3926,152,0
3927,148,0
3928,148,0
3929,147,0
3930,151,0
3931,152,0
3932,147,0
3933,153,0
3934,148,0
3935,149,0
3936,150,0
3937,149,0
3938,146,0
3939,147,0
3940,147,0
3941,145,0
3942,145,0
3943,145,0
3944,144,0
3945,149,0
3946,145,0
3947,144,0
3948,146,0
3949,145,0
3950,144,0
3951,143,0
3952,143,0
3953,144,0
3954,145,0
3955,146,0
3956,144,0
3957,144,0
3958,141,0
3959,146,0
3960,143,0
3961,142,0
3962,141,0
3963,143,0
3964,141,0
3965,144,0
3966,141,0
3967,145,0
3968,146,0
3969,138,0
3970,139,0
3971,141,0
3972,143,0
3973,136,0
3974,137,0
3975,142,0
3976,137,0
3977,139,0
3978,135,0
3979,138,0
3980,136,0
3981,136,0
3982,137,0
3983,142,0
3984,138,0
3985,136,0
3986,139,0
3987,135,0
3988,134,0
3989,138,0
3990,135,0
3991,133,0
3992,131,0
3993,137,0
3994,137,0
3995,135,0
3996,133,0
3997,134,0
3998,134,0
3999,3405,3
4000,2579,3
4001,2488,3
4002,2342,3
4003,2320,3
4004,2218,3
4005,2188,3
4006,2189,3
4007,2178,3
4008,2055,3
4009,2049,3
4010,2058,3
4011,2050,3
4012,2051,3
4013,2051,3
4014,2017,3
4015,1999,3
4016,1999,3
4017,1953,3
4018,1944,3
4019,1901,3
4020,1891,3
4021,1871,3
4022,1843,3
4023,1838,3
4024,1800,3
4025,1788,3
4026,1764,3
4027,1759,3
4028,1756,3
4029,1734,3
4030,1710,3
4031,1681,3
4032,1683,3
4033,1685,3
4034,1676,3
4035,1680,3
4036,1673,3
4037,1665,3
4038,1668,3
4039,1663,3
4040,1657,3
4041,1636,3
4042,1622,3
4043,1586,3
4044,1581,3
4045,1584,3
4046,1583,3
4047,1573,3
4048,1580,3
4049,1572,3
4050,1558,3
4051,1558,3
4052,1551,3
4053,1553,3
4054,1541,3
4055,1525,3
4056,1525,3
4057,1527,3
4058,1522,3
4059,1508,3
4060,1503,3
4061,1495,3
4062,1499,3
4063,1488,3
4064,1490,3
4065,1478,3
4066,1481,3
4067,1482,3
4068,1485,3
4069,1487,3
4070,1466,3
4071,1466,3
4072,1462,3
4073,1453,3
4074,1452,3
4075,1442,3
4076,1422,3
4077,1425,3
4078,1424,3
4079,1416,3
4080,1414,3
4081,1408,3
4082,1399,3
4083,1385,3
4084,1378,3
4085,1378,3
4086,1377,3
4087,1384,3
4088,1376,3
4089,1371,3
4090,1367,3
4091,1363,3
4092,1369,3
4093,1364,3
4094,1356,3
4095,1351,3
4096,1348,3
4097,1348,3
4098,1348,3
4099,1344,3
4100,1337,3
4101,1336,3
4102,1338,3
4103,1327,3
4104,1318,3
4105,1317,3
4106,1301,3
4107,1299,3
4108,1296,3
4109,1300,3
4110,1298,3
4111,1288,3
4112,1295,3
4113,1295,3
4114,1281,3
4115,1269,3
4116,1263,3
4117,1263,3
4118,1247,3
4119,1246,3
4120,1245,3
4121,1243,3
4122,1238,3
4123,1236,3
4124,1228,3
4125,1234,3
4126,1229,3
4127,1229,3
4128,1222,3
4129,1221,3
4130,1213,3
4131,1214,3
4132,1206,3
4133,1210,3
4134,1207,3
4135,1207,3
4136,1197,3
4137,1200,3
4138,1196,3
4139,1198,3
4140,1187,3
4141,1191,3
4142,1191,3
4143,1182,3
4144,1188,3
4145,1183,3
4146,1175,3
4147,1171,3
4148,1163,3
4149,1160,3
4150,1163,3
4151,1159,3
4152,1154,3
4153,1154,3
4154,1151,3
4155,1151,3
4156,1153,3
4157,1149,3
4158,1147,3
4159,1139,3
4160,1138,3
4161,1132,3
4162,1131,3
4163,1129,3
4164,1127,3
4165,1130,3
4166,1128,3
4167,1126,3
4168,1126,3
4169,1122,3
4170,1119,3
4171,1123,3
4172,1117,3
4173,1115,3
4174,1112,3
4175,1104,3
4176,1101,3
4177,1095,3
4178,1091,3
4179,1079,3
4180,1081,3
4181,1081,3
4182,1078,3
4183,1072,3
4184,1073,3
4185,1072,3
4186,1061,3
4187,1060,3
4188,1058,3
4189,1054,3
4190,1057,3
4191,1053,3
4192,1049,3
4193,1051,3
4194,1049,3
4195,1047,3
4196,1048,3
4197,1040,3
4198,1039,3
4199,1044,3
4200,1044,3
4201,1037,3
4202,1036,3
4203,1032,3
4204,1034,3
4205,1031,3
4206,1027,3
4207,1028,3
4208,1032,3
4209,1027,3
4210,1025,3
4211,1021,3
4212,1020,3
4213,1021,3
4214,1018,3
4215,1015,3
4216,1016,3
4217,1008,3
4218,1018,3
4219,1007,3
4220,1009,3
4221,1009,3
4222,1004,3
4223,1006,3
4224,1007,3
4225,1000,3
4226,994,3
4227,995,3
4228,993,3
4229,990,3
4230,987,3
4231,980,3
4232,987,3
4233,979,3
4234,981,3
4235,979,3
4236,978,3
4237,976,3
4238,977,3
4239,980,3
4240,982,3
4241,973,3
4242,973,3
4243,966,2
4244,976,3
4245,971,3
4246,967,3
4247,967,3
4248,962,2
4249,966,2
4250,962,2
4251,967,3
4252,967,3
4253,956,2
4254,954,2
4255,946,2
4256,948,2
4257,952,2
4258,952,2
4259,945,2
4260,942,2
4261,946,2
4262,940,2
4263,943,2
4264,937,2
4265,937,2
4266,936,2
4267,937,2
4268,940,2
4269,935,2
4270,929,2
4271,930,2
4272,933,2
4273,926,2
4274,929,2
4275,924,2
4276,924,2
4277,928,2
4278,920,2
4279,925,2
4280,927,2
4281,915,2
4282,926,2
4283,919,2
4284,922,2
4285,923,2
4286,918,2
4287,915,2
4288,916,2
4289,917,2
4290,910,2
4291,918,2
4292,909,2
4293,909,2
4294,909,2
4295,914,2
4296,909,2
4297,909,2
4298,906,2
4299,904,2
4300,908,2
4301,899,2
4302,903,2
4303,904,2
4304,893,2
4305,892,2
4306,898,2
4307,894,2
4308,893,2
4309,887,2
4310,887,2
4311,884,2
4312,880,2
4313,882,2
4314,875,2
4315,869,2
4316,877,2
4317,871,2
4318,869,2
4319,871,2
4320,868,2
4321,871,2
4322,865,2
4323,868,2
4324,864,2
4325,865,2
4326,861,2
4327,861,2
4328,848,2
4329,849,2
4330,851,2
4331,852,2
4332,848,2
4333,847,2
4334,846,2
4335,846,2
4336,843,2
4337,838,2
4338,841,2
4339,842,2
4340,836,2
4341,830,2
4342,828,2
4343,830,2
4344,826,2
4345,831,2
4346,828,2
4347,825,2
4348,829,2
4349,826,2
4350,824,2
4351,823,2
4352,820,2
4353,825,2
4354,818,2
4355,816,2
4356,814,2
4357,813,2
4358,812,2
4359,812,2
4360,809,2
4361,809,2
4362,810,2
4363,809,2
4364,801,2
4365,801,2
4366,807,2
4367,802,2
4368,804,2
4369,800,2
4370,802,2
4371,792,2
4372,796,2
4373,790,2
4374,791,2
4375,796,2
4376,793,2
4377,794,2
4378,788,2
4379,786,2
4380,783,2
4381,784,2
4382,777,2
4383,778,2
4384,772,2
4385,780,2
4386,771,2
4387,771,2
4388,764,2
4389,774,2
4390,765,2
4391,763,2
4392,765,2
4393,766,2
4394,763,2
4395,762,2
4396,764,2
4397,763,2
4398,762,2
4399,753,2
4400,756,2
4401,756,2
4402,745,2
4403,750,2
4404,749,2
4405,752,2
4406,745,2
4407,744,2
4408,744,2
4409,743,2
4410,742,2
4411,740,2
4412,744,2
4413,732,2
4414,735,2
4415,734,2
4416,734,2
4417,726,2
4418,731,2
4419,731,2
4420,726,2
4421,731,2
4422,725,2
4423,721,2
4424,725,2
4425,730,2
4426,725,2
4427,721,2
4428,720,2
4429,717,2
4430,724,2
4431,721,2
4432,715,2
4433,722,2
4434,721,2
4435,718,2
4436,714,2
4437,713,2
4438,711,2
4439,711,2
4440,705,2
4441,702,2
4442,705,2
4443,699,2
4444,698,2
4445,695,2
4446,702,2
4447,700,2
4448,693,2
4449,691,2
4450,696,2
4451,690,2
4452,687,2
4453,693,2
4454,692,2
4455,695,2
4456,688,2
4457,688,2
4458,685,2
4459,690,2
4460,689,2
4461,687,2
4462,688,2
4463,688,2
4464,680,2
4465,681,2
4466,687,2
4467,686,2
4468,681,2
4469,683,2
4470,686,2
4471,683,2
4472,681,2
4473,682,2
4474,677,2
4475,684,2
4476,674,2
4477,674,2
4478,675,2
4479,671,2
4480,677,2
4481,672,2
4482,670,2
4483,673,2
4484,670,2
4485,674,2
4486,667,2
4487,672,2
4488,671,2
4489,671,2
4490,668,2
4491,667,2
4492,669,2
4493,670,2
4494,667,2
4495,672,2
4496,666,2
4497,664,2
4498,663,1
4499,660,1
4500,659,1
4501,665,2
4502,663,1
4503,657,1
4504,653,1
4505,652,1
4506,656,1
4507,657,1
4508,654,1
4509,656,1
4510,652,1
4511,651,1
4512,654,1
4513,650,1
4514,641,1
4515,645,1
4516,644,1
4517,649,1
4518,647,1
4519,643,1
4520,646,1
4521,643,1
4522,643,1
4523,638,1
4524,639,1
4525,641,1
4526,637,1
4527,636,1
4528,642,1
4529,637,1
4530,638,1
4531,632,1
4532,634,1
4533,633,1
4534,629,1
4535,628,1
4536,631,1
4537,634,1
4538,629,1
4539,628,1
4540,626,1
4541,619,1
4542,614,1
4543,615,1
4544,619,1
4545,622,1
4546,617,1
4547,613,1
4548,613,1
4549,612,1
4550,611,1
4551,607,1
4552,611,1
4553,611,1
4554,610,1
4555,610,1
4556,609,1
4557,614,1
4558,603,1
4559,608,1
4560,607,1
4561,607,1
4562,601,1
4563,599,1
4564,605,1
4565,601,1
4566,606,1
4567,604,1
4568,598,1
4569,599,1
4570,598,1
4571,597,1
4572,599,1
4573,593,1
4574,599,1
4575,597,1
4576,588,1
4577,587,1
4578,594,1
4579,590,1
4580,591,1
4581,590,1
4582,584,1
4583,584,1
4584,584,1
4585,585,1
4586,590,1
4587,585,1
4588,585,1
4589,578,1
4590,578,1
4591,578,1
4592,580,1
4593,579,1
4594,574,1
4595,578,1
4596,581,1
4597,578,1
4598,580,1
4599,570,1
4600,564,1
4601,565,1
4602,566,1
4603,562,1
4604,567,1
4605,561,1
4606,564,1
4607,563,1
4608,563,1
4609,565,1
4610,560,1
4611,564,1
4612,558,1
4613,555,1
4614,555,1
4615,555,1
4616,557,1
4617,552,1
4618,556,1
4619,551,1
4620,555,1
4621,550,1
4622,552,1
4623,547,1
4624,544,1
4625,553,1
4626,546,1
4627,548,1
4628,548,1
4629,548,1
4630,550,1
4631,543,1
4632,547,1
4633,543,1
4634,542,1
4635,546,1
4636,546,1
4637,543,1
4638,541,1
4639,536,1
4640,538,1
4641,537,1
4642,534,1
4643,534,1
4644,531,1
4645,532,1
4646,526,1
4647,526,1
4648,530,1
4649,534,1
4650,529,1
4651,525,1
4652,529,1
4653,526,1
4654,527,1
4655,531,1
4656,526,1
4657,522,1
4658,522,1
4659,519,1
4660,517,1
4661,525,1
4662,518,1
4663,519,1
4664,518,1
4665,514,1
4666,521,1
4667,515,1
4668,514,1
4669,512,1
4670,515,1
4671,518,1
4672,518,1
4673,515,1
4674,514,1
4675,516,1
4676,508,1
4677,511,1
4678,515,1
4679,507,1
4680,514,1
4681,510,1
4682,505,1
4683,513,1
4684,511,1
4685,509,1
4686,506,1
4687,507,1
4688,505,1
4689,512,1
4690,509,1
4691,504,1
4692,502,1
4693,503,1
4694,510,1
4695,501,1
4696,502,1
4697,503,1
4698,501,1
4699,504,1
4700,502,1
4701,503,1
4702,500,1
4703,499,1
4704,490,1
4705,496,1
4706,493,1
4707,490,1
4708,495,1
4709,492,1
4710,494,1
4711,489,1
4712,489,1
4713,493,1
4714,490,1
4715,487,1
4716,490,1
4717,490,1
4718,488,1
4719,483,1
4720,480,1
4721,484,1
4722,484,1
4723,480,1
4724,483,1
4725,484,1
4726,485,1
4727,481,1
4728,484,1
4729,473,1
4730,481,1
4731,477,1
4732,473,1
4733,482,1
4734,478,1
4735,478,1
4736,474,1
4737,475,1
4738,475,1
4739,477,1
4740,472,1
4741,472,1
4742,466,0
4743,468,1
4744,473,1
4745,468,1
4746,466,0
4747,467,0
4748,470,1
4749,465,0
4750,468,1
4751,468,1
4752,469,1
4753,462,0
4754,468,1
4755,464,0
4756,469,1
4757,460,0
4758,464,0
4759,467,0
4760,462,0
4761,459,0
4762,464,0
4763,459,0
4764,458,0
4765,455,0
4766,453,0
4767,461,0
4768,457,0
4769,457,0
4770,458,0
4771,457,0
4772,455,0
4773,455,0
4774,454,0
4775,456,0
4776,454,0
4777,452,0
4778,449,0
4779,446,0
4780,451,0
4781,449,0
4782,450,0
4783,451,0
4784,442,0
4785,448,0
4786,446,0
4787,450,0
4788,443,0
4789,445,0
4790,438,0
4791,442,0
4792,439,0
4793,435,0
4794,433,0
4795,437,0
4796,428,0
4797,437,0
4798,431,0
4799,432,0
4800,428,0
4801,431,0
4802,431,0
4803,428,0
4804,421,0
4805,421,0
4806,425,0
4807,424,0
4808,424,0
4809,426,0
4810,422,0
4811,424,0
4812,422,0
4813,413,0
4814,421,0
4815,418,0
4816,414,0
4817,413,0
4818,415,0
4819,417,0
4820,413,0
4821,414,0
4822,406,0
4823,405,0
4824,409,0
4825,413,0
4826,414,0
4827,409,0
4828,409,0
4829,404,0
4830,409,0
4831,405,0
4832,410,0
4833,406,0
4834,407,0
4835,401,0
4836,405,0
4837,409,0
4838,407,0
4839,397,0
4840,397,0
4841,404,0
4842,401,0
4843,403,0
4844,403,0
4845,401,0
4846,405,0
4847,401,0
4848,401,0
4849,399,0
4850,398,0
4851,395,0
4852,398,0
4853,398,0
4854,399,0
4855,396,0
4856,397,0
4857,391,0
4858,398,0
4859,393,0
4860,395,0
4861,395,0
4862,389,0
4863,392,0
4864,385,0
4865,394,0
4866,388,0
4867,385,0
4868,385,0
4869,389,0
4870,385,0
4871,383,0
4872,385,0
4873,382,0
4874,385,0
4875,385,0
4876,385,0
4877,383,0
4878,380,0
4879,377,0
4880,381,0
4881,382,0
4882,379,0
4883,379,0
4884,378,0
4885,374,0
4886,382,0
4887,376,0
4888,375,0
4889,381,0
4890,374,0
4891,372,0
4892,374,0
4893,376,0
4894,375,0
4895,378,0
4896,379,0
4897,374,0
4898,373,0
4899,368,0
4900,372,0
4901,374,0
4902,371,0
4903,370,0
4904,368,0
4905,372,0
4906,368,0
4907,373,0
4908,371,0
4909,371,0
4910,368,0
4911,374,0
4912,372,0
4913,366,0
4914,372,0
4915,365,0
4916,366,0
4917,374,0
4918,368,0
4919,369,0
4920,366,0
4921,364,0
4922,368,0
4923,366,0
4924,366,0
4925,363,0
4926,362,0
4927,365,0
4928,367,0
4929,361,0
4930,363,0
4931,367,0
4932,366,0
4933,368,0
4934,363,0
4935,357,0
4936,361,0
4937,357,0
4938,364,0
4939,360,0
4940,359,0
4941,355,0
4942,357,0
4943,359,0
4944,356,0
4945,356,0
4946,352,0
4947,355,0
4948,356,0
4949,355,0
4950,354,0
4951,351,0
4952,354,0
4953,350,0
4954,353,0
4955,353,0
4956,350,0
4957,354,0
4958,350,0
4959,351,0
4960,350,0
4961,349,0
4962,356,0
4963,351,0
4964,350,0
4965,349,0
4966,347,0
4967,343,0
4968,351,0
4969,352,0
4970,348,0
4971,351,0
4972,342,0
4973,346,0
4974,345,0
4975,343,0
4976,343,0
4977,344,0
4978,342,0
4979,346,0
4980,343,0
4981,347,0
4982,344,0
4983,342,0
4984,339,0
4985,341,0
4986,340,0
4987,341,0
4988,341,0
4989,341,0
4990,334,0
4991,336,0
4992,338,0
4993,337,0
4994,336,0
4995,338,0
4996,338,0
4997,340,0
4998,343,0
4999,8198,3
5000,6587,3
5001,6087,3
5002,5685,3
5003,5560,3
5004,5427,3
5005,5430,3
5006,5244,3
5007,5220,3
5008,5163,3
5009,4673,3
5010,4608,3
5011,4386,3
5012,4260,3
5013,4214,3
5014,4188,3
5015,4183,3
5016,4125,3
5017,4106,3
5018,4076,3
5019,4039,3
5020,3956,3
5021,3944,3
5022,3932,3
5023,3919,3
5024,3921,3
5025,3909,3
5026,3872,3
5027,3857,3
5028,3795,3
5029,3765,3
5030,3758,3
5031,3747,3
5032,3728,3
5033,3725,3
5034,3671,3
5035,3644,3
5036,3620,3
5037,3610,3
5038,3615,3
5039,3557,3
5040,3546,3
5041,3520,3
5042,3500,3
5043,3504,3
5044,3474,3
5045,3462,3
5046,3468,3
5047,3457,3
5048,3446,3
5049,3440,3
5050,3438,3
5051,3436,3
5052,3419,3
5053,3403,3
5054,3392,3
5055,3369,3
5056,3361,3
5057,3360,3
5058,3356,3
5059,3348,3
5060,3344,3
5061,3346,3
5062,3342,3
5063,3342,3
5064,3337,3
5065,3331,3
5066,3323,3
5067,3316,3
5068,3313,3
5069,3307,3
5070,3308,3
5071,3305,3
5072,3298,3
5073,3281,3
5074,3265,3
5075,3270,3
5076,3267,3
5077,3262,3
5078,3256,3
5079,3232,3
5080,3231,3
5081,3222,3
5082,3222,3
5083,3222,3
5084,3223,3
5085,3213,3
5086,3214,3
5087,3204,3
5088,3200,3
5089,3198,3
5090,3159,3
5091,3159,3
5092,3162,3
5093,3162,3
5094,3163,3
5095,3147,3
5096,3141,3
5097,3133,3
5098,3125,3
5099,3127,3
5100,3123,3
5101,3110,3
5102,3113,3
5103,3103,3
5104,3110,3
5105,3106,3
5106,3092,3
5107,3093,3
5108,3087,3
5109,3075,3
5110,3054,3
5111,3053,3
5112,3048,3
5113,3042,3
5114,3041,3
5115,3039,3
5116,3026,3
5117,3030,3
5118,3023,3
5119,3014,3
5120,3012,3
5121,3011,3
5122,3012,3
5123,2989,3
5124,2993,3
5125,2988,3
5126,2984,3
5127,2981,3
5128,2974,3
5129,2981,3
5130,2978,3
5131,2975,3
5132,2975,3
5133,2981,3
5134,2972,3
5135,2977,3
5136,2970,3
5137,2964,3
5138,2963,3
5139,2953,3
5140,2961,3
5141,2953,3
5142,2950,3
5143,2950,3
5144,2946,3
5145,2944,3
5146,2941,3
5147,2936,3
5148,2939,3
5149,2931,3
5150,2926,3
5151,2924,3
5152,2915,3
5153,2911,3
5154,2902,3
5155,2893,3
5156,2888,3
5157,2890,3
5158,2888,3
5159,2883,3
5160,2889,3
5161,2884,3
5162,2879,3
5163,2880,3
5164,2879,3
5165,2877,3
5166,2877,3
5167,2876,3
5168,2864,3
5169,2871,3
5170,2863,3
5171,2874,3
5172,2868,3
5173,2861,3
5174,2866,3
5175,2863,3
5176,2855,3
5177,2854,3
5178,2852,3
5179,2862,3
5180,2854,3
5181,2847,3
5182,2843,3
5183,2843,3
5184,2843,3
5185,2844,3
5186,2840,3
5187,2849,3
5188,2840,3
5189,2840,3
5190,2831,3
5191,2832,3
5192,2818,3
5193,2824,3
5194,2814,3
5195,2819,3
5196,2817,3
5197,2811,3
5198,2813,3
5199,2816,3
5200,2817,3
5201,2809,3
5202,2808,3
5203,2801,3
5204,2800,3
5205,2793,3
5206,2800,3
5207,2791,3
5208,2792,3
5209,3225,3
5210,2788,3
5211,2791,3
5212,2785,3
5213,2782,3
5214,2777,3
5215,2777,3
5216,2784,3
5217,2777,3
5218,2773,3
5219,2777,3
5220,2775,3
5221,2780,3
5222,2766,3
5223,2767,3
5224,2760,3
5225,2753,3
5226,2756,3
5227,2758,3
5228,2761,3
5229,2756,3
5230,2751,3
5231,2756,3
5232,2748,3
5233,2751,3
5234,2748,3
5235,2743,3
5236,2748,3
5237,2740,3
5238,2744,3
5239,2744,3
5240,2745,3
5241,2742,3
5242,2740,3
5243,2737,3
5244,2736,3
5245,2738,3
5246,2733,3
5247,2738,3
5248,2734,3
5249,2732,2
5250,2728,2
5251,2727,2
5252,2725,2
5253,2729,2
5254,2730,2
5255,2729,2
5256,2728,2
5257,2715,2
5258,2716,2
5259,2713,2
5260,2717,2
5261,2714,2
5262,2711,2
5263,2712,2
5264,2709,2
5265,2711,2
5266,2699,2
5267,2705,2
5268,2706,2
5269,2704,2
5270,2702,2
5271,2695,2
5272,2703,2
5273,2701,2
5274,2690,2
5275,2690,2
5276,2688,2
5277,2683,2
5278,2679,2
5279,2679,2
5280,2677,2
5281,2676,2
5282,2676,2
5283,2674,2
5284,2672,2
5285,2672,2
5286,2667,2
5287,2668,2
5288,2670,2
5289,2669,2
5290,2672,2
5291,2670,2
5292,2662,2
5293,2663,2
5294,2661,2
5295,2660,2
5296,2659,2
5297,2659,2
5298,2660,2
5299,2663,2
5300,2655,2
5301,2651,2
5302,2653,2
5303,2657,2
5304,2653,2
5305,2652,2
5306,2650,2
5307,2649,2
5308,2655,2
5309,2644,2
5310,2649,2
5311,2641,2
5312,2644,2
5313,2635,2
5314,2641,2
5315,2639,2
5316,2633,2
5317,2639,2
5318,2635,2
5319,2634,2
5320,2635,2
5321,2636,2
5322,2631,2
5323,2630,2
5324,2626,2
5325,2635,2
5326,2627,2
5327,2629,2
5328,2623,2
5329,2632,2
5330,2631,2
5331,2635,2
5332,2626,2
5333,2627,2
5334,2623,2
5335,2627,2
5336,2625,2
5337,2626,2
5338,2626,2
5339,2625,2
5340,2619,2
5341,2621,2
5342,2619,2
5343,2617,2
5344,2614,2
5345,2614,2
5346,2609,2
5347,2611,2
5348,2615,2
5349,2611,2
5350,2603,2
5351,2608,2
5352,2610,2
5353,2605,2
5354,2602,2
5355,2606,2
5356,2604,2
5357,2599,2
5358,2600,2
5359,2603,2
5360,2600,2
5361,2597,2
5362,2599,2
5363,2600,2
5364,2593,2
5365,2594,2
5366,2598,2
5367,2588,2
5368,2587,2
5369,2582,2
5370,2587,2
5371,2589,2
5372,2584,2
5373,2587,2
5374,2585,2
5375,2583,2
5376,2579,2
5377,2577,2
5378,2581,2
5379,2578,2
5380,2574,2
5381,2577,2
5382,2577,2
5383,2576,2
5384,2575,2
5385,2580,2
5386,2574,2
5387,2566,2
5388,2572,2
5389,2570,2
5390,2574,2
5391,2567,2
5392,2572,2
5393,2572,2
5394,2568,2
5395,2563,2
5396,2562,2
5397,2563,2
5398,2569,2
5399,2567,2
5400,2562,2
5401,2562,2
5402,2560,2
5403,2557,2
5404,2557,2
5405,2561,2
5406,2558,2
5407,2553,2
5408,2558,2
5409,2549,2
5410,2556,2
5411,2560,2
5412,2550,2
5413,2554,2
5414,2553,2
5415,2552,2
5416,2549,2
5417,2551,2
5418,2545,2
5419,2545,2
5420,2545,2
5421,2545,2
5422,2551,2
5423,2545,2
5424,2536,2
5425,2545,2
5426,2546,2
5427,2543,2
5428,2539,2
5429,2541,2
5430,2542,2
5431,2538,2
5432,2534,2
5433,2533,2
5434,2535,2
5435,2535,2
5436,2533,2
5437,2528,2
5438,2530,2
5439,2533,2
5440,2529,2
5441,2525,2
5442,2521,2
5443,2523,2
5444,2518,2
5445,2522,2
5446,2521,2
5447,2521,2
5448,2521,2
5449,2514,2
5450,2518,2
5451,2520,2
5452,2518,2
5453,2518,2
5454,2515,2
5455,2523,2
5456,2512,2
5457,2518,2
5458,2512,2
5459,2514,2
5460,2517,2
5461,2511,2
5462,2507,2
5463,2512,2
5464,2514,2
5465,2508,2
5466,2512,2
5467,2513,2
5468,2509,2
5469,2509,2
5470,2503,2
5471,2504,2
5472,2506,2
5473,2507,2
5474,2504,2
5475,2499,2
5476,2500,2
5477,2493,2
5478,2501,2
5479,2499,2
5480,2497,2
5481,2495,2
5482,2494,2
5483,2491,2
5484,2493,2
5485,2496,2
5486,2492,2
5487,2492,2
5488,2492,2
5489,2488,2
5490,2493,2
5491,2491,2
5492,2489,2
5493,2492,2
5494,2489,2
5495,2484,2
5496,2484,2
5497,2481,1
5498,2482,1
5499,2478,1
5500,2481,1
5501,2482,1
5502,2490,2
5503,2484,2
5504,2477,1
5505,2483,1
5506,2477,1
5507,2483,1
5508,2483,1
5509,2481,1
5510,2479,1
5511,2476,1
5512,2470,1
5513,2471,1
5514,2469,1
5515,2472,1
5516,2469,1
5517,2473,1
5518,2465,1
5519,2466,1
5520,2468,1
5521,2468,1
5522,2472,1
5523,2467,1
5524,2467,1
5525,2463,1
5526,2462,1
5527,2465,1
5528,2463,1
5529,2462,1
5530,2459,1
5531,2465,1
5532,2462,1
5533,2470,1
5534,2466,1
5535,2461,1
5536,2459,1
5537,2456,1
5538,2464,1
5539,2453,1
5540,2459,1
5541,2456,1
5542,2458,1
5543,2456,1
5544,2455,1
5545,2455,1
5546,2449,1
5547,2449,1
5548,2459,1
5549,2446,1
5550,2452,1
5551,2442,1
5552,2449,1
5553,2448,1
5554,2439,1
5555,2446,1
5556,2446,1
5557,2444,1
5558,2445,1
5559,2446,1
5560,2443,1
5561,2440,1
5562,2442,1
5563,2446,1
5564,2442,1
5565,2446,1
5566,2444,1
5567,2443,1
5568,2444,1
5569,2446,1
5570,2446,1
5571,2440,1
5572,2439,1
5573,2440,1
5574,2443,1
5575,2438,1
5576,2436,1
5577,2436,1
5578,2436,1
5579,2434,1
5580,2432,1
5581,2435,1
5582,2429,1
5583,2434,1
5584,2434,1
5585,2437,1
5586,2430,1
5587,2434,1
5588,2429,1
5589,2430,1
5590,2427,1
5591,2427,1
5592,2430,1
5593,2429,1
5594,2430,1
5595,2433,1
5596,2421,1
5597,2429,1
5598,2426,1
5599,2425,1
5600,2430,1
5601,2420,1
5602,2426,1
5603,2422,1
5604,2416,1
5605,2422,1
5606,2419,1
5607,2416,1
5608,2421,1
5609,2419,1
5610,2417,1
5611,2420,1
5612,2418,1
5613,2412,1
5614,2418,1
5615,2414,1
5616,2412,1
5617,2416,1
5618,2412,1
5619,2412,1
5620,2413,1
5621,2412,1
5622,2417,1
5623,2416,1
5624,2414,1
5625,2418,1
5626,2409,1
5627,2409,1
5628,2409,1
5629,2412,1
5630,2410,1
5631,2412,1
5632,2409,1
5633,2412,1
5634,2410,1
5635,2410,1
5636,2406,1
5637,2408,1
5638,2404,1
5639,2406,1
5640,2406,1
5641,2407,1
5642,2403,1
5643,2407,1
5644,2400,1
5645,2406,1
5646,2404,1
5647,2407,1
5648,2398,1
5649,2403,1
5650,2403,1
5651,2401,1
5652,2405,1
5653,2397,1
5654,2396,1
5655,2396,1
5656,2400,1
5657,2400,1
5658,2400,1
5659,2400,1
5660,2398,1
5661,2395,1
5662,2397,1
5663,2398,1
5664,2396,1
5665,2391,1
5666,2399,1
5667,2400,1
5668,2395,1
5669,2394,1
5670,2390,1
5671,2388,1
5672,2387,1
5673,2392,1
5674,2389,1
5675,2394,1
5676,2392,1
5677,2389,1
5678,2392,1
5679,2390,1
5680,2392,1
5681,2397,1
5682,2391,1
5683,2394,1
5684,2388,1
5685,2391,1
5686,2395,1
5687,2387,1
5688,2388,1
5689,2389,1
5690,2391,1
5691,2386,1
5692,2383,1
5693,2385,1
5694,2387,1
5695,2385,1
5696,2383,1
5697,2385,1
5698,2382,1
5699,2390,1
5700,2385,1
5701,2385,1
5702,2383,1
5703,2378,1
5704,2383,1
5705,2380,1
5706,2380,1
5707,2381,1
5708,2375,1
5709,2375,1
5710,2378,1
5711,2382,1
5712,2378,1
5713,2373,1
5714,2372,1
5715,2378,1
5716,2377,1
5717,2372,1
5718,2371,1
5719,2369,1
5720,2374,1
5721,2377,1
5722,2370,1
5723,2377,1
5724,2373,1
5725,2373,1
5726,2365,1
5727,2376,1
5728,2373,1
5729,2365,1
5730,2368,1
5731,2373,1
5732,2364,1
5733,2370,1
5734,2362,1
5735,2367,1
5736,2364,1
5737,2364,1
5738,2370,1
5739,2365,1
5740,2364,1
5741,2365,1
5742,2359,0
5743,2362,1
5744,2360,0
5745,2365,1
5746,2367,1
5747,2362,1
5748,2359,0
5749,2364,1
5750,2362,1
5751,2359,0
5752,2357,0
5753,2355,0
5754,2360,0
5755,2357,0
5756,2360,0
5757,2358,0
5758,2359,0
5759,2351,0
5760,2351,0
5761,2350,0
5762,2354,0
5763,2357,0
5764,2350,0
5765,2350,0
5766,2349,0
5767,2346,0
5768,2347,0
5769,2349,0
5770,2350,0
5771,2351,0
5772,2350,0
5773,2347,0
5774,2343,0
5775,2344,0
5776,2343,0
5777,2346,0
5778,2346,0
5779,2346,0
5780,2342,0
5781,2342,0
5782,2343,0
5783,2342,0
5784,2346,0
5785,2343,0
5786,2344,0
5787,2345,0
5788,2338,0
5789,2337,0
5790,2338,0
5791,2339,0
5792,2343,0
5793,2339,0
5794,2331,0
5795,2340,0
5796,2336,0
5797,2335,0
5798,2338,0
5799,2334,0
5800,2334,0
5801,2336,0
5802,2334,0
5803,2333,0
5804,2330,0
5805,2330,0
5806,2331,0
5807,2328,0
5808,2333,0
5809,2328,0
5810,2326,0
5811,2329,0
5812,2328,0
5813,2332,0
5814,2335,0
5815,2331,0
5816,2333,0
5817,2331,0
5818,2329,0
5819,2327,0
5820,2326,0
5821,2330,0
5822,2330,0
5823,2326,0
5824,2329,0
5825,2321,0
5826,2325,0
5827,2322,0
5828,2328,0
5829,2321,0
5830,2329,0
5831,2323,0
5832,2327,0
5833,2318,0
5834,2324,0
5835,2319,0
5836,2321,0
5837,2320,0
5838,2319,0
5839,2314,0
5840,2318,0
5841,2319,0
5842,2318,0
5843,2321,0
5844,2319,0
5845,2321,0
5846,2325,0
5847,2320,0
5848,2318,0
5849,2317,0
5850,2317,0
5851,2314,0
5852,2314,0
5853,2314,0
5854,2312,0
5855,2309,0
5856,2312,0
5857,2315,0
5858,2310,0
5859,2311,0
5860,2312,0
5861,2306,0
5862,2312,0
5863,2311,0
5864,2307,0
5865,2307,0
5866,2307,0
5867,2309,0
5868,2307,0
5869,2299,0
5870,2300,0
5871,2306,0
5872,2304,0
5873,2305,0
5874,2301,0
5875,2301,0
5876,2295,0
5877,2303,0
5878,2303,0
5879,2301,0
5880,2302,0
5881,2299,0
5882,2299,0
5883,2305,0
5884,2297,0
5885,2298,0
5886,2302,0
5887,2297,0
5888,2297,0
5889,2296,0
5890,2292,0
5891,2294,0
5892,2292,0
5893,2297,0
5894,2295,0
5895,2291,0
5896,2292,0
5897,2298,0
5898,2294,0
5899,2292,0
5900,2293,0
5901,2288,0
5902,2292,0
5903,2292,0
5904,2294,0
5905,2291,0
5906,2288,0
5907,2290,0
5908,2291,0
5909,2283,0
5910,2289,0
5911,2287,0
5912,2283,0
5913,2290,0
5914,2286,0
5915,2287,0
5916,2285,0
5917,2288,0
5918,2291,0
5919,2283,0
5920,2282,0
5921,2284,0
5922,2284,0
5923,2282,0
5924,2284,0
5925,2277,0
5926,2279,0
5927,2282,0
5928,2286,0
5929,2275,0
5930,2282,0
5931,2280,0
5932,2277,0
5933,2279,0
5934,2278,0
5935,2274,0
5936,2278,0
5937,2274,0
5938,2272,0
5939,2277,0
5940,2280,0
5941,2278,0
5942,2277,0
5943,2276,0
5944,2280,0
5945,2274,0
5946,2269,0
5947,2273,0
5948,2267,0
5949,2275,0
5950,2271,0
5951,2265,0
5952,2269,0
5953,2271,0
5954,2269,0
5955,2264,0
5956,2268,0
5957,2273,0
5958,2271,0
5959,2267,0
5960,2261,0
5961,2263,0
5962,2265,0
5963,2260,0
5964,2264,0
5965,2259,0
5966,2258,0
5967,2265,0
5968,2264,0
5969,2267,0
5970,2260,0
5971,2260,0
5972,2256,0
5973,2258,0
5974,2255,0
5975,2258,0
5976,2265,0
5977,2256,0
5978,2261,0
5979,2257,0
5980,2259,0
5981,2259,0
5982,2257,0
5983,2261,0
5984,2259,0
5985,2250,0
5986,2255,0
5987,2251,0
5988,2259,0
5989,2255,0
5990,2255,0
5991,2255,0
5992,2254,0
5993,2251,0
5994,2250,0
5995,2253,0
5996,2249,0
5997,2251,0
5998,2252,0
5999,21868,3
6000,14568,3
6001,11901,3
6002,10892,3
6003,10530,3
6004,10262,3
6005,10245,3
6006,9585,3
6007,8735,3
6008,8693,3
6009,8325,3
6010,8012,3
6011,7907,3
6012,7805,3
6013,7723,3
6014,7483,3
6015,7373,3
6016,7280,3
6017,7190,3
6018,7097,3
6019,7026,3
6020,7026,3
6021,6807,3
6022,6803,3
6023,6781,3
6024,6762,3
6025,6675,3
6026,6640,3
6027,6614,3
6028,6596,3
6029,6550,3
6030,6530,3
6031,6498,3
6032,6435,3
6033,6299,3
6034,6255,3
6035,6236,3
6036,6197,3
6037,6148,3
6038,6132,3
6039,6083,3
6040,6041,3
6041,6032,3
6042,5851,3
6043,5841,3
6044,5830,3
6045,5823,3
6046,5788,3
6047,5788,3
6048,5697,3
6049,5664,3
6050,5650,3
6051,5604,3
6052,5585,3
6053,5528,3
6054,5514,3
6055,5436,3
6056,5425,3
6057,5421,3
6058,5419,3
6059,5407,3
6060,5393,3
6061,5376,3
6062,5358,3
6063,5327,3
6064,5271,3
6065,5270,3
6066,5274,3
6067,5237,3
6068,5227,3
6069,5169,3
6070,5159,3
6071,5156,3
6072,5142,3
6073,5142,3
6074,5133,3
6075,5122,3
6076,5099,3
6077,5068,3
6078,5055,3
6079,5054,3
6080,5034,3
6081,4992,3
6082,4976,3
6083,4974,3
6084,4955,3
6085,4948,3
6086,4934,3
6087,4910,3
6088,4890,3
6089,4856,3
6090,4845,3
6091,4849,3
6092,4840,3
6093,4814,3
6094,4805,3
6095,4791,3
6096,4791,3
6097,4773,3
6098,4750,3
6099,4727,3
6100,4731,3
6101,4726,3
6102,4722,3
6103,4713,3
6104,4672,3
6105,4651,3
6106,4647,3
6107,4649,3
6108,4644,3
6109,4613,3
6110,4602,3
6111,4593,3
6112,4591,3
6113,4593,3
6114,4572,3
6115,4565,3
6116,4557,3
6117,4545,3
6118,4541,3
6119,4541,3
6120,4535,3
6121,4503,3
6122,4481,3
6123,4479,3
6124,4459,3
6125,4456,3
6126,4453,3
6127,4445,3
6128,4428,3
6129,4426,3
6130,4417,3
6131,4405,3
6132,4398,3
6133,4375,3
6134,4373,3
6135,4348,3
6136,4346,3
6137,4338,3
6138,4311,3
6139,4304,3
6140,4293,3
6141,4291,3
6142,4280,3
6143,4287,3
6144,4281,3
6145,4260,3
6146,4251,3
6147,4253,3
6148,4248,3
6149,4238,3
6150,4234,3
6151,4233,3
6152,4227,3
6153,4222,3
6154,4167,3
6155,4159,3
6156,4174,3
6157,4167,3
6158,4160,3
6159,4153,3
6160,4145,3
6161,4135,3
6162,4129,3
6163,4133,3
6164,4136,3
6165,4121,3
6166,4104,3
6167,4098,3
6168,4094,3
6169,4093,3
6170,4097,3
6171,4083,3
6172,4090,3
6173,4081,3
6174,4078,3
6175,4062,3
6176,4067,3
6177,4061,3
6178,4054,3
6179,4052,3
6180,4050,3
6181,4056,3
6182,4047,3
6183,4051,3
6184,4051,3
6185,4040,3
6186,4043,3
6187,4023,3
6188,4012,3
6189,4022,3
6190,4006,3
6191,4009,3
6192,4003,3
6193,3998,3
6194,4004,3
6195,3991,3
6196,3989,3
6197,3989,3
6198,3988,3
6199,3981,3
6200,3978,3
6201,3978,3
6202,3969,3
6203,3970,3
6204,3971,3
6205,3969,3
6206,3964,3
6207,3959,3
6208,3955,3
6209,3954,3
6210,3955,3
6211,3963,3
6212,3956,3
6213,3952,3
6214,3941,3
6215,3929,3
6216,3913,3
6217,3922,3
6218,3910,3
6219,3914,3
6220,3902,3
6221,3906,3
6222,3897,3
6223,3897,3
6224,3903,3
6225,3895,3
6226,3890,3
6227,3897,3
6228,3898,3
6229,3891,3
6230,3888,3
6231,3883,3
6232,3881,3
6233,3877,3
6234,3871,3
6235,3868,3
6236,3866,3
6237,3856,3
6238,3861,3
6239,3855,3
6240,3859,3
6241,3854,3
6242,3853,3
6243,3855,3
6244,3847,3
6245,3850,3
6246,3846,3
6247,3840,2
6248,3844,3
6249,3842,3
6250,3832,2
6251,3825,2
6252,3820,2
6253,3825,2
6254,3821,2
6255,3819,2
6256,3807,2
6257,3802,2
6258,3804,2
6259,3807,2
6260,3801,2
6261,3804,2
6262,3800,2
6263,3791,2
6264,3793,2
6265,3790,2
6266,3780,2
6267,3781,2
6268,3780,2
6269,3777,2
6270,3774,2
6271,3771,2
6272,3766,2
6273,3764,2
6274,3768,2
6275,3756,2
6276,3759,2
6277,3751,2
6278,3754,2
6279,3757,2
6280,3755,2
6281,3744,2
6282,3741,2
6283,3741,2
6284,3744,2
6285,3741,2
6286,3741,2
6287,3735,2
6288,3735,2
6289,3724,2
6290,3727,2
6291,3727,2
6292,3724,2
6293,3723,2
6294,3710,2
6295,3710,2
6296,3712,2
6297,3705,2
6298,3707,2
6299,3703,2
6300,3702,2
6301,3695,2
6302,3699,2
6303,3700,2
6304,3692,2
6305,3695,2
6306,3698,2
6307,3689,2
6308,3691,2
6309,3690,2
6310,3690,2
6311,3688,2
6312,3682,2
6313,3674,2
6314,3677,2
6315,3666,2
6316,3666,2
6317,3661,2
6318,3661,2
6319,3655,2
6320,3661,2
6321,3665,2
6322,3664,2
6323,3663,2
6324,3653,2
6325,3661,2
6326,3653,2
6327,3651,2
6328,3647,2
6329,3641,2
6330,3648,2
6331,3646,2
6332,3637,2
6333,3639,2
6334,3638,2
6335,3631,2
6336,3627,2
6337,3627,2
6338,3626,2
6339,3623,2
6340,3622,2
6341,3619,2
6342,3616,2
6343,3624,2
6344,3617,2
6345,3610,2
6346,3615,2
6347,3609,2
6348,3603,2
6349,3609,2
6350,3599,2
6351,3601,2
6352,3592,2
6353,3595,2
6354,3591,2
6355,3590,2
6356,3582,2
6357,3592,2
6358,3585,2
6359,3582,2
6360,3580,2
6361,3576,2
6362,3573,2
6363,3580,2
6364,3576,2
6365,3575,2
6366,3574,2
6367,3569,2
6368,3570,2
6369,3563,2
6370,3565,2
6371,3566,2
6372,3557,2
6373,3554,2
6374,3555,2
6375,3555,2
6376,3556,2
6377,3549,2
6378,3557,2
6379,3550,2
6380,3549,2
6381,3549,2
6382,3546,2
6383,3545,2
6384,3545,2
6385,3539,2
6386,3532,2
6387,3530,2
6388,3530,2
6389,3527,2
6390,3523,2
6391,3525,2
6392,3521,2
6393,3518,2
6394,3521,2
6395,3514,2
6396,3515,2
6397,3519,2
6398,3504,2
6399,3506,2
6400,3510,2
6401,3507,2
6402,3505,2
6403,3503,2
6404,3506,2
6405,3503,2
6406,3497,2
6407,3500,2
6408,3503,2
6409,3491,2
6410,3488,2
6411,3490,2
6412,3486,2
6413,3487,2
6414,3483,2
6415,3478,2
6416,3485,2
6417,3476,2
6418,3472,2
6419,3484,2
6420,3477,2
6421,3476,2
6422,3478,2
6423,3476,2
6424,3472,2
6425,3480,2
6426,3470,2
6427,3470,2
6428,3475,2
6429,3467,2
6430,3469,2
6431,3465,2
6432,3467,2
6433,3458,2
6434,3467,2
6435,3460,2
6436,3460,2
6437,3455,2
6438,3446,2
6439,3444,2
6440,3449,2
6441,3437,2
6442,3442,2
6443,3439,2
6444,3438,2
6445,3440,2
6446,3445,2
6447,3441,2
6448,3436,2
6449,3435,2
6450,3428,2
6451,3428,2
6452,3429,2
6453,3430,2
6454,3428,2
6455,3432,2
6456,3424,2
6457,3429,2
6458,3421,2
6459,3428,2
6460,3425,2
6461,3425,2
6462,3420,2
6463,3418,2
6464,3419,2
6465,3417,2
6466,3421,2
6467,3417,2
6468,3417,2
6469,3420,2
6470,3415,2
6471,3407,2
6472,3408,2
6473,3409,2
6474,3409,2
6475,3405,2
6476,3408,2
6477,3404,2
6478,3401,2
6479,3401,2
6480,3399,2
6481,3393,2
6482,3397,2
6483,3392,2
6484,3399,2
6485,3402,2
6486,3391,2
6487,3391,2
6488,3396,2
6489,3395,2
6490,3395,2
6491,3386,2
6492,3392,2
6493,3388,2
6494,3387,2
6495,3392,2
6496,3387,2
6497,3380,1
6498,3387,2
6499,3380,1
6500,3382,1
6501,3390,2
6502,3382,1
6503,3375,1
6504,3381,1
6505,3375,1
6506,3376,1
6507,3382,1
6508,3379,1
6509,3375,1
6510,3379,1
6511,3374,1
6512,3379,1
6513,3375,1
6514,3375,1
6515,3372,1
6516,3367,1
6517,3372,1
6518,3365,1
6519,3373,1
6520,3358,1
6521,3369,1
6522,3361,1
6523,3361,1
6524,3359,1
6525,3357,1
6526,3351,1
6527,3357,1
6528,3350,1
6529,3352,1
6530,3352,1
6531,3345,1
6532,3351,1
6533,3349,1
6534,3350,1
6535,3346,1
6536,3351,1
6537,3351,1
6538,3344,1
6539,3339,1
6540,3345,1
6541,3342,1
6542,3336,1
6543,3342,1
6544,3337,1
6545,3342,1
6546,3340,1
6547,3329,1
6548,3344,1
6549,3339,1
6550,3338,1
6551,3332,1
6552,3331,1
6553,3334,1
6554,3329,1
6555,3339,1
6556,3332,1
6557,3330,1
6558,3334,1
6559,3330,1
6560,3334,1
6561,3332,1
6562,3333,1
6563,3327,1
6564,3325,1
6565,3326,1
6566,3326,1
6567,3329,1
6568,3325,1
6569,3321,1
6570,3320,1
6571,3318,1
6572,3323,1
6573,3315,1
6574,3320,1
6575,3319,1
6576,3315,1
6577,3318,1
6578,3316,1
6579,3313,1
6580,3312,1
6581,3318,1
6582,3314,1
6583,3316,1
6584,3306,1
6585,3312,1
6586,3305,1
6587,3311,1
6588,3302,1
6589,3308,1
6590,3303,1
6591,3303,1
6592,3297,1
6593,3297,1
6594,3302,1
6595,3300,1
6596,3296,1
6597,3298,1
6598,3297,1
6599,3297,1
6600,3298,1
6601,3302,1
6602,3291,1
6603,3296,1
6604,3301,1
6605,3290,1
6606,3294,1
6607,3294,1
6608,3294,1
6609,3287,1
6610,3287,1
6611,3280,1
6612,3283,1
6613,3285,1
6614,3287,1
6615,3289,1
6616,3278,1
6617,3282,1
6618,3288,1
6619,3280,1
6620,3281,1
6621,3283,1
6622,3276,1
6623,3270,1
6624,3273,1
6625,3269,1
6626,3275,1
6627,3265,1
6628,3268,1
6629,3272,1
6630,3268,1
6631,3268,1
6632,3262,1
6633,3262,1
6634,3261,1
6635,3257,1
6636,3263,1
6637,3254,1
6638,3261,1
6639,3260,1
6640,3254,1
6641,3254,1
6642,3257,1
6643,3258,1
6644,3250,1
6645,3258,1
6646,3248,1
6647,3250,1
6648,3254,1
6649,3251,1
6650,3245,1
6651,3254,1
6652,3250,1
6653,3243,1
6654,3248,1
6655,3251,1
6656,3255,1
6657,3248,1
6658,3255,1
6659,3244,1
6660,3251,1
6661,3247,1
6662,3238,1
6663,3245,1
6664,3246,1
6665,3243,1
6666,3239,1
6667,3248,1
6668,3235,1
6669,3233,1
6670,3245,1
6671,3236,1
6672,3240,1
6673,3240,1
6674,3236,1
6675,3238,1
6676,3239,1
6677,3237,1
6678,3235,1
6679,3236,1
6680,3240,1
6681,3236,1
6682,3234,1
6683,3225,1
6684,3227,1
6685,3233,1
6686,3231,1
6687,3232,1
6688,3229,1
6689,3228,1
6690,3226,1
6691,3222,1
6692,3219,1
6693,3229,1
6694,3224,1
6695,3220,1
6696,3221,1
6697,3221,1
6698,3218,1
6699,3212,1
6700,3211,1
6701,3208,1
6702,3204,1
6703,3210,1
6704,3202,1
6705,3201,1
6706,3203,1
6707,3202,1
6708,3198,1
6709,3200,1
6710,3206,1
6711,3201,1
6712,3203,1
6713,3207,1
6714,3198,1
6715,3199,1
6716,3201,1
6717,3196,1
6718,3196,1
6719,3191,1
6720,3193,1
6721,3196,1
6722,3190,1
6723,3197,1
6724,3189,1
6725,3197,1
6726,3198,1
6727,3193,1
6728,3186,1
6729,3195,1
6730,3190,1
6731,3191,1
6732,3188,1
6733,3185,1
6734,3188,1
6735,3193,1
6736,3186,1
6737,3185,1
6738,3183,1
6739,3181,1
6740,3187,1
6741,3186,1
6742,3181,1
6743,3177,1
6744,3180,1
6745,3176,0
6746,3179,1
6747,3179,1
6748,3176,0
6749,3175,0
6750,3170,0
6751,3176,0
6752,3169,0
6753,3170,0
6754,3167,0
6755,3166,0
6756,3163,0
6757,3167,0
6758,3169,0
6759,3165,0
6760,3171,0
6761,3170,0
6762,3168,0
6763,3167,0
6764,3163,0
6765,3160,0
6766,3168,0
6767,3161,0
6768,3161,0
6769,3159,0
6770,3157,0
6771,3157,0
6772,3161,0
6773,3162,0
6774,3157,0
6775,3153,0
6776,3159,0
6777,3153,0
6778,3152,0
6779,3158,0
6780,3149,0
6781,3151,0
6782,3151,0
6783,3152,0
6784,3153,0
6785,3149,0
6786,3148,0
6787,3156,0
6788,3149,0
6789,3150,0
6790,3142,0
6791,3141,0
6792,3147,0
6793,3142,0
6794,3148,0
6795,3141,0
6796,3146,0
6797,3138,0
6798,3143,0
6799,3138,0
6800,3141,0
6801,3140,0
6802,3140,0
6803,3137,0
6804,3141,0
6805,3143,0
6806,3138,0
6807,3138,0
6808,3133,0
6809,3138,0
6810,3138,0
6811,3262,1
6812,3136,0
6813,3131,0
6814,3132,0
6815,3128,0
6816,3129,0
6817,3129,0
6818,3127,0
6819,3131,0
6820,3130,0
6821,3129,0
6822,3128,0
6823,3131,0
6824,3126,0
6825,3132,0
6826,3124,0
6827,3128,0
6828,3117,0
6829,3124,0
6830,3121,0
6831,3123,0
6832,3124,0
6833,3114,0
6834,3120,0
6835,3119,0
6836,3120,0
6837,3116,0
6838,3125,0
6839,3120,0
6840,3116,0
6841,3117,0
6842,3125,0
6843,3111,0
6844,3119,0
6845,3119,0
6846,3113,0
6847,3114,0
6848,3115,0
6849,3115,0
6850,3116,0
6851,3120,0
6852,3111,0
6853,3115,0
6854,3110,0
6855,3117,0
6856,3111,0
6857,3111,0
6858,3113,0
6859,3106,0
6860,3112,0
6861,3127,0
6862,3111,0
6863,3108,0
6864,3109,0
6865,3100,0
6866,3110,0
6867,3109,0
6868,3110,0
6869,3102,0
6870,3110,0
6871,3108,0
6872,3106,0
6873,3109,0
6874,3097,0
6875,3106,0
6876,3108,0
6877,3100,0
6878,3099,0
6879,3094,0
6880,3101,0
6881,3096,0
6882,3095,0
6883,3103,0
6884,3101,0
6885,3089,0
6886,3092,0
6887,3088,0
6888,3092,0
6889,3091,0
6890,3093,0
6891,3088,0
6892,3089,0
6893,3097,0
6894,3084,0
6895,3087,0
6896,3089,0
6897,3085,0
6898,3093,0
6899,3092,0
6900,3092,0
6901,3095,0
6902,3089,0
6903,3089,0
6904,3078,0
6905,3083,0
6906,3088,0
6907,3089,0
6908,3085,0
6909,3090,0
6910,3081,0
6911,3088,0
6912,3077,0
6913,3074,0
6914,3083,0
6915,3073,0
6916,3077,0
6917,3079,0
6918,3075,0
6919,3074,0
6920,3078,0
6921,3079,0
6922,3077,0
6923,3070,0
6924,3077,0
6925,3075,0
6926,3077,0
6927,3071,0
6928,3072,0
6929,3070,0
6930,3071,0
6931,3075,0
6932,3071,0
6933,3076,0
6934,3080,0
6935,3071,0
6936,3073,0
6937,3074,0
6938,3068,0
6939,3068,0
6940,3065,0
6941,3067,0
6942,3064,0
6943,3064,0
6944,3062,0
6945,3071,0
6946,3066,0
6947,3060,0
6948,3060,0
6949,3057,0
6950,3060,0
6951,3053,0
6952,3058,0
6953,3059,0
6954,3051,0
6955,3060,0
6956,3062,0
6957,3059,0
6958,3052,0
6959,3050,0
6960,3054,0
6961,3055,0
6962,3059,0
6963,3054,0
6964,3052,0
6965,3048,0
6966,3052,0
6967,3050,0
6968,3056,0
6969,3050,0
6970,3053,0
6971,3044,0
6972,3046,0
6973,3046,0
6974,3044,0
6975,3049,0
6976,3042,0
6977,3049,0
6978,3047,0
6979,3049,0
6980,3048,0
6981,3048,0
6982,3043,0
6983,3048,0
6984,3042,0
6985,3045,0
6986,3046,0
6987,3042,0
6988,3041,0
6989,3050,0
6990,3036,0
6991,3042,0
6992,3042,0
6993,3041,0
6994,3045,0
6995,3042,0
6996,3034,0
6997,3039,0
6998,3032,0
6999,10813,3
7000,7128,3
7001,6464,3
7002,6151,3
7003,6110,3
7004,6037,3
7005,6007,3
7006,5966,3
7007,5618,3
7008,5501,3
7009,5400,3
7010,5384,3
7011,4964,3
7012,4920,3
7013,4901,3
7014,4886,3
7015,4887,3
7016,4886,3
7017,4813,3
7018,4784,3
7019,4771,3
7020,4660,3
7021,4642,3
7022,4605,3
7023,4541,3
7024,4529,3
7025,4505,3
7026,4499,3
7027,4482,3
7028,4463,3
7029,4460,3
7030,4403,3
7031,4355,3
7032,4249,3
7033,4213,3
7034,4203,3
7035,4188,3
7036,4185,3
7037,4164,3
7038,4121,3
7039,4122,3
7040,4109,3
7041,4103,3
7042,4098,3
7043,4055,3
7044,4054,3
7045,4045,3
7046,3948,3
7047,3917,3
7048,3917,3
7049,3882,3
7050,3890,3
7051,3884,3
7052,3887,3
7053,3865,3
7054,3835,3
7055,3802,3
7056,3800,3
7057,3712,3
7058,3699,3
7059,3671,3
7060,3650,3
7061,3640,3
7062,3635,3
7063,3621,3
7064,3601,3
7065,3596,3
7066,3591,3
7067,3583,3
7068,3575,3
7069,3555,3
7070,3539,3
7071,3510,3
7072,3481,3
7073,3481,3
7074,3479,3
7075,3476,3
7076,3478,3
7077,3456,3
7078,3447,3
7079,3444,3
7080,3439,3
7081,3443,3
7082,3437,3
7083,3420,3
7084,3403,3
7085,3402,3
7086,3398,3
7087,3391,3
7088,3375,3
7089,3369,3
7090,3351,3
7091,3353,3
7092,3342,3
7093,3335,3
7094,3331,3
7095,3325,3
7096,3313,3
7097,3315,3
7098,3302,3
7099,3306,3
7100,3305,3
7101,3292,3
7102,3271,3
7103,3261,3
7104,3268,3
7105,3264,3
7106,3265,3
7107,3240,3
7108,3240,3
7109,3237,3
7110,3236,3
7111,3236,3
7112,3226,3
7113,3218,3
7114,3220,3
7115,3218,3
7116,3219,3
7117,3211,3
7118,3205,3
7119,3214,3
7120,3205,3
7121,3206,3
7122,3202,3
7123,3196,3
7124,3203,3
7125,3195,3
7126,3199,3
7127,3195,3
7128,3186,3
7129,3192,3
7130,3175,3
7131,3176,3
7132,3172,3
7133,3159,3
7134,3153,3
7135,3155,3
7136,3158,3
7137,3153,3
7138,3159,3
7139,3155,3
7140,3151,3
7141,3137,3
7142,3140,3
7143,3137,3
7144,3136,3
7145,3138,3
7146,3128,3
7147,3114,3
7148,3111,3
7149,3110,3
7150,3102,3
7151,3100,3
7152,3098,3
7153,3100,3
7154,3100,3
7155,3095,3
7156,3087,3
7157,3080,3
7158,3087,3
7159,3086,3
7160,3079,3
7161,3073,3
7162,3079,3
7163,3075,3
7164,3076,3
7165,3060,3
7166,3071,3
7167,3057,3
7168,3058,3
7169,3055,3
7170,3049,3
7171,3048,3
7172,3049,3
7173,3049,3
7174,3045,3
7175,3045,3
7176,3044,3
7177,3043,3
7178,3040,3
7179,3035,3
7180,3036,3
7181,3036,3
7182,3035,3
7183,3024,3
7184,3023,3
7185,3028,3
7186,3025,3
7187,3023,3
7188,3013,3
7189,3004,3
7190,3004,3
7191,3005,3
7192,3008,3
7193,3005,3
7194,2992,3
7195,2997,3
7196,2996,3
7197,2994,3
7198,2993,3
7199,2990,3
7200,2981,3
7201,2985,3
7202,2982,3
7203,2978,3
7204,2976,3
7205,2976,3
7206,2976,3
7207,2972,3
7208,2969,3
7209,2966,3
7210,2967,3
7211,2972,3
7212,2968,3
7213,2961,3
7214,2966,3
7215,2964,3
7216,2964,3
7217,2966,3
7218,2955,3
7219,2952,3
7220,2949,3
7221,2958,3
7222,2946,3
7223,2939,3
7224,2947,3
7225,2940,3
7226,2948,3
7227,2943,3
7228,2941,3
7229,2932,3
7230,2923,3
7231,2931,3
7232,2927,3
7233,2926,3
7234,2922,3
7235,2924,3
7236,2926,3
7237,2919,3
7238,2918,3
7239,2921,3
7240,2917,3
7241,2911,3
7242,2909,2
7243,2921,3
7244,2916,3
7245,2913,3
7246,2913,3
7247,2915,3
7248,2907,2
7249,2911,3
7250,2907,2
7251,2913,3
7252,2912,3
7253,2902,2
7254,2907,2
7255,2903,2
7256,2905,2
7257,2903,2
7258,2893,2
7259,2897,2
7260,2896,2
7261,2898,2
7262,2900,2
7263,2889,2
7264,2900,2
7265,2895,2
7266,2895,2
7267,2890,2
7268,2886,2
7269,2887,2
7270,2879,2
7271,2883,2
7272,2882,2
7273,2880,2
7274,2884,2
7275,2887,2
7276,2880,2
7277,2887,2
7278,2874,2
7279,2872,2
7280,2880,2
7281,2867,2
7282,2870,2
7283,2877,2
7284,2868,2
7285,2873,2
7286,2866,2
7287,2871,2
7288,2869,2
7289,2872,2
7290,2864,2
7291,2861,2
7292,2861,2
7293,2867,2
7294,2864,2
7295,2858,2
7296,2858,2
7297,2866,2
7298,2851,2
7299,2856,2
7300,2850,2
7301,2851,2
7302,2859,2
7303,2853,2
7304,2851,2
7305,2858,2
7306,2854,2
7307,2848,2
7308,2846,2
7309,2841,2
7310,2846,2
7311,2840,2
7312,2848,2
7313,2844,2
7314,2840,2
7315,2846,2
7316,2839,2
7317,2835,2
7318,2836,2
7319,2839,2
7320,2831,2
7321,2838,2
7322,2835,2
7323,2839,2
7324,2833,2
7325,2835,2
7326,2835,2
7327,2828,2
7328,2827,2
7329,2824,2
7330,2820,2
7331,2822,2
7332,2826,2
7333,2814,2
7334,2825,2
7335,2816,2
7336,2811,2
7337,2815,2
7338,2810,2
7339,2802,2
7340,2804,2
7341,2809,2
7342,2799,2
7343,2802,2
7344,2799,2
7345,2800,2
7346,2797,2
7347,2786,2
7348,2792,2
7349,2790,2
7350,2788,2
7351,2790,2
7352,2789,2
7353,2787,2
7354,2787,2
7355,2785,2
7356,2782,2
7357,2790,2
7358,2781,2
7359,2784,2
7360,2783,2
7361,2779,2
7362,2780,2
7363,2779,2
7364,2776,2
7365,2773,2
7366,2768,2
7367,2780,2
7368,2776,2
7369,2770,2
7370,2774,2
7371,2769,2
7372,2765,2
7373,2776,2
7374,2769,2
7375,2774,2
7376,2767,2
7377,2770,2
7378,2770,2
7379,2769,2
7380,2769,2
7381,2764,2
7382,2774,2
7383,2764,2
7384,2766,2
7385,2764,2
7386,2772,2
7387,2767,2
7388,2762,2
7389,2763,2
7390,2758,2
7391,2759,2
7392,2761,2
7393,2763,2
7394,2756,2
7395,2759,2
7396,2755,2
7397,2752,2
7398,2750,2
7399,2764,2
7400,2755,2
7401,2755,2
7402,2752,2
7403,2749,2
7404,2751,2
7405,2749,2
7406,2747,2
7407,2749,2
7408,2746,2
7409,2747,2
7410,2750,2
7411,2744,2
7412,2744,2
7413,2746,2
7414,2739,2
7415,2740,2
7416,2734,2
7417,2737,2
7418,2731,2
7419,2740,2
7420,2738,2
7421,2737,2
7422,2734,2
7423,2732,2
7424,2734,2
7425,2733,2
7426,2729,2
7427,2734,2
7428,2735,2
7429,2737,2
7430,2725,2
7431,2732,2
7432,2739,2
7433,2727,2
7434,2731,2
7435,2727,2
7436,2727,2
7437,2725,2
7438,2727,2
7439,2722,2
7440,2719,2
7441,2719,2
7442,2723,2
7443,2720,2
7444,2710,2
7445,2719,2
7446,2716,2
7447,2719,2
7448,2712,2
7449,2709,2
7450,2714,2
7451,2714,2
7452,2718,2
7453,2715,2
7454,2712,2
7455,2715,2
7456,2713,2
7457,2707,2
7458,2710,2
7459,2702,2
7460,2712,2
7461,2708,2
7462,2709,2
7463,2704,2
7464,2699,2
7465,2702,2
7466,2702,2
7467,2707,2
7468,2704,2
7469,2703,2
7470,2705,2
7471,2697,2
7472,2698,2
7473,2691,2
7474,2694,2
7475,2695,2
7476,2692,2
7477,2688,2
7478,2696,2
7479,2692,2
7480,2695,2
7481,2684,2
7482,2683,2
7483,2685,2
7484,2686,2
7485,2688,2
7486,2684,2
7487,2685,2
7488,2689,2
7489,2685,2
7490,2681,2
7491,2682,2
7492,2688,2
7493,2678,2
7494,2678,2
7495,2678,2
7496,2680,2
7497,2678,2
7498,2678,2
7499,2672,1
7500,2673,1
7501,2672,1
7502,2673,1
7503,2669,1
7504,2668,1
7505,2672,1
7506,2679,2
7507,2666,1
7508,2668,1
7509,2670,1
7510,2663,1
7511,2668,1
7512,2665,1
7513,2671,1
7514,2666,1
7515,2668,1
7516,2665,1
7517,2665,1
7518,2668,1
7519,2666,1
7520,2665,1
7521,2662,1
7522,2662,1
7523,2657,1
7524,2658,1
7525,2661,1
7526,2660,1
7527,2662,1
7528,2659,1
7529,2654,1
7530,2652,1
7531,2655,1
7532,2648,1
7533,2653,1
7534,2653,1
7535,2654,1
7536,2647,1
7537,2649,1
7538,2655,1
7539,2652,1
7540,2648,1
7541,2649,1
7542,2648,1
7543,2649,1
7544,2652,1
7545,2650,1
7546,2647,1
7547,2641,1
7548,2638,1
7549,2641,1
7550,2641,1
7551,2642,1
7552,2641,1
7553,2642,1
7554,2645,1
7555,2640,1
7556,2644,1
7557,2638,1
7558,2636,1
7559,2641,1
7560,2642,1
7561,2644,1
7562,2644,1
7563,2641,1
7564,2642,1
7565,2640,1
7566,2637,1
7567,2641,1
7568,2636,1
7569,2635,1
7570,2636,1
7571,2638,1
7572,2636,1
7573,2634,1
7574,2631,1
7575,2633,1
7576,2633,1
7577,2636,1
7578,2636,1
7579,2630,1
7580,2636,1
7581,2634,1
7582,2623,1
7583,2632,1
7584,2630,1
7585,2629,1
7586,2629,1
7587,2633,1
7588,2631,1
7589,2623,1
7590,2632,1
7591,2624,1
7592,2622,1
7593,2628,1
7594,2626,1
7595,2631,1
7596,2624,1
7597,2627,1
7598,2626,1
7599,2625,1
7600,2623,1
7601,2625,1
7602,2625,1
7603,2620,1
7604,2617,1
7605,2616,1
7606,2621,1
7607,2620,1
7608,2624,1
7609,2616,1
7610,2621,1
7611,2617,1
7612,2617,1
7613,2618,1
7614,2618,1
7615,2614,1
7616,2614,1
7617,2620,1
7618,2616,1
7619,2614,1
7620,2615,1
7621,2612,1
7622,2608,1
7623,2606,1
7624,2613,1
7625,2608,1
7626,2609,1
7627,2606,1
7628,2611,1
7629,2604,1
7630,2603,1
7631,2607,1
7632,2599,1
7633,2602,1
7634,2600,1
7635,2604,1
7636,2599,1
7637,2600,1
7638,2602,1
7639,2601,1
7640,2598,1
7641,2599,1
7642,2596,1
7643,2596,1
7644,2594,1
7645,2591,1
7646,2592,1
7647,2598,1
7648,2596,1
7649,2591,1
7650,2599,1
7651,2598,1
7652,2593,1
7653,2595,1
7654,2591,1
7655,2589,1
7656,2588,1
7657,2589,1
7658,2587,1
7659,2593,1
7660,2593,1
7661,2588,1
7662,2589,1
7663,2589,1
7664,2584,1
7665,2612,1
7666,2587,1
7667,2588,1
7668,2590,1
7669,2583,1
7670,2587,1
7671,2586,1
7672,2582,1
7673,2579,1
7674,2581,1
7675,2581,1
7676,2585,1
7677,2577,1
7678,2577,1
7679,2575,1
7680,2582,1
7681,2583,1
7682,2580,1
7683,2583,1
7684,2585,1
7685,2581,1
7686,2574,1
7687,2579,1
7688,2576,1
7689,2576,1
7690,2582,1
7691,2582,1
7692,2574,1
7693,2576,1
7694,2572,1
7695,2569,1
7696,2570,1
7697,2579,1
7698,2569,1
7699,2573,1
7700,2571,1
7701,2576,1
7702,2570,1
7703,2571,1
7704,2570,1
7705,2575,1
7706,2571,1
7707,2567,1
7708,2568,1
7709,2567,1
7710,2569,1
7711,2561,1
7712,2568,1
7713,2563,1
7714,2570,1
7715,2564,1
7716,2565,1
7717,2564,1
7718,2570,1
7719,2562,1
7720,2562,1
7721,2557,1
7722,2563,1
7723,2563,1
7724,2567,1
7725,2565,1
7726,2555,1
7727,2564,1
7728,2560,1
7729,2562,1
7730,2562,1
7731,2559,1
7732,2556,1
7733,2558,1
7734,2555,1
7735,2563,1
7736,2552,1
7737,2557,1
7738,2548,0
7739,2553,1
7740,2551,0
7741,2554,1
7742,2560,1
7743,2551,0
7744,2557,1
7745,2553,1
7746,2551,0
7747,2553,1
7748,2553,1
7749,2558,1
7750,2550,0
7751,2550,0
7752,2550,0
7753,2548,0
7754,2555,1
7755,2547,0
7756,2546,0
7757,2551,0
7758,2554,1
7759,2550,0
7760,2543,0
7761,2547,0
7762,2545,0
7763,2549,0
7764,2542,0
7765,2548,0
7766,2548,0
7767,2548,0
7768,2547,0
7769,2548,0
7770,2548,0
7771,2539,0
7772,2548,0
7773,2547,0
7774,2549,0
7775,2543,0
7776,2539,0
7777,2541,0
7778,2538,0
7779,2541,0
7780,2546,0
7781,2541,0
7782,2542,0
7783,2543,0
7784,2544,0
7785,2546,0
7786,2542,0
7787,2540,0
7788,2539,0
7789,2540,0
7790,2537,0
7791,2539,0
7792,2543,0
7793,2537,0
7794,2535,0
7795,2537,0
7796,2533,0
7797,2538,0
7798,2536,0
7799,2540,0
7800,2532,0
7801,2532,0
7802,2538,0
7803,2536,0
7804,2536,0
7805,2528,0
7806,2533,0
7807,2536,0
7808,2531,0
7809,2533,0
7810,2533,0
7811,2530,0
7812,2528,0
7813,2532,0
7814,2533,0
7815,2527,0
7816,2525,0
7817,2528,0
7818,2529,0
7819,2529,0
7820,2530,0
7821,2525,0
7822,2527,0
7823,2533,0
7824,2523,0
7825,2525,0
7826,2521,0
7827,2521,0
7828,2522,0
7829,2542,0
7830,2525,0
7831,2525,0
7832,2529,0
7833,2525,0
7834,2521,0
7835,2524,0
7836,2523,0
7837,2525,0
7838,2519,0
7839,2522,0
7840,2525,0
7841,2520,0
7842,2524,0
7843,2515,0
7844,2523,0
7845,2521,0
7846,2519,0
7847,2522,0
7848,2520,0
7849,2519,0
7850,2516,0
7851,2516,0
7852,2524,0
7853,2521,0
7854,2512,0
7855,2521,0
7856,2520,0
7857,2520,0
7858,2518,0
7859,2520,0
7860,2524,0
7861,2515,0
7862,2520,0
7863,2518,0
7864,2512,0
7865,2519,0
7866,2511,0
7867,2519,0
7868,2516,0
7869,2515,0
7870,2513,0
7871,2516,0
7872,2512,0
7873,2511,0
7874,2515,0
7875,2514,0
7876,2515,0
7877,2514,0
7878,2511,0
7879,2513,0
7880,2514,0
7881,2511,0
7882,2510,0
7883,2507,0
7884,2512,0
7885,2513,0
7886,2505,0
7887,2510,0
7888,2511,0
7889,2514,0
7890,2514,0
7891,2511,0
7892,2513,0
7893,2505,0
7894,2503,0
7895,2511,0
7896,2507,0
7897,2502,0
7898,2505,0
7899,2508,0
7900,2504,0
7901,2504,0
7902,2507,0
7903,2606,1
7904,2502,0
7905,2505,0
7906,2501,0
7907,2499,0
7908,2497,0
7909,2503,0
7910,2505,0
7911,2505,0
7912,2503,0
7913,2494,0
7914,2504,0
7915,2501,0
7916,2504,0
7917,2499,0
7918,2498,0
7919,2495,0
7920,2494,0
7921,2497,0
7922,2493,0
7923,2500,0
7924,2494,0
7925,2494,0
7926,2490,0
7927,2498,0
7928,2489,0
7929,2498,0
7930,2494,0
7931,2495,0
7932,2494,0
7933,2489,0
7934,2488,0
7935,2494,0
7936,2486,0
7937,2487,0
7938,2495,0
7939,2492,0
7940,2490,0
7941,2492,0
7942,2497,0
7943,2493,0
7944,2497,0
7945,2487,0
7946,2493,0
7947,2487,0
7948,2485,0
7949,2488,0
7950,2485,0
7951,2486,0
7952,2486,0
7953,2485,0
7954,2492,0
7955,2486,0
7956,2489,0
7957,2488,0
7958,2485,0
7959,2489,0
7960,2485,0
7961,2482,0
7962,2490,0
7963,2486,0
7964,2480,0
7965,2479,0
7966,2486,0
7967,2484,0
7968,2481,0
7969,2484,0
7970,2484,0
7971,2477,0
7972,2478,0
7973,2481,0
7974,2480,0
7975,2478,0
7976,2483,0
7977,2476,0
7978,2476,0
7979,2476,0
7980,2479,0
7981,2480,0
7982,2479,0
7983,2484,0
7984,2478,0
7985,2479,0
7986,2478,0
7987,2481,0
7988,2475,0
7989,2480,0
7990,2471,0
7991,2476,0
7992,2480,0
7993,2476,0
7994,2474,0
7995,2473,0
7996,2472,0
7997,2472,0
7998,2471,0
7999,7095,3
8000,6818,3
8001,6280,3
8002,5558,3
8003,5458,3
8004,5317,3
8005,5228,3
8006,5138,3
8007,5090,3
8008,4962,3
8009,4887,3
8010,4838,3
8011,4667,3
8012,4530,3
8013,4530,3
8014,4534,3
8015,4513,3
8016,4504,3
8017,4469,3
8018,4346,3
8019,4313,3
8020,4213,3
8021,4206,3
8022,4170,3
8023,4149,3
8024,4126,3
8025,4097,3
8026,4086,3
8027,4027,3
8028,3971,3
8029,3927,3
8030,3891,3
8031,3856,3
8032,3835,3
8033,3833,3
8034,3817,3
8035,3773,3
8036,3774,3
8037,3721,3
8038,3692,3
8039,3672,3
8040,3662,3
8041,3588,3
8042,3571,3
8043,3579,3
8044,3565,3
8045,3550,3
8046,3532,3
8047,3522,3
8048,3507,3
8049,3502,3
8050,3471,3
8051,3479,3
8052,3471,3
8053,3472,3
8054,3458,3
8055,3443,3
8056,3443,3
8057,3436,3
8058,3415,3
8059,3390,3
8060,3374,3
8061,3361,3
8062,3359,3
8063,3353,3
8064,3344,3
8065,3339,3
8066,3334,3
8067,3325,3
8068,3323,3
8069,3325,3
8070,3293,3
8071,3292,3
8072,3277,3
8073,3268,3
8074,3273,3
8075,3254,3
8076,3249,3
8077,3227,3
8078,3223,3
8079,3220,3
8080,3227,3
8081,3213,3
8082,3213,3
8083,3205,3
8084,3207,3
8085,3185,3
8086,3188,3
8087,3177,3
8088,3173,3
8089,3175,3
8090,3162,3
8091,3159,3
8092,3156,3
8093,3155,3
8094,3132,3
8095,3119,3
8096,3120,3
8097,3109,3
8098,3103,3
8099,3100,3
8100,3088,3
8101,3078,3
8102,3075,3
8103,3070,3
8104,3070,3
8105,3073,3
8106,3067,3
8107,3050,3
8108,3046,3
8109,3054,3
8110,3036,3
8111,3037,3
8112,3032,3
8113,3030,3
8114,3030,3
8115,3020,3
8116,3013,3
8117,3008,3
8118,3000,3
8119,2999,3
8120,2987,3
8121,2987,3
8122,2997,3
8123,2986,3
8124,2981,3
8125,2976,3
8126,2981,3
8127,2976,3
8128,2969,3
8129,2970,3
8130,2970,3
8131,2963,3
8132,2957,3
8133,2963,3
8134,2960,3
8135,2947,3
8136,2943,3
8137,2945,3
8138,2948,3
8139,2942,3
8140,2942,3
8141,2938,3
8142,2931,3
8143,2932,3
8144,2929,3
8145,2926,3
8146,2922,3
8147,2924,3
8148,2924,3
8149,2922,3
8150,2916,3
8151,2912,3
8152,2910,3
8153,2912,3
8154,2909,3
8155,2896,3
8156,2900,3
8157,2891,3
8158,2891,3
8159,2891,3
8160,2883,3
8161,2877,3
8162,2878,3
8163,2878,3
8164,2877,3
8165,2875,3
8166,2881,3
8167,2878,3
8168,2869,3
8169,2869,3
8170,2870,3
8171,2858,3
8172,2859,3
8173,2860,3
8174,2861,3
8175,2855,3
8176,2860,3
8177,2854,3
8178,2849,3
8179,2847,3
8180,2853,3
8181,2845,3
8182,2842,3
8183,2838,3
8184,2843,3
8185,2833,3
8186,2841,3
8187,2835,3
8188,2832,3
8189,2831,3
8190,2829,3
8191,2825,3
8192,2822,3
8193,2817,3
8194,2821,3
8195,2819,3
8196,2820,3
8197,2819,3
8198,2820,3
8199,2817,3
8200,2807,3
8201,2812,3
8202,2812,3
8203,2816,3
8204,2806,3
8205,2816,3
8206,2808,3
8207,2808,3
8208,2802,3
8209,2805,3
8210,2795,3
8211,2788,3
8212,2792,3
8213,2800,3
8214,2796,3
8215,2788,3
8216,2778,3
8217,2782,3
8218,2774,3
8219,2766,3
8220,2768,3
8221,2769,3
8222,2772,3
8223,2762,3
8224,2759,3
8225,2751,3
8226,2757,3
8227,2753,3
8228,2756,3
8229,2755,3
8230,2751,3
8231,2750,3
8232,2751,3
8233,2747,3
8234,2744,3
8235,2741,3
8236,2748,3
8237,2746,3
8238,2734,3
8239,2733,3
8240,2735,3
8241,2734,3
8242,2731,3
8243,2732,3
8244,2727,3
8245,2732,3
8246,2730,3
8247,2730,3
8248,2728,3
8249,2726,2
8250,2722,2
8251,2726,2
8252,2722,2
8253,2719,2
8254,2723,2
8255,2719,2
8256,2710,2
8257,2722,2
8258,2709,2
8259,2717,2
8260,2712,2
8261,2713,2
8262,2715,2
8263,2703,2
8264,2713,2
8265,2707,2
8266,2701,2
8267,2705,2
8268,2700,2
8269,2705,2
8270,2698,2
8271,2699,2
8272,2698,2
8273,2694,2
8274,2695,2
8275,2690,2
8276,2687,2
8277,2688,2
8278,2687,2
8279,2680,2
8280,2684,2
8281,2684,2
8282,2680,2
8283,2683,2
8284,2679,2
8285,2676,2
8286,2673,2
8287,2675,2
8288,2663,2
8289,2666,2
8290,2663,2
8291,2665,2
8292,2666,2
8293,2658,2
8294,2656,2
8295,2654,2
8296,2663,2
8297,2653,2
8298,2650,2
8299,2658,2
8300,2651,2
8301,2651,2
8302,2650,2
8303,2651,2
8304,2650,2
8305,2649,2
8306,2650,2
8307,2654,2
8308,2646,2
8309,2649,2
8310,2646,2
8311,2645,2
8312,2645,2
8313,2642,2
8314,2637,2
8315,2635,2
8316,2630,2
8317,2635,2
8318,2631,2
8319,2638,2
8320,2634,2
8321,2635,2
8322,2629,2
8323,2627,2
8324,2624,2
8325,2627,2
8326,2625,2
8327,2630,2
8328,2625,2
8329,2621,2
8330,2620,2
8331,2622,2
8332,2617,2
8333,2625,2
8334,2626,2
8335,2623,2
8336,2617,2
8337,2613,2
8338,2613,2
8339,2615,2
8340,2599,2
8341,2610,2
8342,2605,2
8343,2603,2
8344,2598,2
8345,2598,2
8346,2599,2
8347,2599,2
8348,2602,2
8349,2600,2
8350,2595,2
8351,2590,2
8352,2590,2
8353,2588,2
8354,2593,2
8355,2588,2
8356,2586,2
8357,2581,2
8358,2582,2
8359,2582,2
8360,2586,2
8361,2579,2
8362,2582,2
8363,2578,2
8364,2576,2
8365,2581,2
8366,2574,2
8367,2575,2
8368,2574,2
8369,2576,2
8370,2573,2
8371,2573,2
8372,2570,2
8373,2565,2
8374,2572,2
8375,2574,2
8376,2565,2
8377,2564,2
8378,2565,2
8379,2572,2
8380,2563,2
8381,2567,2
8382,2563,2
8383,2561,2
8384,2563,2
8385,2561,2
8386,2561,2
8387,2560,2
8388,2558,2
8389,2556,2
8390,2545,2
8391,2551,2
8392,2547,2
8393,2554,2
8394,2547,2
8395,2547,2
8396,2538,2
8397,2541,2
8398,2544,2
8399,2541,2
8400,2545,2
8401,2539,2
8402,2544,2
8403,2539,2
8404,2536,2
8405,2542,2
8406,2540,2
8407,2537,2
8408,2530,2
8409,2535,2
8410,2535,2
8411,2531,2
8412,2532,2
8413,2531,2
8414,2528,2
8415,2528,2
8416,2522,2
8417,2527,2
8418,2527,2
8419,2523,2
8420,2527,2
8421,2519,2
8422,2527,2
8423,2516,2
8424,2515,2
8425,2523,2
8426,2520,2
8427,2520,2
8428,2520,2
8429,2513,2
8430,2514,2
8431,2514,2
8432,2515,2
8433,2514,2
8434,2517,2
8435,2509,2
8436,2508,2
8437,2505,2
8438,2503,2
8439,2504,2
8440,2507,2
8441,2504,2
8442,2503,2
8443,2503,2
8444,2509,2
8445,2499,2
8446,2503,2
8447,2496,2
8448,2500,2
8449,2493,2
8450,2497,2
8451,2492,2
8452,2494,2
8453,2495,2
8454,2496,2
8455,2497,2
8456,2491,2
8457,2496,2
8458,2494,2
8459,2495,2
8460,2486,2
8461,2484,2
8462,2489,2
8463,2490,2
8464,2485,2
8465,2482,2
8466,2486,2
8467,2485,2
8468,2478,2
8469,2487,2
8470,2486,2
8471,2482,2
8472,2479,2
8473,2485,2
8474,2477,2
8475,2476,2
8476,2484,2
8477,2474,2
8478,2477,2
8479,2473,2
8480,2473,2
8481,2474,2
8482,2472,2
8483,2473,2
8484,2476,2
8485,2472,2
8486,2465,2
8487,2467,2
8488,2469,2
8489,2471,2
8490,2463,2
8491,2466,2
8492,2464,2
8493,2468,2
8494,2461,2
8495,2461,2
8496,2461,2
8497,2463,2
8498,2461,2
8499,2455,1
8500,2454,1
8501,2455,1
8502,2455,1
8503,2459,1
8504,2452,1
8505,2459,1
8506,2447,1
8507,2456,1
8508,2451,1
8509,2447,1
8510,2448,1
8511,2454,1
8512,2455,1
8513,2449,1
8514,2445,1
8515,2441,1
8516,2446,1
8517,2441,1
8518,2447,1
8519,2443,1
8520,2443,1
8521,2449,1
8522,2438,1
8523,2439,1
8524,2437,1
8525,2439,1
8526,2440,1
8527,2435,1
8528,2443,1
8529,2442,1
8530,2438,1
8531,2432,1
8532,2435,1
8533,2438,1
8534,2441,1
8535,2430,1
8536,2435,1
8537,2430,1
8538,2429,1
8539,2428,1
8540,2428,1
8541,2427,1
8542,2430,1
8543,2429,1
8544,2430,1
8545,2424,1
8546,2428,1
8547,2426,1
8548,2425,1
8549,2421,1
8550,2419,1
8551,2425,1
8552,2426,1
8553,2426,1
8554,2419,1
8555,2422,1
8556,2424,1
8557,2420,1
8558,2422,1
8559,2424,1
8560,2422,1
8561,2418,1
8562,2415,1
8563,2414,1
8564,2420,1
8565,2416,1
8566,2415,1
8567,2416,1
8568,2413,1
8569,2413,1
8570,2411,1
8571,2411,1
8572,2411,1
8573,2405,1
8574,2412,1
8575,2414,1
8576,2407,1
8577,2409,1
8578,2407,1
8579,2413,1
8580,2405,1
8581,2406,1
8582,2403,1
8583,2395,1
8584,2405,1
8585,2396,1
8586,2396,1
8587,2403,1
8588,2402,1
8589,2402,1
8590,2400,1
8591,2400,1
8592,2400,1
8593,2399,1
8594,2393,1
8595,2398,1
8596,2390,1
8597,2394,1
8598,2392,1
8599,2392,1
8600,2393,1
8601,2394,1
8602,2396,1
8603,2394,1
8604,2387,1
8605,2392,1
8606,2396,1
8607,2390,1
8608,2392,1
8609,2393,1
8610,2385,1
8611,2393,1
8612,2388,1
8613,2387,1
8614,2381,1
8615,2381,1
8616,2385,1
8617,2380,1
8618,2381,1
8619,2381,1
8620,2378,1
8621,2384,1
8622,2373,1
8623,2376,1
8624,2376,1
8625,2379,1
8626,2379,1
8627,2378,1
8628,2374,1
8629,2373,1
8630,2380,1
8631,2374,1
8632,2374,1
8633,2374,1
8634,2378,1
8635,2373,1
8636,2368,1
8637,2373,1
8638,2374,1
8639,2374,1
8640,2370,1
8641,2366,1
8642,2368,1
8643,2366,1
8644,2367,1
8645,2369,1
8646,2367,1
8647,2362,1
8648,2370,1
8649,2368,1
8650,2369,1
8651,2364,1
8652,2364,1
8653,2361,1
8654,2361,1
8655,2362,1
8656,2361,1
8657,2363,1
8658,2363,1
8659,2359,1
8660,2355,1
8661,2358,1
8662,2358,1
8663,2361,1
8664,2354,1
8665,2357,1
8666,2355,1
8667,2359,1
8668,2358,1
8669,2353,1
8670,2356,1
8671,2356,1
8672,2350,1
8673,2353,1
8674,2351,1
8675,2353,1
8676,2343,1
8677,2347,1
8678,2344,1
8679,2345,1
8680,2342,1
8681,2337,1
8682,2340,1
8683,2339,1
8684,2340,1
8685,2343,1
8686,2334,1
8687,2340,1
8688,2336,1
8689,2345,1
8690,2332,1
8691,2332,1
8692,2342,1
8693,2334,1
8694,2334,1
8695,2338,1
8696,2331,1
8697,2334,1
8698,2332,1
8699,2329,1
8700,2326,1
8701,2330,1
8702,2333,1
8703,2336,1
8704,2333,1
8705,2328,1
8706,2332,1
8707,2327,1
8708,2329,1
8709,2328,1
8710,2325,1
8711,2323,1
8712,2324,1
8713,2329,1
8714,2331,1
8715,2322,1
8716,2328,1
8717,2325,1
8718,2321,1
8719,2327,1
8720,2322,1
8721,2319,1
8722,2327,1
8723,2322,1
8724,2315,1
8725,2313,1
8726,2318,1
8727,2317,1
8728,2316,1
8729,2320,1
8730,2312,1
8731,2316,1
8732,2318,1
8733,2317,1
8734,2313,1
8735,2317,1
8736,2309,1
8737,2310,1
8738,2315,1
8739,2318,1
8740,2308,1
8741,2308,1
8742,2310,1
8743,2311,1
8744,2312,1
8745,2307,0
8746,2305,0
8747,2312,1
8748,2308,1
8749,2307,0
8750,2305,0
8751,2302,0
8752,2312,1
8753,2305,0
8754,2300,0
8755,2305,0
8756,2306,0
8757,2307,0
8758,2308,1
8759,2302,0
8760,2303,0
8761,2299,0
8762,2304,0
8763,2302,0
8764,2298,0
8765,2300,0
8766,2295,0
8767,2299,0
8768,2301,0
8769,2299,0
8770,2299,0
8771,2303,0
8772,2302,0
8773,2292,0
8774,2297,0
8775,2300,0
8776,2293,0
8777,2297,0
8778,2289,0
8779,2289,0
8780,2296,0
8781,2288,0
8782,2290,0
8783,2295,0
8784,2293,0
8785,2293,0
8786,2292,0
8787,2284,0
8788,2290,0
8789,2285,0
8790,2287,0
8791,2284,0
8792,2289,0
8793,2285,0
8794,2284,0
8795,2286,0
8796,2285,0
8797,2286,0
8798,2281,0
8799,2279,0
8800,2279,0
8801,2286,0
8802,2284,0
8803,2279,0
8804,2283,0
8805,2282,0
8806,2280,0
8807,2282,0
8808,2280,0
8809,2276,0
8810,2284,0
8811,2282,0
8812,2274,0
8813,2279,0
8814,2277,0
8815,2278,0
8816,2275,0
8817,2278,0
8818,2274,0
8819,2275,0
8820,2274,0
8821,2272,0
8822,2266,0
8823,2267,0
8824,2273,0
8825,2270,0
8826,2272,0
8827,2272,0
8828,2272,0
8829,2268,0
8830,2270,0
8831,2267,0
8832,2267,0
8833,2266,0
8834,2271,0
8835,2273,0
8836,2264,0
8837,2269,0
8838,2268,0
8839,2263,0
8840,2268,0
8841,2266,0
8842,2267,0
8843,2263,0
8844,2267,0
8845,2267,0
8846,2268,0
8847,2257,0
8848,2262,0
8849,2261,0
8850,2267,0
8851,2262,0
8852,2264,0
8853,2264,0
8854,2262,0
8855,2259,0
8856,2258,0
8857,2257,0
8858,2256,0
8859,2256,0
8860,2257,0
8861,2255,0
8862,2258,0
8863,2259,0
8864,2257,0
8865,2255,0
8866,2257,0
8867,2253,0
8868,2257,0
8869,2254,0
8870,2258,0
8871,2253,0
8872,2255,0
8873,2249,0
8874,2246,0
8875,2244,0
8876,2247,0
8877,2249,0
8878,2244,0
8879,2249,0
8880,2247,0
8881,2242,0
8882,2245,0
8883,2246,0
8884,2244,0
8885,2240,0
8886,2250,0
8887,2242,0
8888,2246,0
8889,2238,0
8890,2241,0
8891,2239,0
8892,2240,0
8893,2322,1
8894,2245,0
8895,2240,0
8896,2243,0
8897,2241,0
8898,2242,0
8899,2234,0
8900,2232,0
8901,2237,0
8902,2238,0
8903,2235,0
8904,2237,0
8905,2236,0
8906,2234,0
8907,2236,0
8908,2233,0
8909,2233,0
8910,2235,0
8911,2232,0
8912,2230,0
8913,2233,0
8914,2236,0
8915,2231,0
8916,2235,0
8917,2225,0
8918,2228,0
8919,2232,0
8920,2232,0
8921,2223,0
8922,2221,0
8923,2223,0
8924,2224,0
8925,2226,0
8926,2222,0
8927,2222,0
8928,2222,0
8929,2226,0
8930,2229,0
8931,2222,0
8932,2224,0
8933,2227,0
8934,2219,0
8935,2225,0
8936,2224,0
8937,2228,0
8938,2224,0
8939,2225,0
8940,2217,0
8941,2220,0
8942,2221,0
8943,2218,0
8944,2222,0
8945,2222,0
8946,2227,0
8947,2218,0
8948,2216,0
8949,2225,0
8950,2223,0
8951,2226,0
8952,2223,0
8953,2220,0
8954,2222,0
8955,2218,0
8956,2217,0
8957,2218,0
8958,2219,0
8959,2222,0
8960,2218,0
8961,2214,0
8962,2216,0
8963,2220,0
8964,2218,0
8965,2220,0
8966,2210,0
8967,2207,0
8968,2213,0
8969,2217,0
8970,2217,0
8971,2205,0
8972,2210,0
8973,2209,0
8974,2207,0
8975,2211,0
8976,2213,0
8977,2206,0
8978,2210,0
8979,2203,0
8980,2208,0
8981,2208,0
8982,2203,0
8983,2199,0
8984,2205,0
8985,2202,0
8986,2199,0
8987,2209,0
8988,2203,0
8989,2203,0
8990,2207,0
8991,2208,0
8992,2197,0
8993,2202,0
8994,2202,0
8995,2199,0
8996,2204,0
8997,2199,0
8998,2203,0
8999,21304,3
9000,18793,3
9001,14883,3
9002,14148,3
9003,12962,3
9004,12942,3
9005,12796,3
9006,12529,3
9007,12330,3
9008,11694,3
9009,11189,3
9010,10875,3
9011,10672,3
9012,10336,3
9013,9954,3
9014,9665,3
9015,9621,3
9016,9401,3
9017,9012,3
9018,8714,3
9019,8253,3
9020,8217,3
9021,7964,3
9022,7920,3
9023,7551,3
9024,7574,3
9025,7197,3
9026,7186,3
9027,7166,3
9028,7110,3
9029,7071,3
9030,7068,3
9031,7054,3
9032,6973,3
9033,6943,3
9034,6812,3
9035,6810,3
9036,6509,3
9037,6431,3
9038,6415,3
9039,6386,3
9040,6348,3
9041,6296,3
9042,6277,3
9043,6257,3
9044,6136,3
9045,6098,3
9046,6093,3
9047,6063,3
9048,6010,3
9049,5917,3
9050,5917,3
9051,5912,3
9052,5908,3
9053,5896,3
9054,5854,3
9055,5840,3
9056,5740,3
9057,5729,3
9058,5729,3
9059,5687,3
9060,5682,3
9061,5678,3
9062,5663,3
9063,5666,3
9064,5659,3
9065,5624,3
9066,5608,3
9067,5578,3
9068,5583,3
9069,5566,3
9070,5525,3
9071,5470,3
9072,5462,3
9073,5427,3
9074,5376,3
9075,5328,3
9076,5273,3
9077,5274,3
9078,5249,3
9079,5247,3
9080,5210,3
9081,5189,3
9082,5176,3
9083,5163,3
9084,5146,3
9085,5129,3
9086,5118,3
9087,5102,3
9088,5101,3
9089,5091,3
9090,5047,3
9091,5044,3
9092,5024,3
9093,4985,3
9094,4992,3
9095,4984,3
9096,4969,3
9097,4906,3
9098,4893,3
9099,4874,3
9100,4869,3
9101,4859,3
9102,4864,3
9103,4853,3
9104,4854,3
9105,4843,3
9106,4820,3
9107,4823,3
9108,4807,3
9109,4802,3
9110,4771,3
9111,4760,3
9112,4762,3
9113,4733,3
9114,4723,3
9115,4720,3
9116,4703,3
9117,4704,3
9118,4688,3
9119,4680,3
9120,4665,3
9121,4642,3
9122,4623,3
9123,4625,3
9124,4584,3
9125,4568,3
9126,4555,3
9127,4556,3
9128,4544,3
9129,4543,3
9130,4501,3
9131,4509,3
9132,4489,3
9133,4484,3
9134,4444,3
9135,4427,3
9136,4402,3
9137,4368,3
9138,4360,3
9139,4354,3
9140,4356,3
9141,4344,3
9142,4341,3
9143,4332,3
9144,4327,3
9145,4317,3
9146,4314,3
9147,4314,3
9148,4305,3
9149,4294,3
9150,4263,3
9151,4267,3
9152,4234,3
9153,4213,3
9154,4206,3
9155,4201,3
9156,4202,3
9157,4202,3
9158,4191,3
9159,4182,3
9160,4158,3
9161,4155,3
9162,4145,3
9163,4147,3
9164,4146,3
9165,4143,3
9166,4143,3
9167,4131,3
9168,4111,3
9169,4113,3
9170,4100,3
9171,4113,3
9172,4105,3
9173,4095,3
9174,4087,3
9175,4085,3
9176,4084,3
9177,4078,3
9178,4073,3
9179,4049,3
9180,4055,3
9181,4051,3
9182,4052,3
9183,4044,3
9184,4029,3
9185,4035,3
9186,4041,3
9187,4026,3
9188,4030,3
9189,4022,3
9190,4012,3
9191,4005,3
9192,4004,3
9193,3998,3
9194,3986,3
9195,3984,3
9196,3984,3
9197,3983,3
9198,3978,3
9199,3966,3
9200,3969,3
9201,3969,3
9202,3971,3
9203,3963,3
9204,3961,3
9205,3964,3
9206,3950,3
9207,3958,3
9208,3945,3
9209,3942,3
9210,3931,3
9211,3938,3
9212,3933,3
9213,3933,3
9214,3924,3
9215,3930,3
9216,3925,3
9217,3913,3
9218,3904,3
9219,3903,3
9220,3902,3
9221,3883,3
9222,3873,3
9223,3880,3
9224,3866,3
9225,3860,3
9226,3855,3
9227,3853,3
9228,3851,3
9229,3842,3
9230,3841,3
9231,3832,3
9232,3832,3
9233,3830,3
9234,3816,3
9235,3814,3
9236,3804,3
9237,3791,3
9238,3793,3
9239,3786,3
9240,3785,3
9241,3786,3
9242,3785,3
9243,3767,3
9244,3768,3
9245,3762,3
9246,3763,3
9247,3755,3
9248,3752,3
9249,3751,2
9250,3752,3
9251,3743,2
9252,3739,2
9253,3746,2
9254,3735,2
9255,3732,2
9256,3739,2
9257,3730,2
9258,3725,2
9259,3723,2
9260,3724,2
9261,3724,2
9262,3720,2
9263,3726,2
9264,3706,2
9265,3709,2
9266,3707,2
9267,3707,2
9268,3701,2
9269,3696,2
9270,3695,2
9271,3682,2
9272,3679,2
9273,3668,2
9274,3673,2
9275,3663,2
9276,3660,2
9277,3661,2
9278,3647,2
9279,3653,2
9280,3645,2
9281,3651,2
9282,3654,2
9283,3646,2
9284,3639,2
9285,3638,2
9286,3636,2
9287,3637,2
9288,3618,2
9289,3614,2
9290,3613,2
9291,3614,2
9292,3615,2
9293,3608,2
9294,3603,2
9295,3600,2
9296,3597,2
9297,3595,2
9298,3587,2
9299,3580,2
9300,3578,2
9301,3580,2
9302,3580,2
9303,3572,2
9304,3566,2
9305,3568,2
9306,3560,2
9307,3566,2
9308,3564,2
9309,3564,2
9310,3553,2
9311,3552,2
9312,3545,2
9313,3541,2
9314,3540,2
9315,3541,2
9316,3540,2
9317,3539,2
9318,3540,2
9319,3540,2
9320,3524,2
9321,3526,2
9322,3520,2
9323,3526,2
9324,3515,2
9325,3513,2
9326,3519,2
9327,3511,2
9328,3503,2
9329,3504,2
9330,3511,2
9331,3505,2
9332,3503,2
9333,3489,2
9334,3495,2
9335,3500,2
9336,3495,2
9337,3488,2
9338,3488,2
9339,3487,2
9340,3486,2
9341,3485,2
9342,3484,2
9343,3479,2
9344,3482,2
9345,3476,2
9346,3471,2
9347,3475,2
9348,3474,2
9349,3467,2
9350,3474,2
9351,3472,2
9352,3468,2
9353,3464,2
9354,3465,2
9355,3460,2
9356,3463,2
9357,3460,2
9358,3453,2
9359,3450,2
9360,3450,2
9361,3445,2
9362,3441,2
9363,3439,2
9364,3440,2
9365,3435,2
9366,3432,2
9367,3436,2
9368,3428,2
9369,3429,2
9370,3425,2
9371,3430,2
9372,3426,2
9373,3429,2
9374,3414,2
9375,3422,2
9376,3427,2
9377,3415,2
9378,3412,2
9379,3407,2
9380,3404,2
9381,3403,2
9382,3407,2
9383,3406,2
9384,3398,2
9385,3393,2
9386,3407,2
9387,3395,2
9388,3398,2
9389,3393,2
9390,3391,2
9391,3389,2
9392,3384,2
9393,3397,2
9394,3385,2
9395,3376,2
9396,3370,2
9397,3374,2
9398,3379,2
9399,3377,2
9400,3367,2
9401,3374,2
9402,3367,2
9403,3370,2
9404,3367,2
9405,3365,2
9406,3367,2
9407,3361,2
9408,3360,2
9409,3360,2
9410,3359,2
9411,3360,2
9412,3357,2
9413,3360,2
9414,3351,2
9415,3354,2
9416,3352,2
9417,3355,2
9418,3347,2
9419,3345,2
9420,3343,2
9421,3338,2
9422,3344,2
9423,3346,2
9424,3335,2
9425,3340,2
9426,3334,2
9427,3327,2
9428,3334,2
9429,3332,2
9430,3326,2
9431,3323,2
9432,3323,2
9433,3317,2
9434,3318,2
9435,3322,2
9436,3328,2
9437,3324,2
9438,3319,2
9439,3318,2
9440,3314,2
9441,3319,2
9442,3308,2
9443,3312,2
9444,3319,2
9445,3313,2
9446,3314,2
9447,3308,2
9448,3299,2
9449,3301,2
9450,3306,2
9451,3307,2
9452,3307,2
9453,3302,2
9454,3302,2
9455,3297,2
9456,3299,2
9457,3295,2
9458,3292,2
9459,3294,2
9460,3291,2
9461,3293,2
9462,3292,2
9463,3297,2
9464,3291,2
9465,3285,2
9466,3291,2
9467,3284,2
9468,3282,2
9469,3283,2
9470,3284,2
9471,3284,2
9472,3284,2
9473,3283,2
9474,3270,2
9475,3272,2
9476,3273,2
9477,3273,2
9478,3267,2
9479,3271,2
9480,3271,2
9481,3272,2
9482,3260,2
9483,3261,2
9484,3266,2
9485,3260,2
9486,3260,2
9487,3268,2
9488,3263,2
9489,3253,2
9490,3257,2
9491,3250,1
9492,3254,2
9493,3262,2
9494,3249,1
9495,3257,2
9496,3252,1
9497,3255,2
9498,3249,1
9499,3258,2
9500,3255,2
9501,3253,2
9502,3242,1
9503,3252,1
9504,3249,1
9505,3240,1
9506,3244,1
9507,3247,1
9508,3242,1
9509,3248,1
9510,3248,1
9511,3243,1
9512,3246,1
9513,3249,1
9514,3235,1
9515,3231,1
9516,3234,1
9517,3233,1
9518,3234,1
9519,3230,1
9520,3223,1
9521,3228,1
9522,3221,1
9523,3214,1
9524,3216,1
9525,3217,1
9526,3213,1
9527,3201,1
9528,3207,1
9529,3209,1
9530,3203,1
9531,3195,1
9532,3195,1
9533,3197,1
9534,3195,1
9535,3197,1
9536,3190,1
9537,3187,1
9538,3191,1
9539,3195,1
9540,3190,1
9541,3193,1
9542,3182,1
9543,3186,1
9544,3174,1
9545,3175,1
9546,3184,1
9547,3184,1
9548,3182,1
9549,3183,1
9550,3188,1
9551,3184,1
9552,3179,1
9553,3178,1
9554,3179,1
9555,3173,1
9556,3173,1
9557,3167,1
9558,3171,1
9559,3161,1
9560,3163,1
9561,3166,1
9562,3163,1
9563,3160,1
9564,3157,1
9565,3156,1
9566,3164,1
9567,3158,1
9568,3153,1
9569,3152,1
9570,3142,1
9571,3146,1
9572,3150,1
9573,3143,1
9574,3144,1
9575,3146,1
9576,3138,1
9577,3141,1
9578,3138,1
9579,3140,1
9580,3129,1
9581,3141,1
9582,3134,1
9583,3130,1
9584,3132,1
9585,3131,1
9586,3126,1
9587,3124,1
9588,3128,1
9589,3128,1
9590,3132,1
9591,3125,1
9592,3125,1
9593,3122,1
9594,3119,1
9595,3120,1
9596,3120,1
9597,3113,1
9598,3112,1
9599,3113,1
9600,3116,1
9601,3110,1
9602,3114,1
9603,3112,1
9604,3111,1
9605,3106,1
9606,3113,1
9607,3105,1
9608,3107,1
9609,3108,1
9610,3109,1
9611,3106,1
9612,3105,1
9613,3096,1
9614,3101,1
9615,3101,1
9616,3094,1
9617,3094,1
9618,3096,1
9619,3095,1
9620,3099,1
9621,3100,1
9622,3100,1
9623,3097,1
9624,3091,1
9625,3093,1
9626,3092,1
9627,3097,1
9628,3092,1
9629,3092,1
9630,3081,1
9631,3090,1
9632,3089,1
9633,3086,1
9634,3092,1
9635,3085,1
9636,3090,1
9637,3083,1
9638,3086,1
9639,3085,1
9640,3075,1
9641,3086,1
9642,3082,1
9643,3076,1
9644,3076,1
9645,3076,1
9646,3074,1
9647,3073,1
9648,3079,1
9649,3077,1
9650,3066,1
9651,3070,1
9652,3069,1
9653,3069,1
9654,3061,1
9655,3069,1
9656,3064,1
9657,3067,1
9658,3064,1
9659,3064,1
9660,3068,1
9661,3059,1
9662,3063,1
9663,3063,1
9664,3063,1
9665,3056,1
9666,3062,1
9667,3054,1
9668,3065,1
9669,3063,1
9670,3061,1
9671,3059,1
9672,3052,1
9673,3056,1
9674,3052,1
9675,3052,1
9676,3045,1
9677,3051,1
9678,3051,1
9679,3054,1
9680,3051,1
9681,3044,1
9682,3047,1
9683,3048,1
9684,3043,1
9685,3053,1
9686,3048,1
9687,3051,1
9688,3045,1
9689,3047,1
9690,3036,1
9691,3041,1
9692,3041,1
9693,3039,1
9694,3028,1
9695,3035,1
9696,3036,1
9697,3034,1
9698,3040,1
9699,3034,1
9700,3026,1
9701,3025,1
9702,3032,1
9703,3023,1
9704,3029,1
9705,3022,1
9706,3024,1
9707,3029,1
9708,3022,1
9709,3022,1
9710,3028,1
9711,3026,1
9712,3019,1
9713,3018,1
9714,3023,1
9715,3023,1
9716,3012,1
9717,3018,1
9718,3015,1
9719,3017,1
9720,3013,1
9721,3011,1
9722,3010,1
9723,3010,1
9724,3008,1
9725,3008,1
9726,3010,1
9727,3002,1
9728,3010,1
9729,3004,1
9730,3002,1
9731,3001,1
9732,3001,1
9733,3004,1
9734,3003,1
9735,2998,1
9736,3024,1
9737,2997,1
9738,2996,1
9739,2992,1
9740,2997,1
9741,2992,1
9742,2990,1
9743,2994,1
9744,2989,1
9745,2989,1
9746,2989,1
9747,2988,1
9748,2993,1
9749,2985,0
9750,2980,0
9751,2985,0
9752,2988,1
9753,2982,0
9754,2986,0
9755,2983,0
9756,2981,0
9757,2982,0
9758,2979,0
9759,2985,0
9760,2983,0
9761,2981,0
9762,2977,0
9763,2978,0
9764,2972,0
9765,2967,0
9766,2971,0
9767,2975,0
9768,2974,0
9769,2972,0
9770,2974,0
9771,2974,0
9772,2972,0
9773,2972,0
9774,2966,0
9775,2966,0
9776,2964,0
9777,2966,0
9778,2961,0
9779,2963,0
9780,2963,0
9781,2959,0
9782,2959,0
9783,2967,0
9784,2962,0
9785,2963,0
9786,2964,0
9787,2963,0
9788,2963,0
9789,2962,0
9790,2958,0
9791,2957,0
9792,2959,0
9793,2961,0
9794,2964,0
9795,2956,0
9796,2951,0
9797,2958,0
9798,2953,0
9799,2958,0
9800,2959,0
9801,2957,0
9802,2948,0
9803,2952,0
9804,2961,0
9805,2953,0
9806,2951,0
9807,2951,0
9808,2960,0
9809,2945,0
9810,2948,0
9811,2941,0
9812,2951,0
9813,2948,0
9814,2943,0
9815,2946,0
9816,2948,0
9817,2946,0
9818,2950,0
9819,2938,0
9820,2947,0
9821,2942,0
9822,2932,0
9823,2938,0
9824,2935,0
9825,2942,0
9826,2934,0
9827,2930,0
9828,2933,0
9829,2931,0
9830,2934,0
9831,2925,0
9832,2930,0
9833,2935,0
9834,2932,0
9835,2929,0
9836,2931,0
9837,2921,0
9838,2930,0
9839,2928,0
9840,2921,0
9841,2926,0
9842,2928,0
9843,2923,0
9844,2925,0
9845,2926,0
9846,2918,0
9847,2923,0
9848,2916,0
9849,2925,0
9850,2918,0
9851,2929,0
9852,2918,0
9853,2928,0
9854,2927,0
9855,2923,0
9856,2915,0
9857,2912,0
9858,2915,0
9859,2913,0
9860,2920,0
9861,2918,0
9862,2915,0
9863,2913,0
9864,2912,0
9865,2907,0
9866,2909,0
9867,2910,0
9868,2907,0
9869,2913,0
9870,2910,0
9871,2907,0
9872,2900,0
9873,2907,0
9874,2901,0
9875,2906,0
9876,2902,0
9877,2899,0
9878,2903,0
9879,2903,0
9880,2897,0
9881,2908,0
9882,2895,0
9883,2896,0
9884,2900,0
9885,2899,0
9886,2903,0
9887,2898,0
9888,2902,0
9889,2887,0
9890,2891,0
9891,2892,0
9892,2887,0
9893,2896,0
9894,2887,0
9895,2891,0
9896,2892,0
9897,2890,0
9898,2894,0
9899,2889,0
9900,2886,0
9901,2890,0
9902,2893,0
9903,2881,0
9904,2880,0
9905,2881,0
9906,2889,0
9907,2887,0
9908,2883,0
9909,2890,0
9910,2883,0
9911,2879,0
9912,2884,0
9913,2886,0
9914,2883,0
9915,2879,0
9916,2880,0
9917,2880,0
9918,2874,0
9919,2878,0
9920,2874,0
9921,2876,0
9922,2883,0
9923,2878,0
9924,2880,0
9925,2872,0
9926,2876,0
9927,2872,0
9928,2878,0
9929,2865,0
9930,2868,0
9931,2871,0
9932,2869,0
9933,2866,0
9934,2871,0
9935,2870,0
9936,2862,0
9937,2872,0
9938,2876,0
9939,2865,0
9940,2863,0
9941,2870,0
9942,2868,0
9943,2871,0
9944,2866,0
9945,2867,0
9946,2863,0
9947,2868,0
9948,2864,0
9949,2865,0
9950,2867,0
9951,2867,0
9952,2860,0
9953,2861,0
9954,2856,0
9955,2863,0
9956,2860,0
9957,2864,0
9958,2854,0
9959,2857,0
9960,2856,0
9961,2861,0
9962,2861,0
9963,2863,0
9964,2853,0
9965,2863,0
9966,2856,0
9967,2857,0
9968,2850,0
9969,2855,0
9970,2851,0
9971,2851,0
9972,2853,0
9973,2854,0
9974,2853,0
9975,2850,0
9976,2845,0
9977,2846,0
9978,2843,0
9979,2855,0
9980,2847,0
9981,2849,0
9982,2851,0
9983,2852,0
9984,2843,0
9985,2843,0
9986,2852,0
9987,2850,0
9988,2852,0
9989,2849,0
9990,2847,0
9991,2843,0
9992,2839,0
9993,2846,0
9994,2836,0
9995,2839,0
9996,2839,0
9997,2838,0
9998,2842,0
9999,5216,3
10000,4562,3
10001,4413,3
10002,4047,3
10003,3808,3
10004,3738,3
10005,3703,3
10006,3614,3
10007,3587,3
10008,3575,3
10009,3533,3
10010,3487,3
10011,3460,3
10012,3411,3
10013,3403,3
10014,3404,3
10015,3383,3
10016,3337,3
10017,3304,3
10018,3267,3
10019,3257,3
10020,3238,3
10021,3226,3
10022,3211,3
10023,3199,3
10024,3198,3
10025,3136,3
10026,3122,3
10027,3120,3
10028,3112,3
10029,3102,3
10030,3083,3
10031,3067,3
10032,3076,3
10033,3065,3
10034,3052,3
10035,3049,3
10036,3040,3
10037,3048,3
10038,3027,3
10039,3021,3
10040,2992,3
10041,2976,3
10042,2986,3
10043,2965,3
10044,2954,3
10045,2955,3
10046,2953,3
10047,2940,3
10048,2935,3
10049,2932,3
10050,2928,3
10051,2910,3
10052,2901,3
10053,2913,3
10054,2899,3
10055,2895,3
10056,2891,3
10057,2895,3
10058,2889,3
10059,2883,3
10060,2874,3
10061,2870,3
10062,2876,3
10063,2869,3
10064,2854,3
10065,2849,3
10066,2833,3
10067,2825,3
10068,2819,3
10069,2820,3
10070,2824,3
10071,2812,3
10072,2816,3
10073,2814,3
10074,2813,3
10075,2796,3
10076,2795,3
10077,2782,3
10078,2767,3
10079,2765,3
10080,2763,3
10081,2749,3
10082,2750,3
10083,2739,3
10084,2733,3
10085,2715,3
10086,2708,3
10087,2707,3
10088,2704,3
10089,2705,3
10090,2706,3
10091,2700,3
10092,2690,3
10093,2685,3
10094,2677,3
10095,2683,3
10096,2681,3
10097,2679,3
10098,2679,3
10099,2673,3
10100,2668,3
10101,2656,3
10102,2662,3
10103,2661,3
10104,2656,3
10105,2650,3
10106,2654,3
10107,2639,3
10108,2637,3
10109,2632,3
10110,2633,3
10111,2636,3
10112,2623,3
10113,2628,3
10114,2621,3
10115,2618,3
10116,2621,3
10117,2617,3
10118,2613,3
10119,2617,3
10120,2606,3
10121,2613,3
10122,2611,3
10123,2599,3
10124,2589,3
10125,2599,3
10126,2595,3
10127,2598,3
10128,2584,3
10129,2595,3
10130,2588,3
10131,2578,3
10132,2580,3
10133,2579,3
10134,2584,3
10135,2579,3
10136,2581,3
10137,2574,3
10138,2572,3
10139,2574,3
10140,2574,3
10141,2574,3
10142,2572,3
10143,2558,3
10144,2555,3
10145,2557,3
10146,2558,3
10147,2552,3
10148,2556,3
10149,2551,3
10150,2557,3
10151,2549,3
10152,2540,3
10153,2532,3
10154,2538,3
10155,2529,3
10156,2526,3
10157,2530,3
10158,2535,3
10159,2525,3
10160,2527,3
10161,2526,3
10162,2518,3
10163,2518,3
10164,2513,3
10165,2515,3
10166,2512,3
10167,2508,3
10168,2503,3
10169,2512,3
10170,2501,3
10171,2498,3
10172,2496,3
10173,2494,3
10174,2494,3
10175,2488,3
10176,2489,3
10177,2495,3
10178,2489,3
10179,2491,3
10180,2478,3
10181,2474,3
10182,2480,3
10183,2477,3
10184,2477,3
10185,2472,3
10186,2467,3
10187,2465,3
10188,2455,3
10189,2468,3
10190,2460,3
10191,2462,3
10192,2457,3
10193,2455,3
10194,2456,3
10195,2459,3
10196,2455,3
10197,2449,3
10198,2453,3
10199,2446,3
10200,2444,3
10201,2442,3
10202,2441,3
10203,2433,3
10204,2436,3
10205,2422,3
10206,2413,3
10207,2406,3
10208,2409,3
10209,2405,3
10210,2410,3
10211,2409,3
10212,2411,3
10213,2405,3
10214,2405,3
10215,2404,3
10216,2400,3
10217,2394,3
10218,2396,3
10219,2398,3
10220,2392,3
10221,2390,3
10222,2380,3
10223,2379,3
10224,2379,3
10225,2379,3
10226,2378,3
10227,2380,3
10228,2375,3
10229,2374,3
10230,2370,3
10231,2366,3
10232,2366,3
10233,2361,3
10234,2359,3
10235,2360,3
10236,2358,3
10237,2354,3
10238,2357,3
10239,2355,3
10240,2350,3
10241,2350,3
10242,2357,3
10243,2348,3
10244,2348,3
10245,2346,3
10246,2343,2
10247,2349,3
10248,2342,2
10249,2346,3
10250,2343,2
10251,2340,2
10252,2341,2
10253,2327,2
10254,2319,2
10255,2326,2
10256,2323,2
10257,2323,2
10258,2322,2
10259,2319,2
10260,2322,2
10261,2316,2
10262,2322,2
10263,2314,2
10264,2317,2
10265,2309,2
10266,2317,2
10267,2314,2
10268,2315,2
10269,2310,2
10270,2310,2
10271,2302,2
10272,2306,2
10273,2305,2
10274,2303,2
10275,2304,2
10276,2297,2
10277,2299,2
10278,2304,2
10279,2299,2
10280,2301,2
10281,2294,2
10282,2290,2
10283,2295,2
10284,2294,2
10285,2294,2
10286,2288,2
10287,2286,2
10288,2282,2
10289,2283,2
10290,2286,2
10291,2286,2
10292,2286,2
10293,2280,2
10294,2274,2
10295,2277,2
10296,2277,2
10297,2273,2
10298,2277,2
10299,2269,2
10300,2277,2
10301,2273,2
10302,2273,2
10303,2273,2
10304,2269,2
10305,2266,2
10306,2271,2
10307,2266,2
10308,2261,2
10309,2268,2
10310,2256,2
10311,2254,2
10312,2248,2
10313,2248,2
10314,2248,2
10315,2249,2
10316,2247,2
10317,2241,2
10318,2244,2
10319,2246,2
10320,2240,2
10321,2237,2
10322,2236,2
10323,2239,2
10324,2235,2
10325,2234,2
10326,2230,2
10327,2234,2
10328,2226,2
10329,2234,2
10330,2225,2
10331,2233,2
10332,2228,2
10333,2234,2
10334,2232,2
10335,2229,2
10336,2231,2
10337,2225,2
10338,2225,2
10339,2229,2
10340,2228,2
10341,2225,2
10342,2223,2
10343,2226,2
10344,2223,2
10345,2228,2
10346,2228,2
10347,2225,2
10348,2217,2
10349,2219,2
10350,2225,2
10351,2220,2
10352,2215,2
10353,2212,2
10354,2218,2
10355,2209,2
10356,2214,2
10357,2211,2
10358,2216,2
10359,2215,2
10360,2212,2
10361,2214,2
10362,2207,2
10363,2204,2
10364,2207,2
10365,2200,2
10366,2199,2
10367,2203,2
10368,2195,2
10369,2199,2
10370,2196,2
10371,2192,2
10372,2196,2
10373,2195,2
10374,2197,2
10375,2193,2
10376,2193,2
10377,2192,2
10378,2185,2
10379,2192,2
10380,2189,2
10381,2190,2
10382,2187,2
10383,2191,2
10384,2186,2
10385,2184,2
10386,2180,2
10387,2184,2
10388,2180,2
10389,2181,2
10390,2179,2
10391,2181,2
10392,2175,2
10393,2176,2
10394,2171,2
10395,2175,2
10396,2171,2
10397,2167,2
10398,2176,2
10399,2174,2
10400,2175,2
10401,2164,2
10402,2163,2
10403,2161,2
10404,2161,2
10405,2159,2
10406,2157,2
10407,2155,2
10408,2153,2
10409,2155,2
10410,2157,2
10411,2157,2
10412,2154,2
10413,2155,2
10414,2150,2
10415,2148,2
10416,2146,2
10417,2147,2
10418,2138,2
10419,2143,2
10420,2141,2
10421,2143,2
10422,2142,2
10423,2139,2
10424,2139,2
10425,2137,2
10426,2135,2
10427,2142,2
10428,2134,2
10429,2130,2
10430,2130,2
10431,2129,2
10432,2127,2
10433,2131,2
10434,2136,2
10435,2127,2
10436,2125,2
10437,2121,2
10438,2122,2
10439,2120,2
10440,2120,2
10441,2118,2
10442,2115,2
10443,2114,2
10444,2118,2
10445,2115,2
10446,2110,2
10447,2112,2
10448,2115,2
10449,2114,2
10450,2111,2
10451,2103,2
10452,2111,2
10453,2109,2
10454,2104,2
10455,2105,2
10456,2106,2
10457,2101,2
10458,2098,2
10459,2095,2
10460,2097,2
10461,2096,2
10462,2097,2
10463,2095,2
10464,2091,2
10465,2096,2
10466,2088,2
10467,2089,2
10468,2087,2
10469,2086,2
10470,2084,2
10471,2086,2
10472,2085,2
10473,2082,2
10474,2086,2
10475,2078,2
10476,2077,2
10477,2080,2
10478,2081,2
10479,2082,2
10480,2077,2
10481,2078,2
10482,2078,2
10483,2082,2
10484,2070,2
10485,2072,2
10486,2068,2
10487,2076,2
10488,2068,2
10489,2076,2
10490,2069,2
10491,2072,2
10492,2070,2
10493,2072,2
10494,2073,2
10495,2062,1
10496,2068,2
10497,2065,1
10498,2069,2
10499,2065,1
10500,2071,2
10501,2063,1
10502,2058,1
10503,2061,1
10504,2062,1
10505,2067,2
10506,2064,1
10507,2057,1
10508,2058,1
10509,2056,1
10510,2056,1
10511,2058,1
10512,2058,1
10513,2059,1
10514,2056,1
10515,2055,1
10516,2057,1
10517,2054,1
10518,2052,1
10519,2047,1
10520,2048,1
10521,2044,1
10522,2044,1
10523,2051,1
10524,2042,1
10525,2046,1
10526,2051,1
10527,2051,1
10528,2049,1
10529,2048,1
10530,2044,1
10531,2045,1
10532,2050,1
10533,2042,1
10534,2045,1
10535,2047,1
10536,2044,1
10537,2036,1
10538,2040,1
10539,2044,1
10540,2038,1
10541,2040,1
10542,2034,1
10543,2040,1
10544,2032,1
10545,2030,1
10546,2034,1
10547,2037,1
10548,2027,1
10549,2029,1
10550,2031,1
10551,2030,1
10552,2032,1
10553,2031,1
10554,2033,1
10555,2019,1
10556,2019,1
10557,2022,1
10558,2022,1
10559,2015,1
10560,2013,1
10561,2019,1
10562,2015,1
10563,2017,1
10564,2014,1
10565,2010,1
10566,2009,1
10567,2016,1
10568,2011,1
10569,2011,1
10570,2005,1
10571,2009,1
10572,2005,1
10573,2005,1
10574,2001,1
10575,1999,1
10576,2001,1
10577,1993,1
10578,1999,1
10579,1996,1
10580,1996,1
10581,1991,1
10582,1997,1
10583,1993,1
10584,1997,1
10585,1996,1
10586,1993,1
10587,1986,1
10588,1984,1
10589,1992,1
10590,1988,1
10591,1987,1
10592,1995,1
10593,1992,1
10594,1990,1
10595,1989,1
10596,1985,1
10597,1980,1
10598,1986,1
10599,1986,1
10600,1984,1
10601,1988,1
10602,1983,1
10603,1981,1
10604,1981,1
10605,1982,1
10606,1980,1
10607,1980,1
10608,1975,1
10609,1976,1
10610,1978,1
10611,1971,1
10612,1966,1
10613,1974,1
10614,1974,1
10615,1971,1
10616,1968,1
10617,1962,1
10618,1967,1
10619,1969,1
10620,1966,1
10621,1966,1
10622,1962,1
10623,1960,1
10624,1961,1
10625,1963,1
10626,1959,1
10627,1959,1
10628,1962,1
10629,1958,1
10630,1961,1
10631,1955,1
10632,1957,1
10633,1947,1
10634,1947,1
10635,1947,1
10636,1944,1
10637,1945,1
10638,1942,1
10639,1936,1
10640,1941,1
10641,1945,1
10642,1935,1
10643,1940,1
10644,1938,1
10645,1938,1
10646,1933,1
10647,1938,1
10648,1934,1
10649,1934,1
10650,1938,1
10651,1934,1
10652,1931,1
10653,1933,1
10654,1932,1
10655,1922,1
10656,1928,1
10657,1926,1
10658,1927,1
10659,1925,1
10660,1924,1
10661,1930,1
10662,1921,1
10663,1925,1
10664,1919,1
10665,1915,1
10666,1912,1
10667,1918,1
10668,1918,1
10669,1913,1
10670,1912,1
10671,1911,1
10672,1906,1
10673,1907,1
10674,1908,1
10675,1909,1
10676,1903,1
10677,1901,1
10678,1903,1
10679,1904,1
10680,1903,1
10681,1905,1
10682,1902,1
10683,1899,1
10684,1898,1
10685,1906,1
10686,1897,1
10687,1899,1
10688,1893,1
10689,1900,1
10690,1898,1
10691,1893,1
10692,1895,1
10693,1893,1
10694,1891,1
10695,1893,1
10696,1891,1
10697,1886,1
10698,1888,1
10699,1889,1
10700,1891,1
10701,1889,1
10702,1886,1
10703,1883,1
10704,1878,1
10705,1876,1
10706,1879,1
10707,1879,1
10708,1878,1
10709,1869,1
10710,1871,1
10711,1879,1
10712,1871,1
10713,1866,1
10714,1871,1
10715,1872,1
10716,1867,1
10717,1864,1
10718,1873,1
10719,1867,1
10720,1870,1
10721,1864,1
10722,1861,1
10723,1858,1
10724,1859,1
10725,1863,1
10726,1860,1
10727,1855,1
10728,1853,1
10729,1858,1
10730,1856,1
10731,1856,1
10732,1861,1
10733,1851,1
10734,1855,1
10735,1854,1
10736,1850,1
10737,1851,1
10738,1851,1
10739,1853,1
10740,1850,1
10741,1848,1
10742,1848,1
10743,1847,1
10744,1847,1
10745,1841,0
10746,1839,0
10747,1836,0
10748,1847,1
10749,1841,0
10750,1841,0
10751,1843,1
10752,1836,0
10753,1838,0
10754,1841,0
10755,1836,0
10756,1835,0
10757,1840,0
10758,1840,0
10759,1831,0
10760,1840,0
10761,1830,0
10762,1838,0
10763,1835,0
10764,1834,0
10765,1829,0
10766,1828,0
10767,1831,0
10768,1824,0
10769,1823,0
10770,1821,0
10771,1826,0
10772,1825,0
10773,1821,0
10774,1825,0
10775,1820,0
10776,1816,0
10777,1823,0
10778,1818,0
10779,1814,0
10780,1820,0
10781,1813,0
10782,1813,0
10783,1813,0
10784,1813,0
10785,1809,0
10786,1810,0
10787,1806,0
10788,1802,0
10789,1812,0
10790,1805,0
10791,1803,0
10792,1806,0
10793,1802,0
10794,1806,0
10795,1801,0
10796,1799,0
10797,1802,0
10798,1798,0
10799,1800,0
10800,1790,0
10801,1796,0
10802,1794,0
10803,1796,0
10804,1791,0
10805,1790,0
10806,1793,0
10807,1792,0
10808,1794,0
10809,1788,0
10810,1785,0
10811,1789,0
10812,1790,0
10813,1786,0
10814,1785,0
10815,1778,0
10816,1780,0
10817,1786,0
10818,1786,0
10819,1783,0
10820,1786,0
10821,1779,0
10822,1779,0
10823,1777,0
10824,1777,0
10825,1775,0
10826,1781,0
10827,1776,0
10828,1780,0
10829,1771,0
10830,1778,0
10831,1779,0
10832,1772,0
10833,1769,0
10834,1766,0
10835,1773,0
10836,1777,0
10837,1766,0
10838,1766,0
10839,1769,0
10840,1767,0
10841,1766,0
10842,1765,0
10843,1761,0
10844,1764,0
10845,1760,0
10846,1758,0
10847,1754,0
10848,1760,0
10849,1757,0
10850,1756,0
10851,1758,0
10852,1750,0
10853,1750,0
10854,1757,0
10855,1750,0
10856,1757,0
10857,1754,0
10858,1749,0
10859,1750,0
10860,1750,0
10861,1749,0
10862,1746,0
10863,1747,0
10864,1750,0
10865,1744,0
10866,1744,0
10867,1743,0
10868,1741,0
10869,1748,0
10870,1744,0
10871,1739,0
10872,1737,0
10873,1747,0
10874,1735,0
10875,1743,0
10876,1736,0
10877,1734,0
10878,1741,0
10879,1736,0
10880,1735,0
10881,1732,0
10882,1735,0
10883,1732,0
10884,1731,0
10885,1733,0
10886,1727,0
10887,1736,0
10888,1733,0
10889,1726,0
10890,1725,0
10891,1730,0
10892,1723,0
10893,1722,0
10894,1724,0
10895,1728,0
10896,1730,0
10897,1721,0
10898,1719,0
10899,1727,0
10900,1717,0
10901,1720,0
10902,1716,0
10903,1717,0
10904,1720,0
10905,1720,0
10906,1710,0
10907,1717,0
10908,1716,0
10909,1718,0
10910,1712,0
10911,1720,0
10912,1713,0
10913,1714,0
10914,1713,0
10915,1712,0
10916,1709,0
10917,1712,0
10918,1706,0
10919,1709,0
10920,1706,0
10921,1707,0
10922,1710,0
10923,1706,0
10924,1706,0
10925,1708,0
10926,1703,0
10927,1708,0
10928,1705,0
10929,1707,0
10930,1702,0
10931,1701,0
10932,1699,0
10933,1704,0
10934,1706,0
10935,1701,0
10936,1698,0
10937,1695,0
10938,1696,0
10939,1698,0
10940,1694,0
10941,1694,0
10942,1699,0
10943,1692,0
10944,1690,0
10945,1691,0
10946,1694,0
10947,1695,0
10948,1696,0
10949,1693,0
10950,1689,0
10951,1686,0
10952,1690,0
10953,1692,0
10954,1685,0
10955,1687,0
10956,1686,0
10957,1690,0
10958,1690,0
10959,1684,0
10960,1684,0
10961,1679,0
10962,1682,0
10963,1688,0
10964,1681,0
10965,1682,0
10966,1683,0
10967,1674,0
10968,1677,0
10969,1678,0
10970,1673,0
10971,1675,0
10972,1675,0
10973,1677,0
10974,1678,0
10975,1666,0
10976,1670,0
10977,1675,0
10978,1672,0
10979,1667,0
10980,1665,0
10981,1663,0
10982,1663,0
10983,1669,0
10984,1663,0
10985,1669,0
10986,1660,0
10987,1663,0
10988,1666,0
10989,1660,0
10990,1665,0
10991,1658,0
10992,1656,0
10993,1663,0
10994,1660,0
10995,1662,0
10996,1660,0
10997,914,0
10998,4146,3
10999,3696,3
11000,3557,3
11001,3434,3
11002,3184,3
11003,3135,3
11004,3009,3
11005,2929,3
11006,2859,3
11007,2811,3
11008,2784,3
11009,2771,3
11010,2764,3
11011,2755,3
11012,2731,3
11013,2729,3
11014,2701,3
11015,2643,3
11016,2641,3
11017,2571,3
11018,2567,3
11019,2536,3
11020,2510,3
11021,2510,3
11022,2486,3
11023,2470,3
11024,2465,3
11025,2409,3
11026,2405,3
11027,2395,3
11028,2383,3
11029,2352,3
11030,2336,3
11031,2336,3
11032,2327,3
11033,2320,3
11034,2318,3
11035,2307,3
11036,2284,3
11037,2274,3
11038,2263,3
11039,2251,3
11040,2244,3
11041,2234,3
11042,2224,3
11043,2210,3
11044,2192,3
11045,2194,3
11046,2175,3
11047,2171,3
11048,2166,3
11049,2163,3
11050,2162,3
11051,2146,3
11052,2145,3
11053,2128,3
11054,2107,3
11055,2082,3
11056,2074,3
11057,2070,3
11058,2072,3
11059,2060,3
11060,2056,3
11061,2055,3
11062,2038,3
11063,2028,3
11064,2021,3
11065,2022,3
11066,2018,3
11067,2010,3
11068,2006,3
11069,1997,3
11070,1988,3
11071,1973,3
11072,1967,3
11073,1960,3
11074,1940,3
11075,1940,3
11076,1929,3
11077,1931,3
11078,1923,3
11079,1926,3
11080,1887,3
11081,1872,3
11082,1871,3
11083,1852,3
11084,1845,3
11085,1837,3
11086,1832,3
11087,1834,3
11088,1811,3
11089,1812,3
11090,1803,3
11091,1800,3
11092,1777,3
11093,1777,3
11094,1773,3
11095,1769,3
11096,1761,3
11097,1763,3
11098,1736,3
11099,1735,3
11100,1719,3
11101,1714,3
11102,1707,3
11103,1706,3
11104,1707,3
11105,1698,3
11106,1700,3
11107,1693,3
11108,1686,3
11109,1690,3
11110,1674,3
11111,1668,3
11112,1671,3
11113,1673,3
11114,1661,3
11115,1663,3
11116,1665,3
11117,1661,3
11118,1661,3
11119,1652,3
11120,1648,3
11121,1640,3
11122,1647,3
11123,1636,3
11124,1635,3
11125,1629,3
11126,1629,3
11127,1630,3
11128,1628,3
11129,1623,3
11130,1617,3
11131,1609,3
11132,1606,3
11133,1594,3
11134,1584,3
11135,1573,3
11136,1566,3
11137,1555,3
11138,1558,3
11139,1550,3
11140,1546,3
11141,1540,3
11142,1536,3
11143,1526,3
11144,1522,3
11145,1518,3
11146,1516,3
11147,1501,3
11148,1498,3
11149,1498,3
11150,1492,3
11151,1491,3
11152,1484,3
11153,1490,3
11154,1470,3
11155,1464,3
11156,1463,3
11157,1458,3
11158,1457,3
11159,1459,3
11160,1450,3
11161,1453,3
11162,1447,3
11163,1440,3
11164,1439,3
11165,1438,3
11166,1438,3
11167,1440,3
11168,1431,3
11169,1432,3
11170,1429,3
11171,1426,3
11172,1427,3
11173,1422,3
11174,1416,3
11175,1412,3
11176,1417,3
11177,1409,3
11178,1408,3
11179,1409,3
11180,1405,3
11181,1401,3
11182,1397,3
11183,1390,3
11184,1394,3
11185,1392,3
11186,1383,3
11187,1375,3
11188,1365,3
11189,1369,3
11190,1364,3
11191,1363,3
11192,1356,3
11193,1354,3
11194,1355,3
11195,1350,3
11196,1355,3
11197,1354,3
11198,1348,3
11199,1341,3
11200,1344,3
11201,1335,3
11202,1338,3
11203,1337,3
11204,1335,3
11205,1331,3
11206,1335,3
11207,1335,3
11208,1328,3
11209,1322,3
11210,1317,3
11211,1315,3
11212,1317,3
11213,1312,3
11214,1312,3
11215,1311,3
11216,1304,3
11217,1303,3
11218,1297,3
11219,1303,3
11220,1294,3
11221,1280,3
11222,1276,3
11223,1270,3
11224,1268,3
11225,1266,3
11226,1266,3
11227,1268,3
11228,1265,3
11229,1257,3
11230,1256,3
11231,1258,3
11232,1249,3
11233,1248,3
11234,1245,3
11235,1243,3
11236,1245,3
11237,1244,3
11238,1242,3
11239,1239,3
11240,1242,3
11241,1238,3
11242,1230,3
11243,1228,3
11244,1232,3
11245,1227,3
11246,1222,3
11247,1225,3
11248,1216,2
11249,1212,2
11250,1211,2
11251,1208,2
11252,1203,2
11253,1205,2
11254,1207,2
11255,1200,2
11256,1201,2
11257,1198,2
11258,1203,2
11259,1192,2
11260,1200,2
11261,1190,2
11262,1189,2
11263,1189,2
11264,1186,2
11265,1184,2
11266,1187,2
11267,1184,2
11268,1184,2
11269,1185,2
11270,1183,2
11271,1173,2
11272,1177,2
11273,1176,2
11274,1167,2
11275,1170,2
11276,1167,2
11277,1162,2
11278,1162,2
11279,1154,2
11280,1164,2
11281,1162,2
11282,1155,2
11283,1163,2
11284,1157,2
11285,1155,2
11286,1146,2
11287,1148,2
11288,1145,2
11289,1144,2
11290,1145,2
11291,1139,2
11292,1140,2
11293,1139,2
11294,1136,2
11295,1138,2
11296,1138,2
11297,1139,2
11298,1136,2
11299,1134,2
11300,1133,2
11301,1136,2
11302,1132,2
11303,1126,2
11304,1116,2
11305,1121,2
11306,1123,2
11307,1125,2
11308,1123,2
11309,1114,2
11310,1105,2
11311,1112,2
11312,1106,2
11313,1110,2
11314,1104,2
11315,1108,2
11316,1099,2
11317,1098,2
11318,1097,2
11319,1093,2
11320,1091,2
11321,1085,2
11322,1086,2
11323,1083,2
11324,1081,2
11325,1077,2
11326,1075,2
11327,1068,2
11328,1069,2
11329,1066,2
11330,1068,2
11331,1064,2
11332,1060,2
11333,1048,2
11334,1047,2
11335,1053,2
11336,1054,2
11337,1049,2
11338,1041,2
11339,1049,2
11340,1045,2
11341,1036,2
11342,1038,2
11343,1038,2
11344,1039,2
11345,1027,2
11346,1027,2
11347,1019,2
11348,1021,2
11349,1018,2
11350,1018,2
11351,1009,2
11352,1006,2
11353,1005,2
11354,1005,2
11355,990,2
11356,992,2
11357,993,2
11358,986,2
11359,989,2
11360,986,2
11361,985,2
11362,987,2
11363,984,2
11364,982,2
11365,976,2
11366,982,2
11367,977,2
11368,978,2
11369,976,2
11370,969,2
11371,969,2
11372,972,2
11373,971,2
11374,973,2
11375,968,2
11376,961,2
11377,960,2
11378,959,2
11379,954,2
11380,955,2
11381,959,2
11382,956,2
11383,946,2
11384,946,2
11385,953,2
11386,948,2
11387,950,2
11388,943,2
11389,940,2
11390,947,2
11391,938,2
11392,935,2
11393,934,2
11394,933,2
11395,925,2
11396,922,2
11397,922,2
11398,914,2
11399,915,2
11400,908,2
11401,910,2
11402,902,2
11403,906,2
11404,901,2
11405,908,2
11406,898,2
11407,894,2
11408,898,2
11409,898,2
11410,886,2
11411,886,2
11412,889,2
11413,892,2
11414,884,2
11415,881,2
11416,880,2
11417,881,2
11418,888,2
11419,879,2
11420,877,2
11421,875,2
11422,876,2
11423,876,2
11424,870,2
11425,873,2
11426,868,2
11427,875,2
11428,869,2
11429,868,2
11430,870,2
11431,869,2
11432,863,2
11433,859,2
11434,860,2
11435,856,2
11436,853,2
11437,852,2
11438,845,2
11439,849,2
11440,851,2
11441,850,2
11442,842,2
11443,845,2
11444,844,2
11445,845,2
11446,844,2
11447,844,2
11448,842,2
11449,841,2
11450,845,2
11451,839,2
11452,832,2
11453,835,2
11454,826,2
11455,822,2
11456,823,2
11457,819,2
11458,820,2
11459,824,2
11460,822,2
11461,816,2
11462,812,2
11463,810,2
11464,805,2
11465,809,2
11466,804,2
11467,800,2
11468,799,2
11469,798,2
11470,794,2
11471,796,2
11472,794,2
11473,802,2
11474,796,2
11475,793,2
11476,793,2
11477,794,2
11478,786,2
11479,793,2
11480,786,2
11481,782,2
11482,788,2
11483,788,2
11484,786,2
11485,789,2
11486,785,2
11487,782,2
11488,776,2
11489,781,2
11490,777,2
11491,773,2
11492,772,2
11493,777,2
11494,767,2
11495,771,2
11496,763,1
11497,771,2
11498,768,2
11499,761,1
11500,763,1
11501,760,1
11502,762,1
11503,760,1
11504,751,1
11505,753,1
11506,751,1
11507,752,1
11508,754,1
11509,750,1
11510,751,1
11511,751,1
11512,746,1
11513,744,1
11514,744,1
11515,742,1
11516,741,1
11517,736,1
11518,742,1
11519,736,1
11520,734,1
11521,739,1
11522,739,1
11523,733,1
11524,729,1
11525,738,1
11526,734,1
11527,731,1
11528,725,1
11529,729,1
11530,719,1
11531,720,1
11532,715,1
11533,713,1
11534,715,1
11535,711,1
11536,711,1
11537,707,1
11538,710,1
11539,704,1
11540,706,1
11541,710,1
11542,709,1
11543,703,1
11544,700,1
11545,698,1
11546,702,1
11547,696,1
11548,692,1
11549,696,1
11550,691,1
11551,690,1
11552,695,1
11553,688,1
11554,686,1
11555,686,1
11556,678,1
11557,680,1
11558,682,1
11559,678,1
11560,681,1
11561,678,1
11562,672,1
11563,677,1
11564,671,1
11565,667,1
11566,665,1
11567,671,1
11568,666,1
11569,667,1
11570,660,1
11571,664,1
11572,668,1
11573,665,1
11574,660,1
11575,660,1
11576,659,1
11577,663,1
11578,652,1
11579,657,1
11580,651,1
11581,652,1
11582,652,1
11583,650,1
11584,654,1
11585,651,1
11586,643,1
11587,641,1
11588,646,1
11589,647,1
11590,636,1
11591,631,1
11592,638,1
11593,631,1
11594,630,1
11595,636,1
11596,628,1
11597,634,1
11598,630,1
11599,632,1
11600,630,1
11601,631,1
11602,634,1
11603,627,1
11604,633,1
11605,630,1
11606,628,1
11607,620,1
11608,621,1
11609,622,1
11610,622,1
11611,621,1
11612,622,1
11613,622,1
11614,619,1
11615,620,1
11616,620,1
11617,618,1
11618,616,1
11619,617,1
11620,609,1
11621,613,1
11622,607,1
11623,610,1
11624,602,1
11625,604,1
11626,604,1
11627,599,1
11628,606,1
11629,604,1
11630,595,1
11631,596,1
11632,602,1
11633,597,1
11634,592,1
11635,595,1
11636,594,1
11637,596,1
11638,591,1
11639,590,1
11640,594,1
11641,591,1
11642,592,1
11643,592,1
11644,585,1
11645,588,1
11646,590,1
11647,582,1
11648,591,1
11649,586,1
11650,583,1
11651,585,1
11652,587,1
11653,581,1
11654,581,1
11655,582,1
11656,573,1
11657,578,1
11658,578,1
11659,573,1
11660,570,1
11661,571,1
11662,574,1
11663,571,1
11664,567,1
11665,571,1
11666,573,1
11667,564,1
11668,563,1
11669,559,1
11670,562,1
11671,566,1
11672,565,1
11673,565,1
11674,559,1
11675,562,1
11676,559,1
11677,555,1
11678,561,1
11679,555,1
11680,561,1
11681,561,1
11682,557,1
11683,554,1
11684,554,1
11685,556,1
11686,554,1
11687,556,1
11688,551,1
11689,551,1
11690,550,1
11691,547,1
11692,554,1
11693,548,1
11694,549,1
11695,548,1
11696,544,1
11697,548,1
11698,544,1
11699,543,1
11700,547,1
11701,547,1
11702,542,1
11703,542,1
11704,542,1
11705,533,1
11706,532,1
11707,532,1
11708,536,1
11709,531,1
11710,533,1
11711,529,1
11712,527,1
11713,522,1
11714,525,1
11715,531,1
11716,521,1
11717,528,1
11718,522,1
11719,522,1
11720,521,1
11721,521,1
11722,517,1
11723,514,1
11724,518,1
11725,520,1
11726,514,1
11727,520,1
11728,511,1
11729,520,1
11730,520,1
11731,518,1
11732,516,1
11733,508,1
11734,510,1
11735,507,1
11736,509,1
11737,508,1
11738,514,1
11739,509,1
11740,509,1
11741,508,1
11742,506,1
11743,503,1
11744,504,1
11745,508,1
11746,510,1
11747,501,0
11748,499,0
11749,506,1
11750,499,0
11751,501,0
11752,498,0
11753,494,0
11754,495,0
11755,496,0
11756,500,0
11757,493,0
11758,498,0
11759,490,0
11760,493,0
11761,489,0
11762,491,0
11763,488,0
11764,491,0
11765,490,0
11766,488,0
11767,487,0
11768,489,0
11769,487,0
11770,486,0
11771,482,0
11772,487,0
11773,487,0
11774,483,0
11775,485,0
11776,477,0
11777,479,0
11778,477,0
11779,471,0
11780,472,0
11781,478,0
11782,474,0
11783,471,0
11784,473,0
11785,471,0
11786,473,0
11787,469,0
11788,466,0
11789,465,0
11790,467,0
11791,469,0
11792,466,0
11793,469,0
11794,463,0
11795,468,0
11796,463,0
11797,461,0
11798,461,0
11799,463,0
11800,462,0
11801,461,0
11802,457,0
11803,455,0
11804,463,0
11805,455,0
11806,455,0
11807,456,0
11808,452,0
11809,453,0
11810,452,0
11811,451,0
11812,454,0
11813,448,0
11814,454,0
11815,448,0
11816,452,0
11817,450,0
11818,451,0
11819,447,0
11820,454,0
11821,453,0
11822,444,0
11823,448,0
11824,440,0
11825,448,0
11826,441,0
11827,441,0
11828,440,0
11829,440,0
11830,438,0
11831,436,0
11832,439,0
11833,439,0
11834,437,0
11835,440,0
11836,438,0
11837,437,0
11838,430,0
11839,428,0
11840,435,0
11841,431,0
11842,429,0
11843,435,0
11844,433,0
11845,429,0
11846,430,0
11847,427,0
11848,425,0
11849,430,0
11850,427,0
11851,425,0
11852,426,0
11853,424,0
11854,430,0
11855,422,0
11856,423,0
11857,425,0
11858,424,0
11859,426,0
11860,428,0
11861,416,0
11862,425,0
11863,418,0
11864,417,0
11865,419,0
11866,419,0
11867,416,0
11868,414,0
11869,415,0
11870,419,0
11871,415,0
11872,412,0
11873,413,0
11874,410,0
11875,405,0
11876,413,0
11877,410,0
11878,408,0
11879,409,0
11880,411,0
11881,413,0
11882,412,0
11883,404,0
11884,406,0
11885,406,0
11886,403,0
11887,402,0
11888,404,0
11889,403,0
11890,407,0
11891,396,0
11892,401,0
11893,398,0
11894,399,0
11895,402,0
11896,398,0
11897,401,0
11898,404,0
11899,399,0
11900,393,0
11901,401,0
11902,401,0
11903,400,0
11904,397,0
11905,398,0
11906,395,0
11907,398,0
11908,399,0
11909,397,0
11910,400,0
11911,390,0
11912,394,0
11913,392,0
11914,388,0
11915,390,0
11916,392,0
11917,386,0
11918,395,0
11919,387,0
11920,393,0
11921,388,0
11922,382,0
11923,384,0
11924,384,0
11925,384,0
11926,386,0
11927,385,0
11928,381,0
11929,385,0
11930,383,0
11931,386,0
11932,387,0
11933,384,0
11934,383,0
11935,387,0
11936,376,0
11937,380,0
11938,378,0
11939,378,0
11940,383,0
11941,382,0
11942,377,0
11943,382,0
11944,382,0
11945,375,0
11946,379,0
11947,373,0
11948,374,0
11949,377,0
11950,379,0
11951,377,0
11952,375,0
11953,380,0
11954,374,0
11955,375,0
11956,372,0
11957,380,0
11958,375,0
11959,370,0
11960,377,0
11961,374,0
11962,374,0
11963,373,0
11964,371,0
11965,373,0
11966,372,0
11967,373,0
11968,367,0
11969,364,0
11970,375,0
11971,366,0
11972,372,0
11973,369,0
11974,373,0
11975,371,0
11976,367,0
11977,369,0
11978,364,0
11979,371,0
11980,370,0
11981,362,0
11982,363,0
11983,365,0
11984,363,0
11985,361,0
11986,363,0
11987,362,0
11988,356,0
11989,353,0
11990,362,0
11991,357,0
11992,356,0
11993,355,0
11994,353,0
11995,358,0
11996,345,0
11997,349,0
11998,5785,3
11999,5593,3
12000,4626,3
12001,4486,3
12002,4465,3
12003,4438,3
12004,4305,3
12005,4066,3
12006,4047,3
12007,4025,3
12008,4002,3
12009,3967,3
12010,3808,3
12011,3770,3
12012,3743,3
12013,3733,3
12014,3714,3
12015,3713,3
12016,3700,3
12017,3676,3
12018,3619,3
12019,3592,3
12020,3585,3
12021,3538,3
12022,3532,3
12023,3528,3
12024,3520,3
12025,3511,3
12026,3493,3
12027,3488,3
12028,3481,3
12029,3453,3
12030,3450,3
12031,3431,3
12032,3422,3
12033,3410,3
12034,3410,3
12035,3388,3
12036,3378,3
12037,3364,3
12038,3356,3
12039,3347,3
12040,3328,3
12041,3326,3
12042,3321,3
12043,3328,3
12044,3321,3
12045,3301,3
12046,3275,3
12047,3268,3
12048,3265,3
12049,3250,3
12050,3256,3
12051,3242,3
12052,3220,3
12053,3225,3
12054,3222,3
12055,3219,3
12056,3205,3
12057,3199,3
12058,3186,3
12059,3186,3
12060,3176,3
12061,3179,3
12062,3176,3
12063,3174,3
12064,3151,3
12065,3149,3
12066,3147,3
12067,3153,3
12068,3180,3
12069,3148,3
12070,3150,3
12071,3140,3
12072,3137,3
12073,3137,3
12074,3127,3
12075,3122,3
12076,3121,3
12077,3080,3
12078,3089,3
12079,3078,3
12080,3075,3
12081,3079,3
12082,3076,3
12083,3068,3
12084,3067,3
12085,3055,3
12086,3045,3
12087,3044,3
12088,3042,3
12089,3044,3
12090,3028,3
12091,3016,3
12092,3019,3
12093,3015,3
12094,3011,3
12095,3010,3
12096,3009,3
12097,3005,3
12098,2986,3
12099,2983,3
12100,2987,3
12101,2989,3
12102,2979,3
12103,2980,3
12104,2978,3
12105,2970,3
12106,2969,3
12107,2973,3
12108,2963,3
12109,2966,3
12110,2956,3
12111,2957,3
12112,2958,3
12113,2941,3
12114,2932,3
12115,2941,3
12116,2935,3
12117,2930,3
12118,2925,3
12119,2926,3
12120,2924,3
12121,2923,3
12122,2909,3
12123,2903,3
12124,2901,3
12125,2899,3
12126,2886,3
12127,2875,3
12128,2874,3
12129,2880,3
12130,2873,3
12131,2864,3
12132,2863,3
12133,2869,3
12134,2856,3
12135,2849,3
12136,2845,3
12137,2834,3
12138,2834,3
12139,2833,3
12140,2820,3
12141,2821,3
12142,2819,3
12143,2815,3
12144,2811,3
12145,2815,3
12146,2816,3
12147,2814,3
12148,2812,3
12149,2804,3
12150,2808,3
12151,2801,3
12152,2801,3
12153,2796,3
12154,2795,3
12155,2784,3
12156,2786,3
12157,2784,3
12158,2772,3
12159,2768,3
12160,2773,3
12161,2768,3
12162,2767,3
12163,2757,3
12164,2755,3
12165,2755,3
12166,2754,3
12167,2754,3
12168,2754,3
12169,2756,3
12170,2744,3
12171,2742,3
12172,2750,3
12173,2739,3
12174,2736,3
12175,2736,3
12176,2735,3
12177,2730,3
12178,2726,3
12179,2730,3
12180,2724,3
12181,2728,3
12182,2722,3
12183,2717,3
12184,2707,3
12185,2705,3
12186,2710,3
12187,2700,3
12188,2701,3
12189,2702,3
12190,2698,3
12191,2698,3
12192,2694,3
12193,2695,3
12194,2689,3
12195,2691,3
12196,2693,3
12197,2684,3
12198,2683,3
12199,2679,3
12200,2685,3
12201,2684,3
12202,2679,3
12203,2675,3
12204,2674,3
12205,2667,3
12206,2672,3
12207,2673,3
12208,2668,3
12209,2671,3
12210,2670,3
12211,2668,3
12212,2666,3
12213,2659,3
12214,2660,3
12215,2664,3
12216,2661,3
12217,2656,3
12218,2650,3
12219,2653,3
12220,2648,3
12221,2652,3
12222,2648,3
12223,2643,3
12224,2640,3
12225,2638,3
12226,2637,3
12227,2636,3
12228,2631,3
12229,2632,3
12230,2623,3
12231,2626,3
12232,2624,3
12233,2625,3
12234,2623,3
12235,2622,3
12236,2615,3
12237,2617,3
12238,2611,3
12239,2609,3
12240,2611,3
12241,2606,3
12242,2602,3
12243,2604,3
12244,2607,3
12245,2598,3
12246,2601,3
12247,2591,2
12248,2592,2
12249,2592,2
12250,2595,3
12251,2590,2
12252,2590,2
12253,2585,2
12254,2586,2
12255,2578,2
12256,2580,2
12257,2583,2
12258,2570,2
12259,2567,2
12260,2566,2
12261,2573,2
12262,2574,2
12263,2563,2
12264,2566,2
12265,2568,2
12266,2561,2
12267,2565,2
12268,2558,2
12269,2554,2
12270,2556,2
12271,2549,2
12272,2547,2
12273,2549,2
12274,2549,2
12275,2541,2
12276,2538,2
12277,2544,2
12278,2542,2
12279,2537,2
12280,2536,2
12281,2531,2
12282,2528,2
12283,2517,2
12284,2518,2
12285,2521,2
12286,2518,2
12287,2523,2
12288,2516,2
12289,2517,2
12290,2513,2
12291,2518,2
12292,2512,2
12293,2509,2
12294,2504,2
12295,2506,2
12296,2498,2
12297,2500,2
12298,2500,2
12299,2496,2
12300,2487,2
12301,2489,2
12302,2488,2
12303,2491,2
12304,2486,2
12305,2489,2
12306,2490,2
12307,2484,2
12308,2481,2
12309,2486,2
12310,2475,2
12311,2474,2
12312,2472,2
12313,2475,2
12314,2473,2
12315,2474,2
12316,2471,2
12317,2469,2
12318,2467,2
12319,2460,2
12320,2461,2
12321,2454,2
12322,2462,2
12323,2456,2
12324,2455,2
12325,2457,2
12326,2446,2
12327,2453,2
12328,2455,2
12329,2447,2
12330,2445,2
12331,2446,2
12332,2443,2
12333,2438,2
12334,2438,2
12335,2442,2
12336,2440,2
12337,2438,2
12338,2430,2
12339,2428,2
12340,2431,2
12341,2427,2
12342,2430,2
12343,2424,2
12344,2425,2
12345,2417,2
12346,2415,2
12347,2419,2
12348,2419,2
12349,2415,2
12350,2413,2
12351,2416,2
12352,2407,2
12353,2413,2
12354,2408,2
12355,2404,2
12356,2409,2
12357,2410,2
12358,2403,2
12359,2399,2
12360,2405,2
12361,2399,2
12362,2398,2
12363,2393,2
12364,2392,2
12365,2390,2
12366,2395,2
12367,2389,2
12368,2385,2
12369,2384,2
12370,2391,2
12371,2383,2
12372,2379,2
12373,2372,2
12374,2371,2
12375,2371,2
12376,2373,2
12377,2363,2
12378,2369,2
12379,2368,2
12380,2372,2
12381,2368,2
12382,2357,2
12383,2363,2
12384,2358,2
12385,2356,2
12386,2360,2
12387,2359,2
12388,2350,2
12389,2355,2
12390,2350,2
12391,2354,2
12392,2350,2
12393,2352,2
12394,2338,2
12395,2333,2
12396,2326,2
12397,2329,2
12398,2331,2
12399,2325,2
12400,2319,2
12401,2324,2
12402,2319,2
12403,2321,2
12404,2317,2
12405,2318,2
12406,2310,2
12407,2316,2
12408,2315,2
12409,2315,2
12410,2314,2
12411,2310,2
12412,2307,2
12413,2300,2
12414,2297,2
12415,2301,2
12416,2297,2
12417,2294,2
12418,2297,2
12419,2291,2
12420,2294,2
12421,2293,2
12422,2291,2
12423,2287,2
12424,2285,2
12425,2284,2
12426,2283,2
12427,2282,2
12428,2282,2
12429,2281,2
12430,2278,2
12431,2282,2
12432,2276,2
12433,2278,2
12434,2272,2
12435,2271,2
12436,2265,2
12437,2266,2
12438,2265,2
12439,2264,2
12440,2270,2
12441,2262,2
12442,2266,2
12443,2261,2
12444,2261,2
12445,2261,2
12446,2259,2
12447,2262,2
12448,2258,2
12449,2253,2
12450,2257,2
12451,2250,2
12452,2247,2
12453,2249,2
12454,2249,2
12455,2244,2
12456,2246,2
12457,2247,2
12458,2240,2
12459,2247,2
12460,2239,2
12461,2243,2
12462,2239,2
12463,2236,2
12464,2239,2
12465,2234,2
12466,2242,2
12467,2238,2
12468,2235,2
12469,2238,2
12470,2233,2
12471,2233,2
12472,2223,2
12473,2226,2
12474,2226,2
12475,2228,2
12476,2220,2
12477,2227,2
12478,2220,2
12479,2220,2
12480,2224,2
12481,2221,2
12482,2219,2
12483,2218,2
12484,2211,2
12485,2221,2
12486,2216,2
12487,2216,2
12488,2212,2
12489,2214,2
12490,2215,2
12491,2213,2
12492,2212,2
12493,2208,2
12494,2212,2
12495,2205,2
12496,2202,1
12497,2211,2
12498,2202,1
12499,2208,2
12500,2199,1
12501,2198,1
12502,2199,1
12503,2201,1
12504,2199,1
12505,2194,1
12506,2191,1
12507,2191,1
12508,2186,1
12509,2190,1
12510,2188,1
12511,2194,1
12512,2183,1
12513,2186,1
12514,2185,1
12515,2178,1
12516,2178,1
12517,2181,1
12518,2179,1
12519,2180,1
12520,2179,1
12521,2172,1
12522,2171,1
12523,2175,1
12524,2175,1
12525,2175,1
12526,2176,1
12527,2175,1
12528,2176,1
12529,2168,1
12530,2174,1
12531,2172,1
12532,2167,1
12533,2172,1
12534,2162,1
12535,2164,1
12536,2161,1
12537,2159,1
12538,2157,1
12539,2161,1
12540,2157,1
12541,2159,1
12542,2158,1
12543,2160,1
12544,2152,1
12545,2148,1
12546,2154,1
12547,2156,1
12548,2152,1
12549,2147,1
12550,2153,1
12551,2146,1
12552,2145,1
12553,2150,1
12554,2146,1
12555,2151,1
12556,2144,1
12557,2143,1
12558,2140,1
12559,2138,1
12560,2139,1
12561,2139,1
12562,2134,1
12563,2139,1
12564,2137,1
12565,2139,1
12566,2135,1
12567,2130,1
12568,2134,1
12569,2132,1
12570,2119,1
12571,2121,1
12572,2124,1
12573,2125,1
12574,2125,1
12575,2119,1
12576,2122,1
12577,2115,1
12578,2113,1
12579,2118,1
12580,2114,1
12581,2113,1
12582,2107,1
12583,2105,1
12584,2112,1
12585,2107,1
12586,2111,1
12587,2108,1
12588,2104,1
12589,2110,1
12590,2109,1
12591,2104,1
12592,2100,1
12593,2110,1
12594,2097,1
12595,2105,1
12596,2100,1
12597,2100,1
12598,2098,1
12599,2091,1
12600,2090,1
12601,2094,1
12602,2089,1
12603,2086,1
12604,2090,1
12605,2087,1
12606,2088,1
12607,2087,1
12608,2083,1
12609,2086,1
12610,2084,1
12611,2088,1
12612,2082,1
12613,2073,1
12614,2080,1
12615,2078,1
12616,2077,1
12617,2073,1
12618,2062,1
12619,2064,1
12620,2066,1
12621,2059,1
12622,2063,1
12623,2062,1
12624,2056,1
12625,2054,1
12626,2056,1
12627,2050,1
12628,2049,1
12629,2054,1
12630,2045,1
12631,2051,1
12632,2044,1
12633,2046,1
12634,2045,1
12635,2042,1
12636,2037,1
12637,2038,1
12638,2041,1
12639,2037,1
12640,2037,1
12641,2035,1
12642,2033,1
12643,2038,1
12644,2035,1
12645,2039,1
12646,2039,1
12647,2037,1
12648,2038,1
12649,2032,1
12650,2031,1
12651,2032,1
12652,2025,1
12653,2029,1
12654,2031,1
12655,2024,1
12656,2023,1
12657,2025,1
12658,2021,1
12659,2020,1
12660,2021,1
12661,2023,1
12662,2016,1
12663,2021,1
12664,2016,1
12665,2013,1
12666,2014,1
12667,2016,1
12668,2013,1
12669,2010,1
12670,2014,1
12671,2007,1
12672,2009,1
12673,2010,1
12674,2007,1
12675,2010,1
12676,2001,1
12677,2008,1
12678,1999,1
12679,2000,1
12680,1998,1
12681,1999,1
12682,1997,1
12683,2002,1
12684,1995,1
12685,1992,1
12686,1995,1
12687,1997,1
12688,1996,1
12689,1994,1
12690,1989,1
12691,1993,1
12692,1988,1
12693,1993,1
12694,1988,1
12695,1987,1
12696,1987,1
12697,1979,1
12698,1977,1
12699,1987,1
12700,1978,1
12701,1983,1
12702,1973,1
12703,1979,1
12704,1978,1
12705,1975,1
12706,1977,1
12707,1972,1
12708,1972,1
12709,1969,1
12710,1972,1
12711,1967,1
12712,1971,1
12713,1967,1
12714,1966,1
12715,1971,1
12716,1963,1
12717,1963,1
12718,1961,1
12719,1963,1
12720,1963,1
12721,1962,1
12722,1965,1
12723,1959,1
12724,1964,1
12725,1959,1
12726,1958,1
12727,1955,1
12728,1954,1
12729,1959,1
12730,1953,1
12731,1950,1
12732,1947,1
12733,1954,1
12734,1952,1
12735,1944,1
12736,1942,1
12737,1944,1
12738,1950,1
12739,1942,1
12740,1947,1
12741,1939,1
12742,1941,1
12743,1937,1
12744,1937,1
12745,1932,0
12746,1936,1
12747,1934,1
12748,1931,0
12749,1940,1
12750,1929,0
12751,1931,0
12752,1934,1
12753,1928,0
12754,1929,0
12755,1929,0
12756,1929,0
12757,1919,0
12758,1921,0
12759,1924,0
12760,1921,0
12761,1919,0
12762,1918,0
12763,1918,0
12764,1918,0
12765,1917,0
12766,1921,0
12767,1914,0
12768,1918,0
12769,1912,0
12770,1909,0
12771,1911,0
12772,1906,0
12773,1907,0
12774,1908,0
12775,1907,0
12776,1908,0
12777,1907,0
12778,1904,0
12779,1902,0
12780,1896,0
12781,1899,0
12782,1896,0
12783,1893,0
12784,1892,0
12785,1894,0
12786,1896,0
12787,1887,0
12788,1886,0
12789,1892,0
12790,1889,0
12791,1886,0
12792,1888,0
12793,1884,0
12794,1881,0
12795,1886,0
12796,1890,0
12797,1887,0
12798,1882,0
12799,1881,0
12800,1883,0
12801,1882,0
12802,1883,0
12803,1875,0
12804,1878,0
12805,1874,0
12806,1874,0
12807,1871,0
12808,1868,0
12809,1875,0
12810,1875,0
12811,1875,0
12812,1873,0
12813,1870,0
12814,1872,0
12815,1872,0
12816,1865,0
12817,1866,0
12818,1864,0
12819,1869,0
12820,1869,0
12821,1866,0
12822,1863,0
12823,1868,0
12824,1861,0
12825,1863,0
12826,1857,0
12827,1858,0
12828,1856,0
12829,1861,0
12830,1856,0
12831,1851,0
12832,1852,0
12833,1843,0
12834,1842,0
12835,1841,0
12836,1840,0
12837,1841,0
12838,1842,0
12839,1839,0
12840,1834,0
12841,1835,0
12842,1835,0
12843,1833,0
12844,1832,0
12845,1827,0
12846,1832,0
12847,1833,0
12848,1834,0
12849,1823,0
12850,1827,0
12851,1826,0
12852,1822,0
12853,1820,0
12854,1820,0
12855,1816,0
12856,1813,0
12857,1816,0
12858,1814,0
12859,1811,0
12860,1810,0
12861,1813,0
12862,1810,0
12863,1808,0
12864,1803,0
12865,1806,0
12866,1805,0
12867,1807,0
12868,1807,0
12869,1805,0
12870,1801,0
12871,1801,0
12872,1800,0
12873,1798,0
12874,1792,0
12875,1796,0
12876,1790,0
12877,1793,0
12878,1795,0
12879,1792,0
12880,1792,0
12881,1790,0
12882,1790,0
12883,1790,0
12884,1795,0
12885,1790,0
12886,1786,0
12887,1793,0
12888,1788,0
12889,1779,0
12890,1787,0
12891,1784,0
12892,1784,0
12893,1781,0
12894,1780,0
12895,1785,0
12896,1776,0
12897,1775,0
12898,1775,0
12899,1780,0
12900,1774,0
12901,1777,0
12902,1776,0
12903,1775,0
12904,1773,0
12905,1771,0
12906,1768,0
12907,1769,0
12908,1772,0
12909,1770,0
12910,1770,0
12911,1768,0
12912,1765,0
12913,1762,0
12914,1765,0
12915,1762,0
12916,1761,0
12917,1761,0
12918,1760,0
12919,1758,0
12920,1760,0
12921,1763,0
12922,1753,0
12923,1754,0
12924,1752,0
12925,1754,0
12926,1752,0
12927,1752,0
12928,1751,0
12929,1755,0
12930,1745,0
12931,1753,0
12932,1745,0
12933,1744,0
12934,1741,0
12935,1742,0
12936,1741,0
12937,1748,0
12938,1738,0
12939,1736,0
12940,1738,0
12941,1735,0
12942,1737,0
12943,1733,0
12944,1731,0
12945,1732,0
12946,1728,0
12947,1732,0
12948,1724,0
12949,1726,0
12950,1729,0
12951,1725,0
12952,1726,0
12953,1721,0
12954,1723,0
12955,1726,0
12956,1723,0
12957,1724,0
12958,1715,0
12959,1722,0
12960,1718,0
12961,1721,0
12962,1717,0
12963,1717,0
12964,1714,0
12965,1711,0
12966,1709,0
12967,1721,0
12968,1717,0
12969,1714,0
12970,1703,0
12971,1713,0
12972,1712,0
12973,1703,0
12974,1703,0
12975,1698,0
12976,1708,0
12977,1705,0
12978,1703,0
12979,1703,0
12980,1702,0
12981,1701,0
12982,1697,0
12983,1698,0
12984,1700,0
12985,1698,0
12986,1703,0
12987,1694,0
12988,1697,0
12989,1692,0
12990,1693,0
12991,1688,0
12992,1686,0
12993,1687,0
12994,1688,0
12995,1684,0
12996,1684,0
12997,1683,0
12998,9486,3
12999,5905,3
13000,5580,3
13001,5340,3
13002,4943,3
13003,4872,3
13004,4767,3
13005,4755,3
13006,4705,3
13007,4663,3
13008,4650,3
13009,4637,3
13010,4607,3
13011,4566,3
13012,4548,3
13013,4544,3
13014,4525,3
13015,4370,3
13016,4353,3
13017,4336,3
13018,4314,3
13019,4274,3
13020,4252,3
13021,4216,3
13022,4219,3
13023,4208,3
13024,4197,3
13025,4184,3
13026,4179,3
13027,4132,3
13028,4136,3
13029,4132,3
13030,4131,3
13031,4129,3
13032,4118,3
13033,4090,3
13034,4090,3
13035,4070,3
13036,4051,3
13037,4048,3
13038,4033,3
13039,4035,3
13040,4022,3
13041,4018,3
13042,4008,3
13043,3998,3
13044,3994,3
13045,3989,3
13046,3981,3
13047,3977,3
13048,3961,3
13049,3944,3
13050,3935,3
13051,3923,3
13052,3924,3
13053,3907,3
13054,3913,3
13055,3883,3
13056,3873,3
13057,3869,3
13058,3871,3
13059,3853,3
13060,3856,3
13061,3852,3
13062,3852,3
13063,3848,3
13064,3841,3
13065,3841,3
13066,3827,3
13067,3832,3
13068,3821,3
13069,3820,3
13070,3812,3
13071,3820,3
13072,3814,3
13073,3800,3
13074,3781,3
13075,3786,3
13076,3784,3
13077,3775,3
13078,3774,3
13079,3774,3
13080,3767,3
13081,3772,3
13082,3763,3
13083,3766,3
13084,3768,3
13085,3752,3
13086,3751,3
13087,3749,3
13088,3743,3
13089,3740,3
13090,3740,3
13091,3734,3
13092,3734,3
13093,3724,3
13094,3707,3
13095,3704,3
13096,3699,3
13097,3693,3
13098,3693,3
13099,3694,3
13100,3690,3
13101,3692,3
13102,3684,3
13103,3680,3
13104,3675,3
13105,3676,3
13106,3668,3
13107,3670,3
13108,3664,3
13109,3660,3
13110,3667,3
13111,3661,3
13112,3647,3
13113,3650,3
13114,3643,3
13115,3643,3
13116,3643,3
13117,3634,3
13118,3621,3
13119,3614,3
13120,3614,3
13121,3596,3
13122,3593,3
13123,3595,3
13124,3591,3
13125,3589,3
13126,3579,3
13127,3576,3
13128,3570,3
13129,3554,3
13130,3559,3
13131,3556,3
13132,3548,3
13133,3546,3
13134,3545,3
13135,3545,3
13136,3538,3
13137,3532,3
13138,3525,3
13139,3525,3
13140,3525,3
13141,3527,3
13142,3506,3
13143,3493,3
13144,3496,3
13145,3491,3
13146,3490,3
13147,3481,3
13148,3476,3
13149,3471,3
13150,3471,3
13151,3469,3
13152,3462,3
13153,3472,3
13154,3462,3
13155,3456,3
13156,3450,3
13157,3449,3
13158,3453,3
13159,3444,3
13160,3444,3
13161,3437,3
13162,3428,3
13163,3410,3
13164,3405,3
13165,3408,3
13166,3401,3
13167,3404,3
13168,3396,3
13169,3394,3
13170,3392,3
13171,3391,3
13172,3392,3
13173,3385,3
13174,3384,3
13175,3379,3
13176,3381,3
13177,3369,3
13178,3372,3
13179,3366,3
13180,3368,3
13181,3366,3
13182,3361,3
13183,3362,3
13184,3364,3
13185,3356,3
13186,3363,3
13187,3353,3
13188,3351,3
13189,3343,3
13190,3337,3
13191,3339,3
13192,3334,3
13193,3328,3
13194,3332,3
13195,3324,3
13196,3326,3
13197,3330,3
13198,3321,3
13199,3317,3
13200,3318,3
13201,3323,3
13202,3320,3
13203,3311,3
13204,3312,3
13205,3309,3
13206,3306,3
13207,3313,3
13208,3310,3
13209,3304,3
13210,3305,3
13211,3299,3
13212,3300,3
13213,3298,3
13214,3287,3
13215,3280,3
13216,3284,3
13217,3287,3
13218,3281,3
13219,3286,3
13220,3277,3
13221,3275,3
13222,3277,3
13223,3278,3
13224,3277,3
13225,3278,3
13226,3271,3
13227,3264,3
13228,3267,3
13229,3250,3
13230,3252,3
13231,3240,3
13232,3247,3
13233,3243,3
13234,3223,3
13235,3220,3
13236,3214,3
13237,3219,3
13238,3210,3
13239,3216,3
13240,3201,3
13241,3202,3
13242,3204,3
13243,3200,3
13244,3191,3
13245,3190,3
13246,3181,2
13247,3183,3
13248,3187,3
13249,3172,2
13250,3168,2
13251,3165,2
13252,3169,2
13253,3161,2
13254,3159,2
13255,3159,2
13256,3157,2
13257,3163,2
13258,3160,2
13259,3149,2
13260,3149,2
13261,3157,2
13262,3150,2
13263,3148,2
13264,3154,2
13265,3146,2
13266,3143,2
13267,3142,2
13268,3148,2
13269,3142,2
13270,3130,2
13271,3124,2
13272,3124,2
13273,3124,2
13274,3111,2
13275,3118,2
13276,3112,2
13277,3112,2
13278,3116,2
13279,3113,2
13280,3114,2
13281,3108,2
13282,3109,2
13283,3110,2
13284,3105,2
13285,3102,2
13286,3102,2
13287,3101,2
13288,3102,2
13289,3097,2
13290,3096,2
13291,3086,2
13292,3085,2
13293,3078,2
13294,3084,2
13295,3073,2
13296,3067,2
13297,3070,2
13298,3068,2
13299,3062,2
13300,3068,2
13301,3065,2
13302,3049,2
13303,3054,2
13304,3054,2
13305,3045,2
13306,3046,2
13307,3044,2
13308,3046,2
13309,3043,2
13310,3039,2
13311,3039,2
13312,3044,2
13313,3037,2
13314,3037,2
13315,3042,2
13316,3028,2
13317,3031,2
13318,3029,2
13319,3024,2
13320,3017,2
13321,3018,2
13322,3016,2
13323,3015,2
13324,3010,2
13325,3004,2
13326,3003,2
13327,3003,2
13328,3005,2
13329,3000,2
13330,2996,2
13331,2995,2
13332,2997,2
13333,2995,2
13334,2985,2
13335,2984,2
13336,2983,2
13337,2983,2
13338,2979,2
13339,2988,2
13340,2983,2
13341,2980,2
13342,2982,2
13343,2978,2
13344,2982,2
13345,2972,2
13346,2975,2
13347,2977,2
13348,2972,2
13349,2981,2
13350,2971,2
13351,2974,2
13352,2966,2
13353,2960,2
13354,2953,2
13355,2953,2
13356,2959,2
13357,2952,2
13358,2956,2
13359,2951,2
13360,2961,2
13361,2956,2
13362,2948,2
13363,2954,2
13364,2942,2
13365,2945,2
13366,2939,2
13367,2937,2
13368,2942,2
13369,2935,2
13370,2926,2
13371,2935,2
13372,2925,2
13373,2923,2
13374,2927,2
13375,2927,2
13376,2928,2
13377,2918,2
13378,2914,2
13379,2912,2
13380,2915,2
13381,2916,2
13382,2916,2
13383,2907,2
13384,2911,2
13385,2905,2
13386,2906,2
13387,2899,2
13388,2898,2
13389,2901,2
13390,2899,2
13391,2896,2
13392,2892,2
13393,2891,2
13394,2892,2
13395,2887,2
13396,2887,2
13397,2880,2
13398,2880,2
13399,2881,2
13400,2883,2
13401,2882,2
13402,2879,2
13403,2877,2
13404,2873,2
13405,2867,2
13406,2863,2
13407,2868,2
13408,2861,2
13409,2856,2
13410,2865,2
13411,2861,2
13412,2858,2
13413,2863,2
13414,2857,2
13415,2862,2
13416,2852,2
13417,2856,2
13418,2854,2
13419,2844,2
13420,2839,2
13421,2840,2
13422,2846,2
13423,2847,2
13424,2844,2
13425,2843,2
13426,2833,2
13427,2837,2
13428,2835,2
13429,2834,2
13430,2830,2
13431,2838,2
13432,2825,2
13433,2829,2
13434,2827,2
13435,2825,2
13436,2818,2
13437,2825,2
13438,2823,2
13439,2826,2
13440,2820,2
13441,2816,2
13442,2821,2
13443,2817,2
13444,2811,2
13445,2811,2
13446,2813,2
13447,2813,2
13448,2812,2
13449,2805,2
13450,2806,2
13451,2799,2
13452,2798,2
13453,2808,2
13454,2809,2
13455,2801,2
13456,2803,2
13457,2796,2
13458,2799,2
13459,2801,2
13460,2797,2
13461,2789,2
13462,2794,2
13463,2787,2
13464,2791,2
13465,2791,2
13466,2778,2
13467,2787,2
13468,2779,2
13469,2778,2
13470,2773,2
13471,2778,2
13472,2775,2
13473,2772,2
13474,2773,2
13475,2769,2
13476,2764,2
13477,2762,2
13478,2767,2
13479,2767,2
13480,2767,2
13481,2765,2
13482,2756,2
13483,2760,2
13484,2760,2
13485,2756,2
13486,2755,2
13487,2753,2
13488,2753,2
13489,2750,2
13490,2747,2
13491,2743,2
13492,2746,2
13493,2743,2
13494,2741,1
13495,2743,2
13496,2744,2
13497,2746,2
13498,2745,2
13499,2739,1
13500,2735,1
13501,2742,1
13502,2735,1
13503,2728,1
13504,2733,1
13505,2729,1
13506,2728,1
13507,2729,1
13508,2726,1
13509,2721,1
13510,2723,1
13511,2720,1
13512,2725,1
13513,2724,1
13514,2718,1
13515,2724,1
13516,2721,1
13517,2713,1
13518,2714,1
13519,2717,1
13520,2715,1
13521,2708,1
13522,2709,1
13523,2714,1
13524,2709,1
13525,2705,1
13526,2706,1
13527,2703,1
13528,2700,1
13529,2701,1
13530,2703,1
13531,2698,1
13532,2699,1
13533,2696,1
13534,2694,1
13535,2689,1
13536,2692,1
13537,2689,1
13538,2684,1
13539,2681,1
13540,2686,1
13541,2682,1
13542,2677,1
13543,2679,1
13544,2678,1
13545,2679,1
13546,2679,1
13547,2673,1
13548,2677,1
13549,2678,1
13550,2676,1
13551,2675,1
13552,2676,1
13553,2668,1
13554,2673,1
13555,2672,1
13556,2667,1
13557,2668,1
13558,2668,1
13559,2669,1
13560,2668,1
13561,2668,1
13562,2658,1
13563,2659,1
13564,2659,1
13565,2657,1
13566,2655,1
13567,2658,1
13568,2650,1
13569,2653,1
13570,2654,1
13571,2654,1
13572,2646,1
13573,2647,1
13574,2644,1
13575,2643,1
13576,2644,1
13577,2649,1
13578,2645,1
13579,2643,1
13580,2643,1
13581,2640,1
13582,2635,1
13583,2634,1
13584,2639,1
13585,2641,1
13586,2639,1
13587,2634,1
13588,2627,1
13589,2624,1
13590,2624,1
13591,2626,1
13592,2626,1
13593,2624,1
13594,2621,1
13595,2615,1
13596,2624,1
13597,2623,1
13598,2615,1
13599,2618,1
13600,2613,1
13601,2616,1
13602,2617,1
13603,2610,1
13604,2609,1
13605,2608,1
13606,2605,1
13607,2607,1
13608,2601,1
13609,2602,1
13610,2599,1
13611,2600,1
13612,2601,1
13613,2592,1
13614,2596,1
13615,2597,1
13616,2592,1
13617,2593,1
13618,2592,1
13619,2586,1
13620,2592,1
13621,2596,1
13622,2596,1
13623,2589,1
13624,2588,1
13625,2579,1
13626,2578,1
13627,2576,1
13628,2584,1
13629,2582,1
13630,2571,1
13631,2580,1
13632,2569,1
13633,2574,1
13634,2571,1
13635,2571,1
13636,2568,1
13637,2571,1
13638,2562,1
13639,2565,1
13640,2564,1
13641,2565,1
13642,2560,1
13643,2564,1
13644,2560,1
13645,2558,1
13646,2560,1
13647,2559,1
13648,2549,1
13649,2551,1
13650,2556,1
13651,2558,1
13652,2555,1
13653,2554,1
13654,2548,1
13655,2546,1
13656,2549,1
13657,2552,1
13658,2547,1
13659,2552,1
13660,2543,1
13661,2547,1
13662,2542,1
13663,2546,1
13664,2544,1
13665,2540,1
13666,2546,1
13667,2544,1
13668,2534,1
13669,2545,1
13670,2536,1
13671,2534,1
13672,2536,1
13673,2535,1
13674,2537,1
13675,2533,1
13676,2540,1
13677,2535,1
13678,2537,1
13679,2529,1
13680,2529,1
13681,2526,1
13682,2528,1
13683,2528,1
13684,2530,1
13685,2524,1
13686,2522,1
13687,2526,1
13688,2518,1
13689,2522,1
13690,2523,1
13691,2523,1
13692,2517,1
13693,2523,1
13694,2522,1
13695,2516,1
13696,2518,1
13697,2523,1
13698,2517,1
13699,2518,1
13700,2522,1
13701,2512,1
13702,2516,1
13703,2517,1
13704,2520,1
13705,2513,1
13706,2512,1
13707,2512,1
13708,2507,1
13709,2504,1
13710,2506,1
13711,2502,1
13712,2511,1
13713,2503,1
13714,2505,1
13715,2503,1
13716,2505,1
13717,2502,1
13718,2500,1
13719,2509,1
13720,2500,1
13721,2502,1
13722,2497,1
13723,2499,1
13724,2503,1
13725,2496,1
13726,2499,1
13727,2495,1
13728,2496,1
13729,2493,1
13730,2489,1
13731,2494,1
13732,2492,1
13733,2489,1
13734,2492,1
13735,2485,1
13736,2488,1
13737,2483,1
13738,2488,1
13739,2489,1
13740,2484,1
13741,2479,1
13742,2480,1
13743,2477,1
13744,2478,1
13745,2478,1
13746,2483,1
13747,2482,1
13748,2473,0
13749,2472,0
13750,2476,0
13751,2476,0
13752,2476,0
13753,2473,0
13754,2475,0
13755,2473,0
13756,2471,0
13757,2467,0
13758,2465,0
13759,2467,0
13760,2471,0
13761,2464,0
13762,2458,0
13763,2468,0
13764,2466,0
13765,2452,0
13766,2457,0
13767,2456,0
13768,2449,0
13769,2471,0
13770,2452,0
13771,2453,0
13772,2454,0
13773,2452,0
13774,2451,0
13775,2453,0
13776,2452,0
13777,2446,0
13778,2440,0
13779,2447,0
13780,2450,0
13781,2442,0
13782,2441,0
13783,2438,0
13784,2436,0
13785,2437,0
13786,2440,0
13787,2434,0
13788,2438,0
13789,2429,0
13790,2438,0
13791,2434,0
13792,2426,0
13793,2431,0
13794,2430,0
13795,2428,0
13796,2429,0
13797,2425,0
13798,2422,0
13799,2426,0
13800,2430,0
13801,2422,0
13802,2418,0
13803,2424,0
13804,2416,0
13805,2421,0
13806,2419,0
13807,2415,0
13808,2420,0
13809,2413,0
13810,2417,0
13811,2411,0
13812,2414,0
13813,2411,0
13814,2404,0
13815,2405,0
13816,2406,0
13817,2405,0
13818,2401,0
13819,2401,0
13820,2400,0
13821,2402,0
13822,2392,0
13823,2398,0
13824,2401,0
13825,2398,0
13826,2391,0
13827,2389,0
13828,2388,0
13829,2391,0
13830,2390,0
13831,2389,0
13832,2384,0
13833,2381,0
13834,2388,0
13835,2388,0
13836,2381,0
13837,2376,0
13838,2384,0
13839,2380,0
13840,2377,0
13841,2377,0
13842,2380,0
13843,2380,0
13844,2380,0
13845,2372,0
13846,2372,0
13847,2374,0
13848,2368,0
13849,2376,0
13850,2375,0
13851,2370,0
13852,2368,0
13853,2372,0
13854,2374,0
13855,2366,0
13856,2370,0
13857,2368,0
13858,2360,0
13859,2360,0
13860,2361,0
13861,2359,0
13862,2358,0
13863,2350,0
13864,2344,0
13865,2349,0
13866,2342,0
13867,2347,0
13868,2344,0
13869,2345,0
13870,2340,0
13871,2340,0
13872,2336,0
13873,2341,0
13874,2341,0
13875,2342,0
13876,2334,0
13877,2339,0
13878,2338,0
13879,2336,0
13880,2326,0
13881,2331,0
13882,2329,0
13883,2326,0
13884,2335,0
13885,2323,0
13886,2323,0
13887,2321,0
13888,2324,0
13889,2324,0
13890,2321,0
13891,2323,0
13892,2321,0
13893,2323,0
13894,2316,0
13895,2317,0
13896,2319,0
13897,2322,0
13898,2318,0
13899,2314,0
13900,2318,0
13901,2314,0
13902,2309,0
13903,2308,0
13904,2303,0
13905,2302,0
13906,2308,0
13907,2306,0
13908,2302,0
13909,2295,0
13910,2295,0
13911,2300,0
13912,2297,0
13913,2289,0
13914,2295,0
13915,2291,0
13916,2287,0
13917,2291,0
13918,2291,0
13919,2281,0
13920,2286,0
13921,2283,0
13922,2280,0
13923,2281,0
13924,2287,0
13925,2276,0
13926,2277,0
13927,2272,0
13928,2265,0
13929,2271,0
13930,2265,0
13931,2268,0
13932,2262,0
13933,2269,0
13934,2263,0
13935,2271,0
13936,2255,0
13937,2250,0
13938,2252,0
13939,2254,0
13940,2247,0
13941,2246,0
13942,2248,0
13943,2246,0
13944,2249,0
13945,2241,0
13946,2243,0
13947,2242,0
13948,2242,0
13949,2242,0
13950,2236,0
13951,2235,0
13952,2235,0
13953,2237,0
13954,2239,0
13955,2242,0
13956,2240,0
13957,2244,0
13958,2236,0
13959,2235,0
13960,2229,0
13961,2231,0
13962,2234,0
13963,2225,0
13964,2232,0
13965,2233,0
13966,2231,0
13967,2225,0
13968,2231,0
13969,2223,0
13970,2222,0
13971,2222,0
13972,2223,0
13973,2221,0
13974,2216,0
13975,2216,0
13976,2217,0
13977,2211,0
13978,2212,0
13979,2210,0
13980,2208,0
13981,2205,0
13982,2210,0
13983,2203,0
13984,2206,0
13985,2201,0
13986,2204,0
13987,2207,0
13988,2197,0
13989,2199,0
13990,2199,0
13991,2195,0
13992,2192,0
13993,2190,0
13994,2195,0
13995,2188,0
13996,2189,0
13997,2185,0
13998,8797,3
13999,7449,3
14000,5251,3
14001,5238,3
14002,4844,3
14003,4752,3
14004,4694,3
14005,4550,3
14006,4483,3
14007,4443,3
14008,4355,3
14009,4335,3
14010,4288,3
14011,4255,3
14012,4134,3
14013,4140,3
14014,4100,3
14015,4094,3
14016,4045,3
14017,4045,3
14018,4044,3
14019,4041,3
14020,4033,3
14021,4017,3
14022,3995,3
14023,3982,3
14024,3961,3
14025,3951,3
14026,3925,3
14027,3902,3
14028,3883,3
14029,3865,3
14030,3854,3
14031,3849,3
14032,3851,3
14033,3840,3
14034,3837,3
14035,3791,3
14036,3797,3
14037,3789,3
14038,3773,3
14039,3751,3
14040,3754,3
14041,3750,3
14042,3740,3
14043,3731,3
14044,3729,3
14045,3730,3
14046,3721,3
14047,3709,3
14048,3710,3
14049,3688,3
14050,3669,3
14051,3666,3
14052,3669,3
14053,3665,3
14054,3652,3
14055,3649,3
14056,3625,3
14057,3609,3
14058,3602,3
14059,3605,3
14060,3596,3
14061,3596,3
14062,3589,3
14063,3581,3
14064,3585,3
14065,3577,3
14066,3565,3
14067,3559,3
14068,3556,3
14069,3546,3
14070,3550,3
14071,3547,3
14072,3538,3
14073,3532,3
14074,3533,3
14075,3525,3
14076,3521,3
14077,3513,3
14078,3510,3
14079,3505,3
14080,3487,3
14081,3485,3
14082,3471,3
14083,3467,3
14084,3463,3
14085,3453,3
14086,3457,3
14087,3452,3
14088,3458,3
14089,3450,3
14090,3450,3
14091,3451,3
14092,3446,3
14093,3440,3
14094,3440,3
14095,3427,3
14096,3417,3
14097,3421,3
14098,3408,3
14099,3404,3
14100,3410,3
14101,3410,3
14102,3402,3
14103,3398,3
14104,3396,3
14105,3399,3
14106,3400,3
14107,3389,3
14108,3384,3
14109,3386,3
14110,3372,3
14111,3366,3
14112,3363,3
14113,3364,3
14114,3361,3
14115,3362,3
14116,3358,3
14117,3360,3
14118,3360,3
14119,3352,3
14120,3349,3
14121,3350,3
14122,3351,3
14123,3343,3
14124,3341,3
14125,3341,3
14126,3339,3
14127,3343,3
14128,3341,3
14129,3341,3
14130,3336,3
14131,3327,3
14132,3325,3
14133,3319,3
14134,3307,3
14135,3308,3
14136,3301,3
14137,3304,3
14138,3308,3
14139,3306,3
14140,3297,3
14141,3291,3
14142,3281,3
14143,3284,3
14144,3284,3
14145,3283,3
14146,3280,3
14147,3288,3
14148,3282,3
14149,3280,3
14150,3275,3
14151,3273,3
14152,3265,3
14153,3262,3
14154,3260,3
14155,3260,3
14156,3264,3
14157,3263,3
14158,3265,3
14159,3263,3
14160,3262,3
14161,3257,3
14162,3255,3
14163,3252,3
14164,3254,3
14165,3244,3
14166,3248,3
14167,3242,3
14168,3233,3
14169,3233,3
14170,3239,3
14171,3238,3
14172,3239,3
14173,3230,3
14174,3225,3
14175,3223,3
14176,3220,3
14177,3222,3
14178,3209,3
14179,3215,3
14180,3219,3
14181,3217,3
14182,3207,3
14183,3206,3
14184,3201,3
14185,3201,3
14186,3199,3
14187,3202,3
14188,3190,3
14189,3189,3
14190,3196,3
14191,3190,3
14192,3193,3
14193,3190,3
14194,3183,3
14195,3181,3
14196,3175,3
14197,3179,3
14198,3176,3
14199,3174,3
14200,3172,3
14201,3175,3
14202,3168,3
14203,3170,3
14204,3170,3
14205,3170,3
14206,3160,3
14207,3160,3
14208,3154,3
14209,3148,3
14210,3150,3
14211,3148,3
14212,3153,3
14213,3151,3
14214,3147,3
14215,3141,3
14216,3139,3
14217,3141,3
14218,3134,3
14219,3136,3
14220,3129,3
14221,3130,3
14222,3122,3
14223,3128,3
14224,3123,3
14225,3124,3
14226,3117,3
14227,3112,3
14228,3113,3
14229,3111,3
14230,3112,3
14231,3105,3
14232,3101,3
14233,3105,3
14234,3107,3
14235,3103,3
14236,3101,3
14237,3106,3
14238,3101,3
14239,3089,3
14240,3093,3
14241,3102,3
14242,3087,3
14243,3084,3
14244,3086,3
14245,3083,3
14246,3076,2
14247,3072,2
14248,3080,3
14249,3079,3
14250,3074,2
14251,3073,2
14252,3076,2
14253,3079,3
14254,3075,2
14255,3069,2
14256,3067,2
14257,3055,2
14258,3061,2
14259,3060,2
14260,3047,2
14261,3051,2
14262,3056,2
14263,3055,2
14264,3049,2
14265,3037,2
14266,3049,2
14267,3044,2
14268,3036,2
14269,3039,2
14270,3035,2
14271,3039,2
14272,3035,2
14273,3036,2
14274,3031,2
14275,3026,2
14276,3029,2
14277,3026,2
14278,3021,2
14279,3025,2
14280,3021,2
14281,3015,2
14282,3019,2
14283,3014,2
14284,3017,2
14285,3021,2
14286,3015,2
14287,3015,2
14288,3015,2
14289,3006,2
14290,3009,2
14291,3014,2
14292,3012,2
14293,3008,2
14294,3005,2
14295,3011,2
14296,3008,2
14297,2999,2
14298,2995,2
14299,2991,2
14300,2995,2
14301,2999,2
14302,2995,2
14303,2994,2
14304,2986,2
14305,2991,2
14306,2977,2
14307,2983,2
14308,2984,2
14309,2977,2
14310,2978,2
14311,2972,2
14312,2977,2
14313,2967,2
14314,2979,2
14315,2972,2
14316,2970,2
14317,2968,2
14318,2969,2
14319,2975,2
14320,2967,2
14321,2967,2
14322,2965,2
14323,2965,2
14324,2966,2
14325,2967,2
14326,2965,2
14327,2964,2
14328,2963,2
14329,2960,2
14330,2963,2
14331,2957,2
14332,2955,2
14333,2956,2
14334,2945,2
14335,2950,2
14336,2941,2
14337,2941,2
14338,2942,2
14339,2935,2
14340,2939,2
14341,2934,2
14342,2942,2
14343,2939,2
14344,2937,2
14345,2934,2
14346,2929,2
14347,2928,2
14348,2931,2
14349,2929,2
14350,2930,2
14351,2926,2
14352,2930,2
14353,2927,2
14354,2924,2
14355,2921,2
14356,2921,2
14357,2916,2
14358,2914,2
14359,2915,2
14360,2915,2
14361,2907,2
14362,2909,2
14363,2909,2
14364,2907,2
14365,2905,2
14366,2907,2
14367,2905,2
14368,2898,2
14369,2907,2
14370,2901,2
14371,2895,2
14372,2902,2
14373,2898,2
14374,2902,2
14375,2901,2
14376,2896,2
14377,2901,2
14378,2894,2
14379,2896,2
14380,2895,2
14381,2894,2
14382,2896,2
14383,2894,2
14384,2892,2
14385,2886,2
14386,2883,2
14387,2884,2
14388,2883,2
14389,2892,2
14390,2886,2
14391,2890,2
14392,2892,2
14393,2887,2
14394,2881,2
14395,2890,2
14396,2880,2
14397,2877,2
14398,2885,2
14399,2875,2
14400,2874,2
14401,2880,2
14402,2869,2
14403,2879,2
14404,2875,2
14405,2868,2
14406,2867,2
14407,2874,2
14408,2869,2
14409,2865,2
14410,2868,2
14411,2866,2
14412,2864,2
14413,2859,2
14414,2858,2
14415,2862,2
14416,2858,2
14417,2855,2
14418,2856,2
14419,2854,2
14420,2855,2
14421,2852,2
14422,2844,2
14423,2846,2
14424,2847,2
14425,2848,2
14426,2844,2
14427,2844,2
14428,2845,2
14429,2839,2
14430,2845,2
14431,2846,2
14432,2839,2
14433,2838,2
14434,2842,2
14435,2838,2
14436,2843,2
14437,2834,2
14438,2840,2
14439,2834,2
14440,2836,2
14441,2833,2
14442,2830,2
14443,2829,2
14444,2825,2
14445,2826,2
14446,2822,2
14447,2823,2
14448,2816,2
14449,2821,2
14450,2817,2
14451,2819,2
14452,2817,2
14453,2815,2
14454,2814,2
14455,2816,2
14456,2813,2
14457,2810,2
14458,2818,2
14459,2813,2
14460,2812,2
14461,2803,2
14462,2809,2
14463,2814,2
14464,2810,2
14465,2803,2
14466,2805,2
14467,2812,2
14468,2803,2
14469,2808,2
14470,2804,2
14471,2808,2
14472,2806,2
14473,2807,2
14474,2805,2
14475,2806,2
14476,2801,2
14477,2806,2
14478,2806,2
14479,2796,2
14480,2804,2
14481,2798,2
14482,2800,2
14483,2800,2
14484,2793,2
14485,2796,2
14486,2801,2
14487,2796,2
14488,2796,2
14489,2793,2
14490,2793,2
14491,2797,2
14492,2789,2
14493,2790,2
14494,2787,2
14495,2787,2
14496,2791,2
14497,2787,2
14498,2786,1
14499,2785,1
14500,2784,1
14501,2783,1
14502,2782,1
14503,2777,1
14504,2774,1
14505,2771,1
14506,2778,1
14507,2779,1
14508,2778,1
14509,2779,1
14510,2768,1
14511,2774,1
14512,2770,1
14513,2767,1
14514,2772,1
14515,2769,1
14516,2760,1
14517,2762,1
14518,2767,1
14519,2762,1
14520,2767,1
14521,2771,1
14522,2766,1
14523,2767,1
14524,2759,1
14525,2765,1
14526,2758,1
14527,2753,1
14528,2757,1
14529,2762,1
14530,2761,1
14531,2759,1
14532,2756,1
14533,2749,1
14534,2751,1
14535,2752,1
14536,2745,1
14537,2750,1
14538,2746,1
14539,2744,1
14540,2749,1
14541,2745,1
14542,2736,1
14543,2737,1
14544,2737,1
14545,2736,1
14546,2733,1
14547,2731,1
14548,2727,1
14549,2730,1
14550,2731,1
14551,2733,1
14552,2728,1
14553,2732,1
14554,2726,1
14555,2723,1
14556,2717,1
14557,2715,1
14558,2719,1
14559,2714,1
14560,2708,1
14561,2704,1
14562,2705,1
14563,2708,1
14564,2700,1
14565,2701,1
14566,2702,1
14567,2705,1
14568,2700,1
14569,2708,1
14570,2699,1
14571,2695,1
14572,2697,1
14573,2699,1
14574,2694,1
14575,2693,1
14576,2688,1
14577,2688,1
14578,2688,1
14579,2688,1
14580,2690,1
14581,2686,1
14582,2682,1
14583,2677,1
14584,2686,1
14585,2681,1
14586,2679,1
14587,2680,1
14588,2681,1
14589,2681,1
14590,2683,1
14591,2676,1
14592,2683,1
14593,2685,1
14594,2679,1
14595,2673,1
14596,2671,1
14597,2669,1
14598,2674,1
14599,2671,1
14600,2669,1
14601,2670,1
14602,2668,1
14603,2668,1
14604,2664,1
14605,2664,1
14606,2664,1
14607,2662,1
14608,2655,1
14609,2656,1
14610,2657,1
14611,2660,1
14612,2654,1
14613,2655,1
14614,2660,1
14615,2654,1
14616,2657,1
14617,2651,1
14618,2647,1
14619,2647,1
14620,2644,1
14621,2642,1
14622,2643,1
14623,2646,1
14624,2645,1
14625,2647,1
14626,2643,1
14627,2647,1
14628,2643,1
14629,2646,1
14630,2643,1
14631,2648,1
14632,2641,1
14633,2638,1
14634,2641,1
14635,2637,1
14636,2641,1
14637,2633,1
14638,2641,1
14639,2637,1
14640,2630,1
14641,2634,1
14642,2631,1
14643,2633,1
14644,2627,1
14645,2632,1
14646,2633,1
14647,2629,1
14648,2628,1
14649,2627,1
14650,2629,1
14651,2632,1
14652,2624,1
14653,2624,1
14654,2626,1
14655,2622,1
14656,2618,1
14657,2616,1
14658,2612,1
14659,2616,1
14660,2615,1
14661,2620,1
14662,2613,1
14663,2615,1
14664,2606,1
14665,2611,1
14666,2613,1
14667,2610,1
14668,2607,1
14669,2607,1
14670,2608,1
14671,2603,1
14672,2603,1
14673,2599,1
14674,2601,1
14675,2609,1
14676,2605,1
14677,2603,1
14678,2596,1
14679,2599,1
14680,2595,1
14681,2593,1
14682,2591,1
14683,2598,1
14684,2591,1
14685,2593,1
14686,2596,1
14687,2595,1
14688,2591,1
14689,2588,1
14690,2592,1
14691,2589,1
14692,2590,1
14693,2593,1
14694,2583,1
14695,2595,1
14696,2588,1
14697,2588,1
14698,2577,1
14699,2582,1
14700,2578,1
14701,2579,1
14702,2578,1
14703,2580,1
14704,2575,1
14705,2579,1
14706,2574,1
14707,2571,1
14708,2574,1
14709,2573,1
14710,2573,1
14711,2573,1
14712,2573,1
14713,2573,1
14714,2570,1
14715,2571,1
14716,2564,1
14717,2569,1
14718,2572,1
14719,2564,1
14720,2568,1
14721,2565,1
14722,2570,1
14723,2560,1
14724,2563,1
14725,2565,1
14726,2560,1
14727,2562,1
14728,2564,1
14729,2560,1
14730,2569,1
14731,2561,1
14732,2552,1
14733,2549,1
14734,2551,1
14735,2555,1
14736,2552,1
14737,2555,1
14738,2545,1
14739,2550,1
14740,2544,1
14741,2546,1
14742,2544,1
14743,2541,1
14744,2536,0
14745,2538,0
14746,2541,1
14747,2540,0
14748,2542,1
14749,2545,1
14750,2537,0
14751,2545,1
14752,2541,1
14753,2540,0
14754,2536,0
14755,2539,0
14756,2535,0
14757,2535,0
14758,2537,0
14759,2534,0
14760,2535,0
14761,2534,0
14762,2534,0
14763,2530,0
14764,2529,0
14765,2533,0
14766,2529,0
14767,2533,0
14768,2521,0
14769,2528,0
14770,2527,0
14771,2527,0
14772,2525,0
14773,2520,0
14774,2517,0
14775,2520,0
14776,2512,0
14777,2518,0
14778,2518,0
14779,2519,0
14780,2513,0
14781,2512,0
14782,2516,0
14783,2515,0
14784,2511,0
14785,2513,0
14786,2509,0
14787,2511,0
14788,2507,0
14789,2504,0
14790,2513,0
14791,2506,0
14792,2504,0
14793,2498,0
14794,2497,0
14795,2502,0
14796,2500,0
14797,2498,0
14798,2495,0
14799,2494,0
14800,2493,0
14801,2486,0
14802,2487,0
14803,2484,0
14804,2494,0
14805,2491,0
14806,2487,0
14807,2487,0
14808,2491,0
14809,2485,0
14810,2486,0
14811,2483,0
14812,2482,0
14813,2480,0
14814,2483,0
14815,2475,0
14816,2483,0
14817,2481,0
14818,2481,0
14819,2480,0
14820,2474,0
14821,2476,0
14822,2477,0
14823,2470,0
14824,2473,0
14825,2468,0
14826,2468,0
14827,2472,0
14828,2474,0
14829,2473,0
14830,2466,0
14831,2473,0
14832,2470,0
14833,2468,0
14834,2469,0
14835,2470,0
14836,2467,0
14837,2469,0
14838,2463,0
14839,2466,0
14840,2465,0
14841,2460,0
14842,2471,0
14843,2462,0
14844,2463,0
14845,2461,0
14846,2462,0
14847,2459,0
14848,2457,0
14849,2456,0
14850,2458,0
14851,2455,0
14852,2461,0
14853,2453,0
14854,2457,0
14855,2454,0
14856,2456,0
14857,2458,0
14858,2456,0
14859,2451,0
14860,2452,0
14861,2448,0
14862,2451,0
14863,2452,0
14864,2449,0
14865,2443,0
14866,2440,0
14867,2442,0
14868,2442,0
14869,2447,0
14870,2449,0
14871,2448,0
14872,2444,0
14873,2440,0
14874,2440,0
14875,2441,0
14876,2446,0
14877,2440,0
14878,2442,0
14879,2439,0
14880,2440,0
14881,2441,0
14882,2438,0
14883,2435,0
14884,2436,0
14885,2434,0
14886,2436,0
14887,2439,0
14888,2437,0
14889,2434,0
14890,2433,0
14891,2435,0
14892,2433,0
14893,2436,0
14894,2432,0
14895,2433,0
14896,2431,0
14897,2423,0
14898,2430,0
14899,2431,0
14900,2431,0
14901,2435,0
14902,2422,0
14903,2429,0
14904,2427,0
14905,2425,0
14906,2426,0
14907,2424,0
14908,2426,0
14909,2422,0
14910,2423,0
14911,2421,0
14912,2418,0
14913,2421,0
14914,2411,0
14915,2410,0
14916,2413,0
14917,2415,0
14918,2409,0
14919,2410,0
14920,2413,0
14921,2409,0
14922,2412,0
14923,2408,0
14924,2411,0
14925,2402,0
14926,2408,0
14927,2400,0
14928,2402,0
14929,2403,0
14930,2401,0
14931,2396,0
14932,2401,0
14933,2400,0
14934,2397,0
14935,2394,0
14936,2397,0
14937,2391,0
14938,2393,0
14939,2388,0
14940,2394,0
14941,2393,0
14942,2392,0
14943,2388,0
14944,2392,0
14945,2389,0
14946,2388,0
14947,2387,0
14948,2387,0
14949,2387,0
14950,2385,0
14951,2382,0
14952,2391,0
14953,2385,0
14954,2386,0
14955,2381,0
14956,2382,0
14957,2380,0
14958,2379,0
14959,2378,0
14960,2379,0
14961,2374,0
14962,2370,0
14963,2382,0
14964,2379,0
14965,2372,0
14966,2374,0
14967,2369,0
14968,2371,0
14969,2373,0
14970,2373,0
14971,2375,0
14972,2373,0
14973,2369,0
14974,2371,0
14975,2366,0
14976,2371,0
14977,2372,0
14978,2362,0
14979,2364,0
14980,2372,0
14981,2368,0
14982,2368,0
14983,2373,0
14984,2371,0
14985,2363,0
14986,2362,0
14987,2367,0
14988,2366,0
14989,2362,0
14990,2361,0
14991,2367,0
14992,2360,0
14993,2360,0
14994,2361,0
14995,2361,0
14996,2358,0
14997,2359,0
14998,2996,3
14999,2984,3
15000,2615,3
15001,2611,3
15002,2602,3
15003,2534,3
15004,2388,3
15005,2352,3
15006,2160,3
15007,2101,3
15008,2016,3
15009,1966,3
15010,1928,3
15011,1907,3
15012,1865,3
15013,1697,3
15014,1687,3
15015,1671,3
15016,1655,3
15017,1631,3
15018,1621,3
15019,1615,3
15020,1609,3
15021,1574,3
15022,1559,3
15023,1556,3
15024,1553,3
15025,1521,3
15026,1514,3
15027,1489,3
15028,1462,3
15029,1450,3
15030,1423,3
15031,1423,3
15032,1416,3
15033,1417,3
15034,1403,3
15035,1391,3
15036,1384,3
15037,1385,3
15038,1385,3
15039,1379,3
15040,1379,3
15041,1372,3
15042,1374,3
15043,1335,3
15044,1322,3
15045,1293,3
15046,1277,3
15047,1271,3
15048,1268,3
15049,1261,3
15050,1254,3
15051,1250,3
15052,1240,3
15053,1232,3
15054,1232,3
15055,1228,3
15056,1218,3
15057,1209,3
15058,1206,3
15059,1185,3
15060,1181,3
15061,1178,3
15062,1153,3
15063,1152,3
15064,1148,3
15065,1140,3
15066,1137,3
15067,1122,3
15068,1121,3
15069,1121,3
15070,1116,3
15071,1110,3
15072,1111,3
15073,1105,3
15074,1105,3
15075,1088,3
15076,1091,3
15077,1079,3
15078,1074,3
15079,1069,3
15080,1068,3
15081,1058,3
15082,1052,3
15083,1054,3
15084,1048,3
15085,1045,3
15086,1034,3
15087,1030,3
15088,1028,3
15089,1021,3
15090,1013,3
15091,1009,3
15092,998,3
15093,1001,3
15094,995,3
15095,984,3
15096,988,3
15097,984,3
15098,991,3
15099,981,3
15100,985,3
15101,985,3
15102,973,3
15103,965,3
15104,951,3
15105,951,3
15106,956,3
15107,951,3
15108,953,3
15109,945,3
15110,943,3
15111,937,3
15112,943,3
15113,935,3
15114,930,3
15115,936,3
15116,930,3
15117,937,3
15118,934,3
15119,931,3
15120,927,3
15121,921,3
15122,920,3
15123,905,3
15124,911,3
15125,906,3
15126,907,3
15127,899,3
15128,898,3
15129,902,3
15130,901,3
15131,897,3
15132,896,3
15133,892,3
15134,885,3
15135,885,3
15136,881,3
15137,880,3
15138,882,3
15139,880,3
15140,871,3
15141,880,3
15142,867,3
15143,870,3
15144,872,3
15145,867,3
15146,870,3
15147,863,3
15148,865,3
15149,859,3
15150,857,3
15151,857,3
15152,854,3
15153,857,3
15154,854,3
15155,849,3
15156,852,3
15157,843,3
15158,842,3
15159,842,3
15160,841,3
15161,844,3
15162,842,3
15163,839,3
15164,831,3
15165,831,3
15166,832,3
15167,828,3
15168,828,3
15169,828,3
15170,832,3
15171,825,3
15172,824,3
15173,818,3
15174,817,3
15175,815,3
15176,814,3
15177,810,3
15178,810,3
15179,808,3
15180,802,3
15181,798,3
15182,799,3
15183,801,3
15184,795,3
15185,790,3
15186,788,3
15187,789,3
15188,784,3
15189,783,3
15190,783,3
15191,781,3
15192,778,3
15193,776,3
15194,776,3
15195,769,3
15196,772,3
15197,775,3
15198,763,3
15199,761,3
15200,761,3
15201,763,3
15202,759,3
15203,760,3
15204,754,3
15205,753,3
15206,754,3
15207,751,3
15208,755,3
15209,753,3
15210,752,3
15211,751,3
15212,747,3
15213,743,3
15214,745,3
15215,742,3
15216,739,3
15217,741,3
15218,737,3
15219,733,3
15220,739,3
15221,739,3
15222,731,3
15223,729,3
15224,730,3
15225,732,3
15226,723,3
15227,719,3
15228,720,3
15229,723,3
15230,716,3
15231,717,3
15232,714,3
15233,710,3
15234,703,3
15235,710,3
15236,708,3
15237,698,3
15238,707,3
15239,699,3
15240,701,3
15241,698,3
15242,698,3
15243,697,3
15244,693,3
15245,692,3
15246,684,2
15247,690,2
15248,691,3
15249,691,3
15250,683,2
15251,684,2
15252,683,2
15253,685,2
15254,682,2
15255,674,2
15256,679,2
15257,672,2
15258,674,2
15259,672,2
15260,676,2
15261,674,2
15262,673,2
15263,670,2
15264,669,2
15265,677,2
15266,676,2
15267,671,2
15268,670,2
15269,665,2
15270,662,2
15271,660,2
15272,657,2
15273,660,2
15274,654,2
15275,653,2
15276,653,2
15277,653,2
15278,651,2
15279,649,2
15280,646,2
15281,652,2
15282,649,2
15283,652,2
15284,648,2
15285,645,2
15286,643,2
15287,644,2
15288,644,2
15289,646,2
15290,641,2
15291,642,2
15292,638,2
15293,640,2
15294,638,2
15295,635,2
15296,635,2
15297,633,2
15298,631,2
15299,634,2
15300,634,2
15301,628,2
15302,633,2
15303,625,2
15304,632,2
15305,624,2
15306,632,2
15307,620,2
15308,631,2
15309,622,2
15310,619,2
15311,622,2
15312,621,2
15313,620,2
15314,623,2
15315,618,2
15316,623,2
15317,615,2
15318,625,2
15319,616,2
15320,614,2
15321,613,2
15322,617,2
15323,616,2
15324,612,2
15325,609,2
15326,614,2
15327,617,2
15328,610,2
15329,608,2
15330,611,2
15331,610,2
15332,606,2
15333,606,2
15334,600,2
15335,601,2
15336,598,2
15337,594,2
15338,601,2
15339,601,2
15340,597,2
15341,592,2
15342,594,2
15343,589,2
15344,588,2
15345,593,2
15346,589,2
15347,584,2
15348,592,2
15349,595,2
15350,586,2
15351,585,2
15352,585,2
15353,589,2
15354,582,2
15355,582,2
15356,586,2
15357,586,2
15358,581,2
15359,575,2
15360,580,2
15361,575,2
15362,582,2
15363,575,2
15364,573,2
15365,574,2
15366,573,2
15367,579,2
15368,569,2
15369,576,2
15370,574,2
15371,568,2
15372,573,2
15373,568,2
15374,570,2
15375,564,2
15376,571,2
15377,565,2
15378,568,2
15379,573,2
15380,566,2
15381,570,2
15382,564,2
15383,560,2
15384,566,2
15385,555,2
15386,565,2
15387,561,2
15388,561,2
15389,553,2
15390,553,2
15391,557,2
15392,555,2
15393,551,2
15394,554,2
15395,553,2
15396,545,2
15397,550,2
15398,549,2
15399,550,2
15400,545,2
15401,543,2
15402,550,2
15403,549,2
15404,542,2
15405,542,2
15406,542,2
15407,546,2
15408,543,2
15409,537,2
15410,542,2
15411,543,2
15412,538,2
15413,540,2
15414,534,2
15415,533,2
15416,535,2
15417,537,2
15418,530,2
15419,534,2
15420,537,2
15421,535,2
15422,536,2
15423,527,2
15424,531,2
15425,534,2
15426,532,2
15427,533,2
15428,529,2
15429,529,2
15430,527,2
15431,528,2
15432,525,2
15433,525,2
15434,526,2
15435,524,2
15436,525,2
15437,524,2
15438,523,2
15439,522,2
15440,523,2
15441,519,2
15442,524,2
15443,522,2
15444,518,2
15445,512,2
15446,515,2
15447,514,2
15448,513,2
15449,514,2
15450,512,2
15451,514,2
15452,517,2
15453,512,2
15454,515,2
15455,513,2
15456,511,2
15457,511,2
15458,505,2
15459,507,2
15460,507,2
15461,506,2
15462,505,2
15463,505,2
15464,506,2
15465,504,2
15466,503,2
15467,502,2
15468,505,2
15469,506,2
15470,502,2
15471,496,2
15472,499,2
15473,502,2
15474,497,2
15475,495,2
15476,499,2
15477,497,2
15478,504,2
15479,495,2
15480,493,2
15481,500,2
15482,489,2
15483,494,2
15484,493,2
15485,494,2
15486,494,2
15487,488,2
15488,491,2
15489,492,2
15490,486,2
15491,483,1
15492,488,2
15493,490,2
15494,486,2
15495,480,1
15496,482,1
15497,484,2
15498,480,1
15499,480,1
15500,485,2
15501,488,2
15502,477,1
15503,485,2
15504,479,1
15505,477,1
15506,477,1
15507,477,1
15508,481,1
15509,475,1
15510,478,1
15511,474,1
15512,471,1
15513,481,1
15514,477,1
15515,476,1
15516,473,1
15517,477,1
15518,476,1
15519,474,1
15520,470,1
15521,470,1
15522,467,1
15523,470,1
15524,470,1
15525,465,1
15526,465,1
15527,465,1
15528,463,1
15529,465,1
15530,466,1
15531,467,1
15532,464,1
15533,459,1
15534,463,1
15535,459,1
15536,458,1
15537,461,1
15538,460,1
15539,459,1
15540,461,1
15541,456,1
15542,458,1
15543,454,1
15544,453,1
15545,457,1
15546,456,1
15547,451,1
15548,449,1
15549,453,1
15550,453,1
15551,451,1
15552,452,1
15553,454,1
15554,450,1
15555,448,1
15556,452,1
15557,450,1
15558,453,1
15559,447,1
15560,451,1
15561,446,1
15562,443,1
15563,446,1
15564,446,1
15565,445,1
15566,443,1
15567,444,1
15568,442,1
15569,445,1
15570,439,1
15571,444,1
15572,440,1
15573,441,1
15574,441,1
15575,446,1
15576,442,1
15577,440,1
15578,441,1
15579,442,1
15580,437,1
15581,435,1
15582,437,1
15583,439,1
15584,437,1
15585,434,1
15586,433,1
15587,437,1
15588,435,1
15589,434,1
15590,435,1
15591,435,1
15592,433,1
15593,428,1
15594,431,1
15595,430,1
15596,433,1
15597,431,1
15598,431,1
15599,433,1
15600,433,1
15601,430,1
15602,430,1
15603,428,1
15604,429,1
15605,426,1
15606,429,1
15607,423,1
15608,426,1
15609,428,1
15610,426,1
15611,425,1
15612,426,1
15613,426,1
15614,422,1
15615,424,1
15616,423,1
15617,424,1
15618,424,1
15619,426,1
15620,419,1
15621,425,1
15622,421,1
15623,425,1
15624,421,1
15625,421,1
15626,416,1
15627,425,1
15628,421,1
15629,420,1
15630,419,1
15631,419,1
15632,412,1
15633,416,1
15634,416,1
15635,413,1
15636,417,1
15637,417,1
15638,415,1
15639,416,1
15640,413,1
15641,414,1
15642,412,1
15643,411,1
15644,416,1
15645,416,1
15646,416,1
15647,415,1
15648,407,1
15649,406,1
15650,412,1
15651,405,1
15652,412,1
15653,411,1
15654,413,1
15655,408,1
15656,404,1
15657,407,1
15658,409,1
15659,410,1
15660,403,1
15661,403,1
15662,403,1
15663,402,1
15664,404,1
15665,408,1
15666,402,1
15667,401,1
15668,402,1
15669,406,1
15670,401,1
15671,400,1
15672,397,1
15673,395,1
15674,396,1
15675,395,1
15676,398,1
15677,397,1
15678,398,1
15679,392,1
15680,398,1
15681,394,1
15682,392,1
15683,396,1
15684,393,1
15685,391,1
15686,392,1
15687,392,1
15688,392,1
15689,394,1
15690,389,1
15691,392,1
15692,392,1
15693,389,1
15694,384,1
15695,386,1
15696,386,1
15697,389,1
15698,384,1
15699,384,1
15700,384,1
15701,380,1
15702,385,1
15703,382,1
15704,380,1
15705,384,1
15706,382,1
15707,382,1
15708,383,1
15709,382,1
15710,379,1
15711,385,1
15712,380,1
15713,384,1
15714,377,1
15715,379,1
15716,378,1
15717,381,1
15718,376,1
15719,381,1
15720,379,1
15721,380,1
15722,378,1
15723,374,1
15724,378,1
15725,377,1
15726,382,1
15727,375,1
15728,379,1
15729,380,1
15730,372,1
15731,374,1
15732,374,1
15733,374,1
15734,374,1
15735,374,1
15736,374,1
15737,373,1
15738,373,1
15739,371,1
15740,374,1
15741,368,0
15742,368,0
15743,374,1
15744,376,1
15745,365,0
15746,369,1
15747,366,0
15748,366,0
15749,368,0
15750,373,1
15751,374,1
15752,365,0
15753,370,1
15754,367,0
15755,369,1
15756,366,0
15757,366,0
15758,368,0
15759,364,0
15760,368,0
15761,370,1
15762,363,0
15763,364,0
15764,363,0
15765,366,0
15766,363,0
15767,361,0
15768,365,0
15769,362,0
15770,367,0
15771,362,0
15772,361,0
15773,362,0
15774,364,0
15775,357,0
15776,361,0
15777,360,0
15778,360,0
15779,363,0
15780,360,0
15781,361,0
15782,361,0
15783,358,0
15784,357,0
15785,354,0
15786,353,0
15787,358,0
15788,351,0
15789,349,0
15790,357,0
15791,353,0
15792,348,0
15793,356,0
15794,357,0
15795,350,0
15796,348,0
15797,352,0
15798,349,0
15799,353,0
15800,353,0
15801,349,0
15802,346,0
15803,345,0
15804,349,0
15805,344,0
15806,349,0
15807,350,0
15808,349,0
15809,349,0
15810,350,0
15811,349,0
15812,347,0
15813,346,0
15814,347,0
15815,347,0
15816,342,0
15817,342,0
15818,342,0
15819,342,0
15820,344,0
15821,342,0
15822,345,0
15823,345,0
15824,341,0
15825,336,0
15826,342,0
15827,335,0
15828,334,0
15829,337,0
15830,337,0
15831,334,0
15832,342,0
15833,334,0
15834,338,0
15835,332,0
15836,338,0
15837,334,0
15838,331,0
15839,342,0
15840,339,0
15841,336,0
15842,333,0
15843,333,0
15844,335,0
15845,335,0
15846,338,0
15847,330,0
15848,331,0
15849,331,0
15850,332,0
15851,333,0
15852,329,0
15853,329,0
15854,335,0
15855,335,0
15856,328,0
15857,336,0
15858,335,0
15859,333,0
15860,329,0
15861,331,0
15862,335,0
15863,329,0
15864,324,0
15865,328,0
15866,330,0
15867,323,0
15868,329,0
15869,324,0
15870,330,0
15871,332,0
15872,327,0
15873,330,0
15874,327,0
15875,322,0
15876,322,0
15877,322,0
15878,319,0
15879,317,0
15880,325,0
15881,324,0
15882,321,0
15883,323,0
15884,323,0
15885,322,0
15886,325,0
15887,321,0
15888,323,0
15889,323,0
15890,325,0
15891,320,0
15892,319,0
15893,319,0
15894,318,0
15895,314,0
15896,319,0
15897,318,0
15898,322,0
15899,317,0
15900,320,0
15901,318,0
15902,315,0
15903,318,0
15904,315,0
15905,321,0
15906,312,0
15907,314,0
15908,313,0
15909,315,0
15910,319,0
15911,314,0
15912,316,0
15913,311,0
15914,313,0
15915,309,0
15916,319,0
15917,308,0
15918,314,0
15919,311,0
15920,312,0
15921,312,0
15922,310,0
15923,309,0
15924,311,0
15925,313,0
15926,311,0
15927,310,0
15928,312,0
15929,315,0
15930,304,0
15931,312,0
15932,304,0
15933,311,0
15934,313,0
15935,313,0
15936,310,0
15937,308,0
15938,309,0
15939,312,0
15940,312,0
15941,307,0
15942,305,0
15943,302,0
15944,307,0
15945,308,0
15946,305,0
15947,305,0
15948,300,0
15949,303,0
15950,311,0
15951,303,0
15952,307,0
15953,303,0
15954,304,0
15955,303,0
15956,301,0
15957,302,0
15958,308,0
15959,304,0
15960,301,0
15961,306,0
15962,302,0
15963,303,0
15964,303,0
15965,300,0
15966,300,0
15967,302,0
15968,305,0
15969,295,0
15970,300,0
15971,301,0
15972,299,0
15973,296,0
15974,300,0
15975,303,0
15976,297,0
15977,297,0
15978,299,0
15979,299,0
15980,298,0
15981,301,0
15982,299,0
15983,297,0
15984,301,0
15985,292,0
15986,295,0
15987,295,0
15988,292,0
15989,300,0
15990,294,0
15991,292,0
15992,293,0
15993,297,0
15994,296,0
15995,294,0
15996,295,0
15997,290,0
